customer_id,subscription_id,product_id,phone_number,customer_name,gender,age_group,city,region,customer_segment,subscription_start_date,subscription_status,plan_type,contract_type,product_name,product_category,monthly_price,data_usage_mb,voice_minutes,sms_count,monthly_bill,payment_method,network_type,average_signal_strength_dbm,complaints_count,service_rating
CUST00001,SUB00001,PROD002,2348043756984,Customer 1,male,18-25,Kano,North West,premium ,2024-05-16,cancelled,Postpaid,monthly,Nova Unlimited Voice,Voice,12000,2146,,233,12000,,4g,,,5.0
CUST00002,SUB00002,PROD004,2348095683063,Customer 2,,26-35,Port Harcourt,North Central,,2022-10-23,active,post paid,monthly,Nova SME Connect,Business,35000,,3162.0,291,35000,Card,3G,-77.0,0.0,3.0
CUST00003,SUB00003,PROD005,2348073190044,Customer 3,F,,Lagos,North West,Standard,2023-05-09,Cancelled,post paid,No contract,Nova Starter,Bundle,8000,45000MB,3030.0,416,,Bank Transfer,4g,-78.0,1.0,
CUST00004,SUB00004,PROD003,2348086724807,Customer 4,m ,36-45,LAGOS,South West,Standard,2021-05-02,cancelled,Prepaid,Annual,Nova Hybrid Plus,Bundle,18000,45000MB,,5,,Cash,4G,,2.0,1.0
CUST00005,SUB00005,PROD002,2348073126385,Customer 5,FEMALE,26-35, Abuja ,South East,Corporate,2025-03-12,Suspended,Prepaid,monthly,Nova Unlimited Voice,Voice,12000,,,510,12000,CARD,5G,-999.0,5.0,4.0
CUST00006,SUB00006,PROD005,2348096853577,Customer 6,Male,26-35, Abuja ,South South,Premium,2022-04-16,Cancelled,Postpaid,No contract,Nova Starter,Bundle,8000,,,120,,CARD,LTE,-82.0,2.0,2.0
CUST00007,SUB00007,PROD001,2348084767006,Customer 7,male,26-35,Abuja,North Central,Premium,2024-04-23,cancelled,Prepaid,ANNUAL,Nova Premium 5G,Data,25000,75753,,355,,USSD,4g,,,5.0
CUST00008,SUB00008,PROD004,2348059449170,Customer 8,Male,18-25,Ibadan,North Central,Basic,2021-08-15,,POSTPAID,monthly,Nova SME Connect,Business,35000,,,202,,Bank Transfer,5G,,5.0,4.0
CUST00009,SUB00009,PROD004,2348092507943,Customer 9,MALE,36-45,Port Harcourt,South South,Corporate,2021-12-21,Active,Prepaid,monthly,Nova SME Connect,Business,35000,45000MB,2009.0,587,35000,CARD,3G,-999.0,2.0,3.0
CUST00010,SUB00010,PROD001,2348081845755,Customer 10,male,26-35,Ibadan,North Central,premium ,2022-05-17,ACTIVE,Postpaid,Annual,Nova Premium 5G,Data,25000,,,395,25000,bank transfer,3G,-999.0,5.0,2.0
CUST00011,SUB00011,PROD002,2348065683986,Customer 11,Male,26-35,Ibadan,South West,,2021-10-16,active,prepaid,Annual,Nova Unlimited Voice,Voice,12000,,,566,,Card,5G,-999.0,1.0,1.0
CUST00012,SUB00012,PROD003,2348018902605,Customer 12,Unknown,60+, Abuja ,North Central,Premium,2023-09-27,,Postpaid,No contract,Nova Hybrid Plus,Bundle,18000,45000MB,,121,18000,CARD,5G,,1.0,
CUST00013,SUB00013,PROD002,2348073863078,Customer 13,Male,26-35,lagos,South South,,2024-07-01,Active,post paid,monthly,Nova Unlimited Voice,Voice,12000,,,497,12000,USSD,4g,-999.0,2.0,4.0
CUST00014,SUB00014,PROD005,2348076933079,Customer 14,M,26-35,Lagos,North West,,2021-07-17,Cancelled,prepaid,No contract,Nova Starter,Bundle,8000,45000MB,,675,8000,Bank Transfer,4G,-73.0,0.0,
CUST00015,SUB00015,PROD003,2348047341936,Customer 15,,,Kano,South East,Basic,2023-02-14,active,prepaid,ANNUAL,Nova Hybrid Plus,Bundle,18000,45000MB,,647,,,3G,-96.0,,5.0
CUST00016,SUB00016,PROD001,2348045559897,Customer 16,,36-45,Kano,North Central,Corporate,2024-05-30,Suspended,POSTPAID,Annual,Nova Premium 5G,Data,25000,,,764,25000,USSD,5G,,2.0,
CUST00017,SUB00017,PROD001,2348012376826,Customer 17,Female,18-25,Ibadan,South South,,2024-04-29,Cancelled,prepaid,No contract,Nova Premium 5G,Data,25000,,,325,,bank transfer,5G,,2.0,5.0
CUST00018,SUB00018,PROD001,2348062956855,Customer 18,,46-60,Lagos,North West,STANDARD,2023-01-04,cancelled,prepaid,monthly,Nova Premium 5G,Data,25000,63520,,192,25000,USSD,LTE,,1.0,4.0
CUST00019,SUB00019,PROD004,2348089318272,Customer 19,Female,18-25,portharcourt,South South,Corporate,2022-07-14,Active,POSTPAID,Monthly,Nova SME Connect,Business,35000,45000MB,151.0,154,35000,,5G,,5.0,4.0
CUST00020,SUB00020,PROD002,2348033886381, Customer 20 ,Male,26-35,LAGOS,South South,Corporate,2021-12-28,active,POSTPAID,Monthly,Nova Unlimited Voice,Voice,12000,30339,2789.0,469,12000,USSD,4g,-999.0,1.0,
CUST00021,SUB00021,PROD005,2348046917058,Customer 21,Female,26-35,portharcourt,South South,STANDARD,2023-02-18,cancelled,POSTPAID,Monthly,Nova Starter,Bundle,8000,,,331,8000,,4g,-999.0,2.0,2.0
CUST00022,SUB00022,PROD001,2348077883608,Customer 22,female,,Port Harcourt,South East,STANDARD,2021-08-18,Suspended,prepaid,No contract,Nova Premium 5G,Data,25000,69372,,722,,Cash,,-999.0,,1.0
CUST00023,SUB00023,PROD005,2348092895880,Customer 23,Female,60+,Ibadan,South South,Premium,2021-04-02,cancelled,post paid,Annual,Nova Starter,Bundle,8000,,915.0,221,,CARD,4g,,5.0,3.0
CUST00024,SUB00024,PROD001,2348053684139,Customer 24,Female,26-35,Port Harcourt,South South,STANDARD,2023-05-04,Cancelled,post paid,No contract,Nova Premium 5G,Data,25000,42245,,598,,bank transfer,LTE,-51.0,,3.0
CUST00025,SUB00025,PROD005,2348061697071,Customer 25,,60+,Ibadan,South West,Standard,08/07/2022,active,Postpaid,ANNUAL,Nova Starter,Bundle,8000,45000MB,,57,8000,USSD,5G,,5.0,5.0
CUST00026,SUB00026,PROD004,2348039566873,Customer 26,m ,18-25,LAGOS,South West,Corporate,2024-02-12,Active,prepaid,Annual,Nova SME Connect,Business,35000,,1340.0,269,,Cash,4G,-96.0,1.0,1.0
CUST00027,SUB00027,PROD001,2348079335381,Customer 27,M,36-45,Lagos,North Central,Premium,2021-06-04,Cancelled,post paid,Monthly,Nova Premium 5G,Data,25000,,,269,25000,,4G,,2.0,4.0
CUST00028,SUB00028,PROD004,2348012798044,Customer 28,Male,,Lagos,North West,Premium,2022-03-11,,post paid,Monthly,Nova SME Connect,Business,35000,,1351.0,525,,Card,5G,-999.0,5.0,1.0
CUST00029,SUB00029,PROD004,2348052013568,Customer 29,Female,60+,Kano,South East,Premium,2024-02-17,cancelled,post paid,ANNUAL,Nova SME Connect,Business,35000,24328,604.0,411,,Card,4g,,0.0,1.0
CUST00030,SUB00030,PROD004,2348026052409,Customer 30,Female,26-35,Enugu,South South,premium ,2021-10-17,Cancelled,post paid,Annual,Nova SME Connect,Business,35000,45000MB,,154,,USSD,4G,-82.0,5.0,1.0
CUST00031,SUB00031,PROD005,2348077578099,Customer 31,Female,,lagos,South West,STANDARD,2023-12-30,,Prepaid,monthly,Nova Starter,Bundle,8000,21494,3282.0,432,8000,Card,LTE,-55.0,,3.0
CUST00032,SUB00032,PROD001,2348080730444,Customer 32,Male,60+,,South East,STANDARD,2022-04-04,Active,Postpaid,Annual,Nova Premium 5G,Data,25000,45000MB,,178,25000,Bank Transfer,5G,-74.0,5.0,4.0
CUST00033,SUB00033,PROD005,2348013309675,Customer 33,Female,60+,Ibadan,South East,STANDARD,2021-05-19,ACTIVE,prepaid,Monthly,Nova Starter,Bundle,8000,45000MB,,104,8000,bank transfer,3G,,0.0,1.0
CUST00034,SUB00034,PROD004,2348084136054,Customer 34,Female,46-60,LAGOS,South East,premium ,2022-08-27,active,POSTPAID,Monthly,Nova SME Connect,Business,35000,,,497,,CARD,LTE,-84.0,0.0,5.0
CUST00035,SUB00035,PROD005,2348043953623,Customer 35,F,26-35,Ibadan,North West,,2022-02-26,cancelled,post paid,ANNUAL,Nova Starter,Bundle,8000,46909,512.0,626,8000,USSD,LTE,-108.0,,
CUST00036,SUB00036,PROD004,2348025659798,Customer 36,,,lagos,South South,premium ,2024-07-13,cancelled,Prepaid,Annual,Nova SME Connect,Business,35000,45000MB,1685.0,432,35000,,,-58.0,5.0,2.0
CUST00037,SUB00037,PROD002,2348051837279,Customer 37,M,,Enugu,South West,STANDARD,2025-06-11,Cancelled,prepaid,Monthly,Nova Unlimited Voice,Voice,12000,45000MB,,447,,USSD,4G,-999.0,1.0,4.0
CUST00038,SUB00038,PROD002,2348086168244,Customer 38,male,46-60, Abuja ,North West,Premium,2021-06-13,ACTIVE,prepaid,Annual,Nova Unlimited Voice,Voice,12000,,,329,12000,CARD,3G,-77.0,,3.0
CUST00039,SUB00039,PROD004,2348075898404,Customer 39,M,36-45,Kano,North West,Standard,2023-11-02,Active,Prepaid,No contract,Nova SME Connect,Business,35000,,2245.0,414,35000,Bank Transfer,4g,-999.0,0.0,5.0
CUST00040,SUB00040,PROD005,2348032768859, Customer 40 ,Female,18-25,Port Harcourt,South East,Premium,2024-01-13,Cancelled,post paid,Monthly,Nova Starter,Bundle,8000,38236,,179,,Bank Transfer,LTE,,5.0,5.0
CUST00041,SUB00041,PROD005,2348041206740,Customer 41,M,,Kano,North West,Standard,2024-12-15,active,prepaid,ANNUAL,Nova Starter,Bundle,8000,,,511,,Card,4g,-999.0,0.0,3.0
CUST00042,SUB00042,PROD002,2348059560462,Customer 42,,46-60,Enugu,South West,STANDARD,2021-05-16,,Postpaid,Monthly,Nova Unlimited Voice,Voice,12000,,3757.0,30,12000,Bank Transfer,4g,-93.0,2.0,
CUST00043,SUB00043,PROD002,2348064124160,Customer 43,female,,portharcourt,South East,premium ,2021-05-22,Suspended,prepaid,monthly,Nova Unlimited Voice,Voice,12000,45000MB,,221,12000,CARD,4g,,0.0,2.0
CUST00044,SUB00044,PROD001,2348098193111,Customer 44,F,36-45,Port Harcourt,North Central,Basic,2024-03-31,Active,Postpaid,No contract,Nova Premium 5G,Data,25000,,,476,,bank transfer,LTE,-77.0,2.0,5.0
CUST00045,SUB00045,PROD003,2348077624516,Customer 45,Female,36-45,Ibadan,North Central,Standard,2023-01-23,active,Postpaid,Annual,Nova Hybrid Plus,Bundle,18000,,,13,,bank transfer,5G,-57.0,2.0,5.0
CUST00046,SUB00046,PROD003,2348068517061,Customer 46,Female,18-25,Lagos,South East,Standard,2023-04-15,active,prepaid,No contract,Nova Hybrid Plus,Bundle,18000,45000MB,789.0,357,,bank transfer,,-999.0,2.0,
CUST00047,SUB00047,PROD004,2348034204705,Customer 47,,18-25,lagos,South South,Corporate,2022-02-17,active,Prepaid,Annual,Nova SME Connect,Business,35000,45000MB,,144,35000,,5G,-59.0,,5.0
CUST00048,SUB00048,PROD003,2348030488957,Customer 48,Male,26-35,Enugu,South South,premium ,2025-08-25,Actv,Postpaid,Monthly,Nova Hybrid Plus,Bundle,18000,46164,2916.0,721,18000,,4g,,2.0,2.0
CUST00049,SUB00049,PROD002,2348069232590,Customer 49,Unknown,,Ibadan,North Central,Standard,2022-06-14,Suspended,post paid,monthly,Nova Unlimited Voice,Voice,12000,,2065.0,526,12000,CARD,,-999.0,5.0,5.0
CUST00050,SUB00050,PROD004,2348039096131,Customer 50,M,60+,portharcourt,North West,STANDARD,13/08/2022,SUSPENDED,Prepaid,No contract,Nova SME Connect,Business,35000,,61.0,91,,CARD,5G,-999.0,1.0,1.0
CUST00051,SUB00051,PROD002,2348093501747,Customer 51,F,36-45, Abuja ,South West,STANDARD,2021-09-02,Suspended,prepaid,monthly,Nova Unlimited Voice,Voice,12000,45000MB,273.0,775,,bank transfer,,,,5.0
CUST00052,SUB00052,PROD003,2348085373658,Customer 52,male,26-35,Ibadan,North West,Corporate,2021-03-26,Cancelled,post paid,ANNUAL,Nova Hybrid Plus,Bundle,18000,45000MB,3012.0,689,18000,CARD,4G,-92.0,2.0,5.0
CUST00053,SUB00053,PROD003,2348037469723,Customer 53,Female,36-45,Enugu,North Central,STANDARD,2023-03-26,Cancelled,Prepaid,Monthly,Nova Hybrid Plus,Bundle,18000,,1345.0,52,18000,USSD,LTE,,,1.0
CUST00054,SUB00054,PROD001,2348051622185,Customer 54, f,60+,LAGOS,South East,STANDARD,2025-06-11,SUSPENDED,Postpaid,Annual,Nova Premium 5G,Data,25000,78225,1183.0,487,25000,Card,,-999.0,1.0,5.0
CUST00055,SUB00055,PROD002,2348077717284,Customer 55,Male,46-60,Port Harcourt,North West,Standard,2021-07-30,active,prepaid,No contract,Nova Unlimited Voice,Voice,12000,58071,,793,,Cash,4g,-79.0,0.0,
CUST00056,SUB00056,PROD005,2348028381765,Customer 56,M,60+, Abuja ,South West,Premium,2022-10-03,Active,prepaid,Annual,Nova Starter,Bundle,8000,87707,,206,8000,CARD,4g,-999.0,0.0,3.0
CUST00057,SUB00057,PROD002,2348057361541,Customer 57,m ,36-45,Ibadan,South South,,2024-03-22,cancelled,Prepaid,No contract,Nova Unlimited Voice,Voice,12000,45000MB,2963.0,195,,bank transfer,4G,-999.0,2.0,4.0
CUST00058,SUB00058,PROD003,2348073951073,Customer 58,Female,36-45,Enugu,South South,premium ,2023-10-30,SUSPENDED,POSTPAID,monthly,Nova Hybrid Plus,Bundle,18000,,,300,18000,Cash,3G,-999.0,2.0,4.0
CUST00059,SUB00059,PROD004,2348084108187,Customer 59,Female,46-60,LAGOS,South East,Standard,2024-11-25,,prepaid,Monthly,Nova SME Connect,Business,35000,45000MB,,363,35000,Bank Transfer,,-999.0,,5.0
CUST00060,SUB00060,PROD001,2348077397012, Customer 60 ,,60+,LAGOS,North West,Standard,2024-01-21,SUSPENDED,POSTPAID,monthly,Nova Premium 5G,Data,25000,45000MB,622.0,230,,,,,2.0,5.0
CUST00061,SUB00061,PROD003,2348070707803,Customer 61,M,26-35,LAGOS,North West,,2022-08-23,cancelled,Prepaid,Annual,Nova Hybrid Plus,Bundle,18000,,3950.0,696,,bank transfer,4G,-999.0,1.0,4.0
CUST00062,SUB00062,PROD003,2348084031931,Customer 62,Female,60+,Enugu,North West,Corporate,2021-01-19,SUSPENDED,Postpaid,Annual,Nova Hybrid Plus,Bundle,18000,,,98,,Bank Transfer,5G,,,3.0
CUST00063,SUB00063,PROD001,2348034750273,Customer 63,m ,,Kano,South West,Premium,2021-03-03,Suspended,Prepaid,ANNUAL,Nova Premium 5G,Data,25000,,3023.0,469,25000,CARD,4G,-999.0,0.0,1.0
CUST00064,SUB00064,PROD004,2348066398132,Customer 64,Male,36-45,lagos,North West,,2024-12-27,ACTIVE,post paid,No contract,Nova SME Connect,Business,35000,,,760,35000,,,,0.0,3.0
CUST00065,SUB00065,PROD004,2348065823075,Customer 65,Female,, Abuja ,South West,Corporate,2024-08-13,Suspended,Prepaid,ANNUAL,Nova SME Connect,Business,35000,5372,2542.0,519,,Cash,3G,,,
CUST00066,SUB00066,PROD001,2348072407089,Customer 66,Male,18-25,Kano,South West,,2023-07-21,,Prepaid,ANNUAL,Nova Premium 5G,Data,25000,,3593.0,106,,bank transfer,,-95.0,2.0,2.0
CUST00067,SUB00067,PROD005,2348092230528,Customer 67,,26-35, Abuja ,South West,Premium,2022-12-31,Suspended,post paid,monthly,Nova Starter,Bundle,8000,,3518.0,93,,bank transfer,4G,,,4.0
CUST00068,SUB00068,PROD003,2348031343766,Customer 68,Male,60+,Port Harcourt,North Central,Premium,2024-01-21,ACTIVE,POSTPAID,Monthly,Nova Hybrid Plus,Bundle,18000,45000MB,,447,,Card,5G,,2.0,3.0
CUST00069,SUB00069,PROD001,2348033328776,Customer 69,M,60+,lagos,North West,Premium,2023-01-10,SUSPENDED,Postpaid,ANNUAL,Nova Premium 5G,Data,25000,24988,,411,,Card,,,0.0,3.0
CUST00070,SUB00070,PROD003,2348049928996,Customer 70,F,, Abuja ,North West,Basic,2022-12-05,Cancelled,Postpaid,ANNUAL,Nova Hybrid Plus,Bundle,18000,45000MB,,789,18000,bank transfer,4G,-93.0,1.0,2.0
CUST00071,SUB00071,PROD002,2348038368507,Customer 71,Female,46-60,Lagos,South South,Basic,2021-12-22,cancelled,POSTPAID,No contract,Nova Unlimited Voice,Voice,12000,,3032.0,382,12000,CARD,4g,-53.0,,3.0
CUST00072,SUB00072,PROD005,2348073157718,Customer 72,Male,,,South West,Corporate,2021-04-03,ACTIVE,POSTPAID,Annual,Nova Starter,Bundle,8000,,43.0,301,8000,,4G,-96.0,1.0,1.0
CUST00073,SUB00073,PROD003,2348013423164,Customer 73,MALE,26-35,Kano,South East,premium ,2024-07-20,Cancelled,Postpaid,ANNUAL,Nova Hybrid Plus,Bundle,18000,88888,2101.0,584,18000,CARD,,-999.0,1.0,1.0
CUST00074,SUB00074,PROD002,2348078571458,Customer 74,Female,,Port Harcourt,North West,Standard,2024-12-04,Active,Prepaid,monthly,Nova Unlimited Voice,Voice,12000,45000MB,1105.0,239,,Bank Transfer,,-999.0,5.0,2.0
CUST00075,SUB00075,PROD001,2348061521018,Customer 75,male,,Lagos,South South,Standard,30/08/2025,ACTIVE,Postpaid,No contract,Nova Premium 5G,Data,25000,45000MB,,478,25000,,3G,,0.0,3.0
CUST00076,SUB00076,PROD001,2348082886866,Customer 76,F,26-35,Enugu,South East,Basic,2021-06-20,Active,prepaid,Monthly,Nova Premium 5G,Data,25000,76613,3927.0,104,25000,CARD,LTE,-98.0,,4.0
CUST00077,SUB00077,PROD001,2348025321030,Customer 77,Female,18-25,LAGOS,South East,premium ,2025-11-05,cancelled,prepaid,No contract,Nova Premium 5G,Data,25000,,3612.0,223,,Cash,4g,-999.0,1.0,
CUST00078,SUB00078,PROD002,2348086010610,Customer 78,Male,26-35,Abuja,South West,Corporate,2024-10-05,Suspended,prepaid,ANNUAL,Nova Unlimited Voice,Voice,12000,45003,,516,,USSD,5G,-96.0,1.0,5.0
CUST00079,SUB00079,PROD001,2348019674359,Customer 79, f,,Enugu,North West,Standard,2022-06-27,Active,prepaid,Annual,Nova Premium 5G,Data,25000,2281,513.0,541,25000,Bank Transfer,4g,-999.0,2.0,3.0
CUST00080,SUB00080,PROD005,2348035735509, Customer 80 ,,18-25,Kano,South South,Corporate,2022-06-14,Suspended,Postpaid,Annual,Nova Starter,Bundle,8000,,,641,,Cash,5G,-999.0,5.0,4.0
CUST00081,SUB00081,PROD005,2348078933499,Customer 81,male,46-60,Kano,South East,premium ,2024-03-24,Active,Prepaid,Annual,Nova Starter,Bundle,8000,45000MB,1431.0,184,,Cash,4g,-71.0,2.0,
CUST00082,SUB00082,PROD003,2348087703474,Customer 82,Female,,Lagos,North West,Standard,2022-02-10,Cancelled,POSTPAID,No contract,Nova Hybrid Plus,Bundle,18000,45000MB,300.0,75,,Cash,3G,-59.0,5.0,4.0
CUST00083,SUB00083,PROD005,2348030025183,Customer 83,Female,,Enugu,South South,,2021-02-22,active,prepaid,monthly,Nova Starter,Bundle,8000,45000MB,2685.0,618,8000,bank transfer,,-94.0,2.0,3.0
CUST00084,SUB00084,PROD001,2348079827042,Customer 84,M,18-25,Enugu,South West,Basic,2025-08-19,,Postpaid,No contract,Nova Premium 5G,Data,25000,25135,,586,25000,USSD,3G,,0.0,4.0
CUST00085,SUB00085,PROD002,2348090308993,Customer 85,Female,18-25,portharcourt,North West,STANDARD,2023-10-26,active,POSTPAID,Monthly,Nova Unlimited Voice,Voice,12000,43033,,497,12000,USSD,3G,,1.0,5.0
CUST00086,SUB00086,PROD005,2348087637622,Customer 86,Male,18-25,,North West,STANDARD,2024-04-08,active,prepaid,ANNUAL,Nova Starter,Bundle,8000,45000MB,,781,8000,CARD,4g,-70.0,0.0,2.0
CUST00087,SUB00087,PROD004,2348092057454,Customer 87,FEMALE,46-60,Enugu,North West,Standard,2024-03-06,Active,Prepaid,monthly,Nova SME Connect,Business,35000,,997.0,25,35000,CARD,5G,,5.0,5.0
CUST00088,SUB00088,PROD001,2348014342559,Customer 88,FEMALE,46-60,Kano,South East,STANDARD,2025-11-17,Cancelled,POSTPAID,ANNUAL,Nova Premium 5G,Data,25000,38066,512.0,290,25000,,4g,-59.0,5.0,4.0
CUST00089,SUB00089,PROD003,2348062370301,Customer 89,Male,18-25,LAGOS,North Central,Basic,2023-09-02,Cancelled,post paid,No contract,Nova Hybrid Plus,Bundle,18000,16882,1369.0,745,18000,,LTE,-107.0,2.0,2.0
CUST00090,SUB00090,PROD004,2348021921829,Customer 90,male,36-45,Port Harcourt,South West,Premium,2021-04-23,active,Prepaid,Monthly,Nova SME Connect,Business,35000,45000MB,,320,35000,bank transfer,5G,-999.0,2.0,3.0
CUST00091,SUB00091,PROD001,2348056192744,Customer 91,FEMALE,26-35,Port Harcourt,South East,Standard,2023-02-20,Cancelled,Postpaid,monthly,Nova Premium 5G,Data,25000,,927.0,122,25000,USSD,4g,-104.0,0.0,4.0
CUST00092,SUB00092,PROD003,2348081386205,Customer 92,Male,46-60,Enugu,South South,,2025-06-29,Cancelled,POSTPAID,Annual,Nova Hybrid Plus,Bundle,18000,69609,,500,18000,Card,,-97.0,0.0,1.0
CUST00093,SUB00093,PROD005,2348084610060,Customer 93,Female,18-25,Kano,South East,Corporate,2023-09-17,,POSTPAID,No contract,Nova Starter,Bundle,8000,,,17,8000,Card,,-999.0,5.0,4.0
CUST00094,SUB00094,PROD004,2348064803289,Customer 94,female,,Ibadan,South East,STANDARD,2022-05-24,Cancelled,Postpaid,ANNUAL,Nova SME Connect,Business,35000,37405,,484,35000,Bank Transfer,5G,-79.0,2.0,1.0
CUST00095,SUB00095,PROD002,2348057054930,Customer 95,Male,26-35,,South South,Premium,2023-01-29,Active,prepaid,Annual,Nova Unlimited Voice,Voice,12000,53757,316.0,382,12000,,4G,-82.0,5.0,5.0
CUST00096,SUB00096,PROD004,2348044092162,Customer 96,Male,,,North West,Premium,2021-04-22,,Prepaid,ANNUAL,Nova SME Connect,Business,35000,45000MB,,171,35000,Bank Transfer,4g,-999.0,2.0,3.0
CUST00097,SUB00097,PROD001,2348077388684,Customer 97,F,36-45,Abuja,South West,STANDARD,2025-06-29,Cancelled,POSTPAID,monthly,Nova Premium 5G,Data,25000,16605,,147,,Bank Transfer,3G,-999.0,,
CUST00098,SUB00098,PROD003,2348065583022,Customer 98,Female,36-45,Abuja,North West,Corporate,2021-08-26,Cancelled,Postpaid,Annual,Nova Hybrid Plus,Bundle,18000,45000MB,,357,,Bank Transfer,3G,-999.0,2.0,
CUST00099,SUB00099,PROD004,2348010916875,Customer 99,Female,36-45,Enugu,North Central,Corporate,2025-01-27,cancelled,POSTPAID,ANNUAL,Nova SME Connect,Business,35000,45000MB,,648,35000,,3G,-999.0,2.0,5.0
CUST00100,SUB00100,PROD002,2348037369356, Customer 100 ,Male,26-35,Lagos,North West,Premium,22/12/2023,SUSPENDED,prepaid,ANNUAL,Nova Unlimited Voice,Voice,12000,45000MB,2029.0,591,12000,Cash,3G,,,3.0
CUST00101,SUB00101,PROD002,2348014769471,Customer 101,,,Port Harcourt,South South,Standard,2022-08-13,Active,prepaid,ANNUAL,Nova Unlimited Voice,Voice,12000,45000MB,,503,12000,Bank Transfer,5G,,0.0,4.0
CUST00102,SUB00102,PROD001,2348079469298,Customer 102,Female,60+,,North Central,Standard,2025-03-02,Active,prepaid,monthly,Nova Premium 5G,Data,25000,45000MB,2713.0,582,25000,CARD,5G,,,2.0
CUST00103,SUB00103,PROD003,2348050451921,Customer 103,M,60+, Abuja ,North West,premium ,2023-07-13,Active,Postpaid,ANNUAL,Nova Hybrid Plus,Bundle,18000,45000MB,21.0,310,18000,USSD,,-70.0,0.0,4.0
CUST00104,SUB00104,PROD005,2348085941981,Customer 104,,18-25,lagos,North Central,Basic,2022-12-28,Active,prepaid,Annual,Nova Starter,Bundle,8000,45000MB,2656.0,779,,Card,,-85.0,5.0,1.0
CUST00105,SUB00105,PROD001,2348038746483,Customer 105,Female,,Ibadan,North Central,Corporate,2021-10-04,,Prepaid,monthly,Nova Premium 5G,Data,25000,45000MB,,466,25000,USSD,LTE,,2.0,2.0
CUST00106,SUB00106,PROD002,2348042322977,Customer 106, f,26-35,Enugu,North West,,2024-02-02,active,Prepaid,Annual,Nova Unlimited Voice,Voice,12000,45000MB,,432,12000,CARD,LTE,-87.0,1.0,5.0
CUST00107,SUB00107,PROD002,2348020568052,Customer 107,Female,36-45,Port Harcourt,North Central,premium ,2021-11-24,ACTIVE,POSTPAID,Monthly,Nova Unlimited Voice,Voice,12000,,,420,,,LTE,-999.0,1.0,3.0
CUST00108,SUB00108,PROD001,2348045766996,Customer 108,Female,26-35,Ibadan,South South,premium ,2025-01-08,SUSPENDED,Prepaid,No contract,Nova Premium 5G,Data,25000,45000MB,991.0,700,,CARD,,-60.0,5.0,
CUST00109,SUB00109,PROD004,2348020297812,Customer 109,Male,18-25,Ibadan,South East,Corporate,2024-12-01,SUSPENDED,Prepaid,Annual,Nova SME Connect,Business,35000,,2845.0,635,35000,Cash,LTE,-89.0,2.0,5.0
CUST00110,SUB00110,PROD005,2348048488332,Customer 110,Female,, Abuja ,South West,Corporate,2025-05-23,active,prepaid,ANNUAL,Nova Starter,Bundle,8000,45000MB,1805.0,500,8000,bank transfer,4G,-56.0,5.0,3.0
CUST00111,SUB00111,PROD001,2348080811337,Customer 111,female,36-45,Enugu,South West,Premium,2021-06-04,,Prepaid,monthly,Nova Premium 5G,Data,25000,45000MB,,251,,USSD,5G,,5.0,2.0
CUST00112,SUB00112,PROD001,2348061144409,Customer 112,M,60+, Abuja ,North West,,2022-03-25,active,POSTPAID,Annual,Nova Premium 5G,Data,25000,,323.0,389,25000,USSD,4G,,5.0,5.0
CUST00113,SUB00113,PROD003,2348047693059,Customer 113,F,18-25,lagos,South South,Premium,2022-09-10,Active,prepaid,No contract,Nova Hybrid Plus,Bundle,18000,,,779,18000,Cash,3G,-999.0,2.0,5.0
CUST00114,SUB00114,PROD004,2348034291701,Customer 114,Female,46-60,Ibadan,South East,,2023-12-11,Cancelled,Postpaid,Monthly,Nova SME Connect,Business,35000,45000MB,,474,,Bank Transfer,5G,-78.0,0.0,
CUST00115,SUB00115,PROD003,2348096008725,Customer 115,F,46-60, Abuja ,South South,Premium,2021-11-23,Active,Prepaid,No contract,Nova Hybrid Plus,Bundle,18000,45000MB,1924.0,240,,bank transfer,LTE,-64.0,,
CUST00116,SUB00116,PROD001,2348063086945,Customer 116,F,60+,Ibadan,North Central,,2025-03-05,Cancelled,post paid,monthly,Nova Premium 5G,Data,25000,,,392,,bank transfer,5G,-999.0,2.0,3.0
CUST00117,SUB00117,PROD001,2348078394298,Customer 117,male,,Lagos,South East,Premium,2022-10-31,active,Postpaid,monthly,Nova Premium 5G,Data,25000,80389,,207,25000,,4g,-999.0,1.0,2.0
CUST00118,SUB00118,PROD003,2348071313279,Customer 118,Male,36-45,portharcourt,South South,Basic,2023-03-19,Cancelled,prepaid,No contract,Nova Hybrid Plus,Bundle,18000,12303,,669,18000,USSD,4g,,2.0,4.0
CUST00119,SUB00119,PROD002,2348048737682,Customer 119,Male,46-60,LAGOS,North West,Basic,2025-05-11,Suspended,Postpaid,ANNUAL,Nova Unlimited Voice,Voice,12000,45000MB,1219.0,649,12000,Card,3G,-90.0,5.0,5.0
CUST00120,SUB00120,PROD001,2348089191523, Customer 120 ,Male,60+,LAGOS,South East,Basic,2023-12-26,active,Postpaid,monthly,Nova Premium 5G,Data,25000,45000MB,,79,25000,bank transfer,,-56.0,5.0,3.0
CUST00121,SUB00121,PROD005,2348018942852,Customer 121,Male,36-45,Port Harcourt,North Central,STANDARD,2025-02-10,cancelled,Postpaid,No contract,Nova Starter,Bundle,8000,45000MB,,414,,Cash,5G,,,5.0
CUST00122,SUB00122,PROD002,2348080487000,Customer 122,M,26-35,Lagos,South East,Premium,2022-12-08,,Postpaid,ANNUAL,Nova Unlimited Voice,Voice,12000,12994,637.0,740,,CARD,LTE,-101.0,,3.0
CUST00123,SUB00123,PROD004,2348090126881,Customer 123,m ,46-60,Ibadan,South East,Standard,2022-02-24,ACTIVE,POSTPAID,Annual,Nova SME Connect,Business,35000,6695,3257.0,116,35000,Card,4g,,2.0,
CUST00124,SUB00124,PROD005,2348016480379,Customer 124,Female,,Lagos,South South,Standard,2024-06-27,Cancelled,prepaid,No contract,Nova Starter,Bundle,8000,45000MB,,325,8000,Bank Transfer,5G,,5.0,1.0
CUST00125,SUB00125,PROD003,2348074727315,Customer 125,Female,46-60,LAGOS,South South,Basic,26/05/2025,active,Postpaid,monthly,Nova Hybrid Plus,Bundle,18000,,,90,18000,USSD,3G,,0.0,
CUST00126,SUB00126,PROD001,2348088130596,Customer 126,female,18-25,portharcourt,South South,Standard,2023-06-23,Active,Postpaid,Annual,Nova Premium 5G,Data,25000,,,566,,,4g,-999.0,0.0,1.0
CUST00127,SUB00127,PROD002,2348074836799,Customer 127,Unknown,46-60,portharcourt,South South,STANDARD,2022-12-12,Suspended,Prepaid,No contract,Nova Unlimited Voice,Voice,12000,,3102.0,614,,Bank Transfer,4G,-999.0,2.0,4.0
CUST00128,SUB00128,PROD005,2348012248480,Customer 128,Female,26-35,Port Harcourt,North West,premium ,2025-09-11,Cancelled,Prepaid,Annual,Nova Starter,Bundle,8000,15300,423.0,598,,USSD,4G,,2.0,3.0
CUST00129,SUB00129,PROD003,2348019546132,Customer 129,Female,60+,Enugu,South South,Basic,2023-08-17,,prepaid,monthly,Nova Hybrid Plus,Bundle,18000,68991,,350,18000,,,,0.0,2.0
CUST00130,SUB00130,PROD003,2348033915341,Customer 130,MALE,18-25,,South West,,2025-03-16,,Prepaid,monthly,Nova Hybrid Plus,Bundle,18000,,737.0,450,18000,Bank Transfer,5G,-91.0,5.0,3.0
CUST00131,SUB00131,PROD004,2348013843505,Customer 131,Female,36-45,,North West,,2023-06-21,,POSTPAID,Annual,Nova SME Connect,Business,35000,,,350,35000,Card,3G,-999.0,0.0,4.0
CUST00132,SUB00132,PROD005,2348038813587,Customer 132,Male,36-45,Abuja,South West,Corporate,2023-08-13,,prepaid,ANNUAL,Nova Starter,Bundle,8000,,2816.0,486,8000,,4G,-999.0,0.0,5.0
CUST00133,SUB00133,PROD003,2348034772547,Customer 133,F,36-45,portharcourt,South West,Corporate,2023-12-10,Active,POSTPAID,No contract,Nova Hybrid Plus,Bundle,18000,84804,,295,18000,Cash,3G,-78.0,0.0,5.0
CUST00134,SUB00134,PROD002,2348011288126,Customer 134,M,26-35,Enugu,South South,STANDARD,2023-10-06,Active,prepaid,Annual,Nova Unlimited Voice,Voice,12000,,,239,12000,Bank Transfer,4G,-104.0,1.0,2.0
CUST00135,SUB00135,PROD005,2348034655056,Customer 135,Male,46-60,Abuja,South South,Basic,2023-08-23,Active,Postpaid,No contract,Nova Starter,Bundle,8000,,270.0,498,8000,Card,3G,,0.0,
CUST00136,SUB00136,PROD001,2348053654870,Customer 136,Male,60+,Port Harcourt,North West,Corporate,2021-04-30,active,post paid,monthly,Nova Premium 5G,Data,25000,44108,,438,,USSD,4g,-100.0,,5.0
CUST00137,SUB00137,PROD005,2348094610292,Customer 137,Male,,Abuja,South West,,2024-10-08,ACTIVE,POSTPAID,Monthly,Nova Starter,Bundle,8000,85582,,146,,Bank Transfer,LTE,-999.0,1.0,4.0
CUST00138,SUB00138,PROD001,2348068014242,Customer 138,Male,,Kano,North Central,Corporate,2024-05-25,SUSPENDED,POSTPAID,Annual,Nova Premium 5G,Data,25000,,2840.0,367,25000,CARD,,-63.0,5.0,1.0
CUST00139,SUB00139,PROD003,2348071849249,Customer 139,Male,46-60,lagos,South East,STANDARD,2022-02-28,SUSPENDED,Prepaid,monthly,Nova Hybrid Plus,Bundle,18000,,1905.0,629,18000,Bank Transfer,5G,-999.0,1.0,4.0
CUST00140,SUB00140,PROD005,2348014398459, Customer 140 , f,60+,Enugu,South West,STANDARD,2025-05-07,SUSPENDED,POSTPAID,Annual,Nova Starter,Bundle,8000,10188,849.0,54,8000,Card,4G,-999.0,1.0,2.0
CUST00141,SUB00141,PROD001,2348019398484,Customer 141,M,60+,Enugu,South West,STANDARD,2021-07-13,Active,POSTPAID,Annual,Nova Premium 5G,Data,25000,45000MB,3573.0,7,25000,CARD,LTE,,,
CUST00142,SUB00142,PROD004,2348058256002,Customer 142,female,,Ibadan,South East,,2024-04-03,Cancelled,post paid,No contract,Nova SME Connect,Business,35000,64111,,396,35000,bank transfer,,-107.0,2.0,5.0
CUST00143,SUB00143,PROD001,2348094922531,Customer 143,MALE,18-25,Ibadan,North West,STANDARD,2021-04-21,,Prepaid,No contract,Nova Premium 5G,Data,25000,72021,200.0,535,,,4g,-999.0,5.0,1.0
CUST00144,SUB00144,PROD001,2348050177497,Customer 144,MALE,60+,Port Harcourt,South West,Standard,2023-07-15,Suspended,prepaid,Monthly,Nova Premium 5G,Data,25000,,3422.0,285,25000,Cash,5G,-999.0,1.0,2.0
CUST00145,SUB00145,PROD001,2348049809589,Customer 145,Male,36-45,Abuja,North West,,2023-08-12,Active,post paid,Monthly,Nova Premium 5G,Data,25000,,,151,25000,USSD,5G,-999.0,5.0,3.0
CUST00146,SUB00146,PROD001,2348013169709,Customer 146,Male,26-35,Ibadan,North Central,,2025-08-30,SUSPENDED,prepaid,monthly,Nova Premium 5G,Data,25000,11901,1650.0,54,25000,Card,4g,-999.0,1.0,3.0
CUST00147,SUB00147,PROD005,2348058756407,Customer 147, f,36-45,Kano,North West,Premium,2021-08-21,SUSPENDED,post paid,Annual,Nova Starter,Bundle,8000,50111,446.0,716,,bank transfer,4g,-999.0,2.0,1.0
CUST00148,SUB00148,PROD001,2348042199188,Customer 148,female,60+,Ibadan,North Central,Basic,2025-05-20,Cancelled,Postpaid,ANNUAL,Nova Premium 5G,Data,25000,,,394,,USSD,4g,-999.0,2.0,5.0
CUST00149,SUB00149,PROD001,2348029630618,Customer 149,FEMALE,36-45,,South East,Premium,2025-10-12,ACTIVE,post paid,No contract,Nova Premium 5G,Data,25000,,,72,25000,bank transfer,5G,,0.0,5.0
CUST00150,SUB00150,PROD002,2348080471282,Customer 150,male,,Abuja,North Central,premium ,05/06/2025,SUSPENDED,post paid,monthly,Nova Unlimited Voice,Voice,12000,74031,1604.0,493,12000,CARD,4g,-999.0,0.0,5.0
CUST00151,SUB00151,PROD004,2348072298767,Customer 151,male,,Abuja,South East,STANDARD,2023-10-07,Suspended,Postpaid,Annual,Nova SME Connect,Business,35000,45000MB,,124,35000,CARD,LTE,-999.0,0.0,1.0
CUST00152,SUB00152,PROD003,2348025040870,Customer 152,m ,36-45,Kano,South South,Standard,2023-02-19,Active,post paid,Monthly,Nova Hybrid Plus,Bundle,18000,45000MB,2233.0,765,18000,CARD,4G,-86.0,1.0,3.0
CUST00153,SUB00153,PROD002,2348085555642,Customer 153,M,26-35,,North Central,premium ,2022-05-11,Active,Postpaid,monthly,Nova Unlimited Voice,Voice,12000,,,45,12000,CARD,3G,-999.0,2.0,1.0
CUST00154,SUB00154,PROD001,2348027208571,Customer 154,M,46-60,Ibadan,North Central,premium ,2022-01-05,active,prepaid,Monthly,Nova Premium 5G,Data,25000,,,18,25000,CARD,4g,-999.0,,1.0
CUST00155,SUB00155,PROD004,2348067880790,Customer 155,Female,36-45,Lagos,South West,Standard,2021-08-06,SUSPENDED,post paid,Annual,Nova SME Connect,Business,35000,45000MB,1294.0,621,35000,bank transfer,4g,-999.0,5.0,
CUST00156,SUB00156,PROD002,2348098044393,Customer 156,m ,46-60,Kano,South West,Corporate,2023-06-26,SUSPENDED,Prepaid,No contract,Nova Unlimited Voice,Voice,12000,45000MB,3328.0,457,12000,USSD,4G,,2.0,2.0
CUST00157,SUB00157,PROD002,2348033217456,Customer 157,Female,60+,Abuja,South West,,2023-07-03,Cancelled,POSTPAID,Annual,Nova Unlimited Voice,Voice,12000,24771,,25,12000,bank transfer,3G,-999.0,1.0,5.0
CUST00158,SUB00158,PROD004,2348029791479,Customer 158,,18-25,lagos,South West,,2024-04-07,Cancelled,Prepaid,No contract,Nova SME Connect,Business,35000,43504,3932.0,424,,CARD,LTE,-82.0,0.0,3.0
CUST00159,SUB00159,PROD001,2348022636331,Customer 159,,18-25,portharcourt,South East,Premium,2024-09-08,Suspended,Prepaid,monthly,Nova Premium 5G,Data,25000,45000MB,26.0,638,25000,CARD,4g,-999.0,0.0,1.0
CUST00160,SUB00160,PROD003,2348031447611, Customer 160 ,female,18-25,Enugu,North Central,Corporate,2025-02-15,Actv,prepaid,Annual,Nova Hybrid Plus,Bundle,18000,30475,,580,18000,Cash,4g,,0.0,5.0
CUST00161,SUB00161,PROD005,2348080374510,Customer 161,FEMALE,46-60,,North West,Standard,2024-02-16,cancelled,Postpaid,ANNUAL,Nova Starter,Bundle,8000,,,225,,USSD,,-91.0,0.0,5.0
CUST00162,SUB00162,PROD004,2348091506191,Customer 162,m ,36-45, Abuja ,North Central,STANDARD,2023-08-11,cancelled,Prepaid,Monthly,Nova SME Connect,Business,35000,17082,2752.0,370,35000,,5G,,,2.0
CUST00163,SUB00163,PROD005,2348075994217,Customer 163,Female,36-45,portharcourt,South West,Premium,2022-11-30,cancelled,post paid,No contract,Nova Starter,Bundle,8000,45000MB,,346,8000,CARD,4g,,5.0,
CUST00164,SUB00164,PROD002,2348069223305,Customer 164,F,26-35,lagos,South West,STANDARD,2025-05-21,Active,post paid,Monthly,Nova Unlimited Voice,Voice,12000,63917,,494,12000,USSD,4G,-54.0,5.0,1.0
CUST00165,SUB00165,PROD003,2348045842843,Customer 165,Male,46-60,Ibadan,North West,,2024-05-03,Active,Prepaid,No contract,Nova Hybrid Plus,Bundle,18000,,,281,18000,CARD,5G,-92.0,5.0,5.0
CUST00166,SUB00166,PROD002,2348051878829,Customer 166,,18-25,Port Harcourt,South West,STANDARD,2022-04-20,Cancelled,Prepaid,No contract,Nova Unlimited Voice,Voice,12000,,,41,12000,CARD,3G,-999.0,5.0,2.0
CUST00167,SUB00167,PROD002,2348080971724,Customer 167,Male,,Ibadan,South South,premium ,2024-06-16,active,prepaid,ANNUAL,Nova Unlimited Voice,Voice,12000,21890,3417.0,337,12000,CARD,4G,-101.0,0.0,
CUST00168,SUB00168,PROD005,2348097358302,Customer 168,M,26-35,Kano,South West,,2022-10-23,Actv,POSTPAID,ANNUAL,Nova Starter,Bundle,8000,,,389,,Cash,4g,-79.0,2.0,5.0
CUST00169,SUB00169,PROD001,2348085242448,Customer 169, f,,LAGOS,South West,Corporate,2021-12-05,Cancelled,POSTPAID,Annual,Nova Premium 5G,Data,25000,45000MB,999.0,761,25000,,5G,-87.0,0.0,3.0
CUST00170,SUB00170,PROD005,2348064275056,Customer 170,Female,46-60,Lagos,South West,Corporate,2023-04-06,Actv,POSTPAID,No contract,Nova Starter,Bundle,8000,45000MB,2151.0,676,,,4G,-999.0,,1.0
CUST00171,SUB00171,PROD002,2348034001425,Customer 171,MALE,46-60,,North West,STANDARD,2023-10-01,Cancelled,prepaid,monthly,Nova Unlimited Voice,Voice,12000,75500,214.0,329,12000,bank transfer,4g,,2.0,3.0
CUST00172,SUB00172,PROD005,2348080210244,Customer 172,F,46-60,Kano,North Central,STANDARD,2023-02-06,Cancelled,prepaid,ANNUAL,Nova Starter,Bundle,8000,88623,,639,8000,Bank Transfer,LTE,,2.0,3.0
CUST00173,SUB00173,PROD004,2348034324381,Customer 173,,,Ibadan,North West,Corporate,2022-06-28,ACTIVE,prepaid,Monthly,Nova SME Connect,Business,35000,81478,,646,,,3G,-80.0,5.0,4.0
CUST00174,SUB00174,PROD003,2348089526626,Customer 174,Male,18-25,portharcourt,North Central,Corporate,2023-08-13,Cancelled,POSTPAID,monthly,Nova Hybrid Plus,Bundle,18000,45000MB,,747,,Bank Transfer,4G,,,4.0
CUST00175,SUB00175,PROD003,2348079425570,Customer 175,,18-25,LAGOS,North Central,STANDARD,13/06/2021,ACTIVE,POSTPAID,Monthly,Nova Hybrid Plus,Bundle,18000,45000MB,,784,18000,,,-62.0,,
CUST00176,SUB00176,PROD005,2348055975334,Customer 176,female,18-25, Abuja ,North Central,Premium,2025-11-22,Active,prepaid,Monthly,Nova Starter,Bundle,8000,,1419.0,416,,USSD,,,1.0,3.0
CUST00177,SUB00177,PROD003,2348094493575,Customer 177,MALE,,Lagos,North West,Corporate,2022-08-07,cancelled,Prepaid,Monthly,Nova Hybrid Plus,Bundle,18000,45000MB,2354.0,736,,bank transfer,LTE,-101.0,,1.0
CUST00178,SUB00178,PROD002,2348039499599,Customer 178,Male,36-45,Kano,North Central,Basic,2021-05-08,Cancelled,post paid,Monthly,Nova Unlimited Voice,Voice,12000,,,22,,CARD,4g,,0.0,2.0
CUST00179,SUB00179,PROD004,2348024816703,Customer 179,F,36-45,Ibadan,South East,STANDARD,2024-07-12,Actv,Prepaid,ANNUAL,Nova SME Connect,Business,35000,45000MB,,544,35000,USSD,3G,-105.0,2.0,5.0
CUST00180,SUB00180,PROD001,2348088485126, Customer 180 ,Female,36-45,Ibadan,South West,Basic,2025-09-09,active,Postpaid,ANNUAL,Nova Premium 5G,Data,25000,26596,1588.0,301,,CARD,4G,,0.0,1.0
CUST00181,SUB00181,PROD002,2348040623614,Customer 181,male,46-60,Ibadan,South South,Standard,2023-06-03,Active,Postpaid,ANNUAL,Nova Unlimited Voice,Voice,12000,73052,,563,,Bank Transfer,4G,-70.0,,
CUST00182,SUB00182,PROD004,2348043384916,Customer 182,Female,36-45,Port Harcourt,South South,Standard,2025-02-21,Active,Postpaid,Annual,Nova SME Connect,Business,35000,22748,,189,35000,Card,4g,-103.0,5.0,2.0
CUST00183,SUB00183,PROD005,2348079826108,Customer 183,MALE,26-35,LAGOS,South East,,2021-02-28,active,Prepaid,monthly,Nova Starter,Bundle,8000,45000MB,,504,8000,Cash,,-83.0,0.0,3.0
CUST00184,SUB00184,PROD004,2348034135815,Customer 184,Female,18-25,Port Harcourt,North West,Premium,2024-10-02,,Prepaid,Annual,Nova SME Connect,Business,35000,65506,,481,35000,Cash,LTE,-51.0,0.0,5.0
CUST00185,SUB00185,PROD002,2348088064277,Customer 185,,60+,Kano,North West,Standard,2025-08-07,,Prepaid,No contract,Nova Unlimited Voice,Voice,12000,45000MB,2860.0,91,,,LTE,-63.0,1.0,
CUST00186,SUB00186,PROD005,2348023844614,Customer 186,Unknown,18-25,Port Harcourt,South South,STANDARD,2022-10-19,,Postpaid,Monthly,Nova Starter,Bundle,8000,,,316,,,5G,,2.0,5.0
CUST00187,SUB00187,PROD005,2348096180928,Customer 187,m ,60+,Abuja,South South,Standard,2021-09-23,Suspended,post paid,No contract,Nova Starter,Bundle,8000,,735.0,485,8000,Cash,LTE,-999.0,1.0,5.0
CUST00188,SUB00188,PROD002,2348077141612,Customer 188,Female,60+,Kano,South East,Basic,2022-06-04,,post paid,No contract,Nova Unlimited Voice,Voice,12000,49974,1510.0,317,12000,Bank Transfer,3G,-96.0,5.0,5.0
CUST00189,SUB00189,PROD001,2348094668005,Customer 189,Male,26-35,Port Harcourt,North West,Premium,2024-06-08,Cancelled,Prepaid,Monthly,Nova Premium 5G,Data,25000,,2341.0,232,25000,,LTE,-71.0,2.0,3.0
CUST00190,SUB00190,PROD005,2348014104594,Customer 190,Male,,portharcourt,South East,Corporate,2023-05-15,,prepaid,No contract,Nova Starter,Bundle,8000,45000MB,,297,8000,Bank Transfer,4g,-81.0,1.0,3.0
CUST00191,SUB00191,PROD003,2348035724088,Customer 191,Female,,Enugu,South South,STANDARD,2022-06-07,Active,Postpaid,No contract,Nova Hybrid Plus,Bundle,18000,45000MB,,376,,Bank Transfer,4G,-999.0,5.0,2.0
CUST00192,SUB00192,PROD001,2348067631750,Customer 192,Female,18-25,Lagos,South East,Corporate,2023-06-03,ACTIVE,prepaid,No contract,Nova Premium 5G,Data,25000,69430,1636.0,384,25000,USSD,5G,-999.0,,
CUST00193,SUB00193,PROD004,2348095191460,Customer 193,F,18-25,Abuja,South West,Standard,2025-05-04,cancelled,prepaid,Annual,Nova SME Connect,Business,35000,,689.0,518,35000,Cash,4g,-999.0,2.0,5.0
CUST00194,SUB00194,PROD002,2348048210254,Customer 194,F,26-35,Abuja,South South,STANDARD,2024-10-03,Active,Postpaid,ANNUAL,Nova Unlimited Voice,Voice,12000,45000MB,3007.0,597,12000,Bank Transfer,LTE,-999.0,0.0,1.0
CUST00195,SUB00195,PROD005,2348027980368,Customer 195,female,18-25,,South East,,2022-11-24,ACTIVE,prepaid,Annual,Nova Starter,Bundle,8000,66096,2107.0,83,8000,bank transfer,5G,-93.0,,3.0
CUST00196,SUB00196,PROD003,2348025693382,Customer 196,Female,18-25,Ibadan,South South,premium ,2021-10-19,Suspended,Postpaid,Annual,Nova Hybrid Plus,Bundle,18000,50990,2580.0,553,,bank transfer,5G,-98.0,5.0,3.0
CUST00197,SUB00197,PROD005,2348023917590,Customer 197,FEMALE,36-45,LAGOS,South East,,2024-02-25,SUSPENDED,POSTPAID,No contract,Nova Starter,Bundle,8000,64918,,425,,Cash,LTE,-999.0,5.0,5.0
CUST00198,SUB00198,PROD005,2348099253081,Customer 198,Female,26-35,,North West,STANDARD,2022-01-26,Cancelled,POSTPAID,No contract,Nova Starter,Bundle,8000,76540,,401,,Bank Transfer,4G,-999.0,2.0,5.0
CUST00199,SUB00199,PROD001,2348098102822,Customer 199,M,18-25,Kano,North Central,Standard,2024-10-22,cancelled,POSTPAID,Annual,Nova Premium 5G,Data,25000,45000MB,1942.0,132,25000,USSD,4G,-999.0,,2.0
CUST00200,SUB00200,PROD001,2348048612224, Customer 200 ,MALE,26-35,LAGOS,South South,,20/10/2022,Active,Prepaid,ANNUAL,Nova Premium 5G,Data,25000,,2071.0,789,,Card,5G,-71.0,5.0,4.0
CUST00201,SUB00201,PROD001,2348013174109,Customer 201,M,18-25,LAGOS,South West,Basic,2022-06-19,,Postpaid,Annual,Nova Premium 5G,Data,25000,45000MB,2036.0,604,,USSD,,,0.0,2.0
CUST00202,SUB00202,PROD004,2348064049551,Customer 202,m ,36-45,Enugu,North West,Premium,2025-01-02,,Postpaid,Annual,Nova SME Connect,Business,35000,,,565,,Cash,4g,-999.0,,5.0
CUST00203,SUB00203,PROD005,2348066494361,Customer 203,,,Lagos,South West,STANDARD,2024-07-25,Active,post paid,ANNUAL,Nova Starter,Bundle,8000,16337,,480,,Cash,LTE,,2.0,4.0
CUST00204,SUB00204,PROD003,2348045347453,Customer 204,FEMALE,18-25,,North West,premium ,2025-10-02,Cancelled,Postpaid,Monthly,Nova Hybrid Plus,Bundle,18000,49989,3997.0,677,18000,USSD,5G,,,4.0
CUST00205,SUB00205,PROD002,2348070557305,Customer 205,Male,36-45,Port Harcourt,South South,STANDARD,2021-04-18,Active,prepaid,Annual,Nova Unlimited Voice,Voice,12000,,,608,12000,Cash,3G,-108.0,0.0,1.0
CUST00206,SUB00206,PROD002,2348078222018,Customer 206,Female,60+,Enugu,South South,Basic,2022-11-24,,Postpaid,monthly,Nova Unlimited Voice,Voice,12000,45000MB,,146,12000,Card,LTE,-999.0,0.0,5.0
CUST00207,SUB00207,PROD003,2348084646393,Customer 207,M,46-60,Enugu,North West,Standard,2022-12-11,Active,post paid,Monthly,Nova Hybrid Plus,Bundle,18000,,,198,,,3G,,0.0,1.0
CUST00208,SUB00208,PROD004,2348050410573,Customer 208,Female,36-45,Enugu,North West,Premium,2021-07-24,Active,prepaid,No contract,Nova SME Connect,Business,35000,,,34,35000,Card,3G,-92.0,0.0,2.0
CUST00209,SUB00209,PROD002,2348068432193,Customer 209,Female,36-45,LAGOS,North West,Standard,2021-05-14,cancelled,post paid,ANNUAL,Nova Unlimited Voice,Voice,12000,,189.0,299,12000,CARD,4g,,,3.0
CUST00210,SUB00210,PROD004,2348085922626,Customer 210,Male,36-45,Kano,North West,premium ,2021-04-07,Active,Prepaid,monthly,Nova SME Connect,Business,35000,,,294,35000,CARD,,,,
CUST00211,SUB00211,PROD002,2348042265645,Customer 211,Male,36-45,LAGOS,South East,Premium,2023-11-05,cancelled,post paid,ANNUAL,Nova Unlimited Voice,Voice,12000,45000MB,936.0,763,12000,Cash,5G,-999.0,2.0,3.0
CUST00212,SUB00212,PROD001,2348091015132,Customer 212,Unknown,46-60,Enugu,South East,Standard,2021-10-30,Active,Postpaid,monthly,Nova Premium 5G,Data,25000,45000MB,1354.0,669,,bank transfer,5G,,2.0,
CUST00213,SUB00213,PROD001,2348081673517,Customer 213,Female,46-60,Abuja,South East,Basic,2022-02-14,,POSTPAID,ANNUAL,Nova Premium 5G,Data,25000,,1400.0,454,25000,Card,4g,,0.0,
CUST00214,SUB00214,PROD005,2348014761977,Customer 214,Female,36-45,,South West,premium ,2025-11-30,active,prepaid,monthly,Nova Starter,Bundle,8000,,700.0,448,,Card,5G,-65.0,5.0,1.0
CUST00215,SUB00215,PROD001,2348014503686,Customer 215,Female,,LAGOS,South East,STANDARD,2025-04-13,active,Prepaid,ANNUAL,Nova Premium 5G,Data,25000,73452,,730,25000,Card,LTE,-51.0,1.0,
CUST00216,SUB00216,PROD002,2348012407991,Customer 216,F,36-45,Enugu,South West,Premium,2022-12-04,Actv,post paid,Annual,Nova Unlimited Voice,Voice,12000,,,271,12000,CARD,4g,-999.0,5.0,4.0
CUST00217,SUB00217,PROD003,2348077258063,Customer 217,Male,26-35,,South West,Corporate,2022-04-11,Active,POSTPAID,No contract,Nova Hybrid Plus,Bundle,18000,45000MB,125.0,398,18000,USSD,,-999.0,1.0,5.0
CUST00218,SUB00218,PROD004,2348080125462,Customer 218,F,26-35,LAGOS,South West,Premium,2025-07-18,Active,POSTPAID,Annual,Nova SME Connect,Business,35000,53887,756.0,494,35000,CARD,,,0.0,
CUST00219,SUB00219,PROD001,2348023415674,Customer 219,Female,26-35,Abuja,South South,Standard,2024-01-09,Cancelled,POSTPAID,monthly,Nova Premium 5G,Data,25000,66803,,386,25000,CARD,,-67.0,0.0,
CUST00220,SUB00220,PROD003,2348047104028, Customer 220 ,Female,26-35,Enugu,South West,Premium,2023-07-27,,prepaid,Annual,Nova Hybrid Plus,Bundle,18000,45000MB,2868.0,245,18000,Cash,4g,-999.0,1.0,5.0
CUST00221,SUB00221,PROD002,2348089064259,Customer 221,M,,Enugu,South West,Corporate,2024-02-22,Suspended,Postpaid,ANNUAL,Nova Unlimited Voice,Voice,12000,,1528.0,232,,Cash,5G,,1.0,1.0
CUST00222,SUB00222,PROD002,2348054675030,Customer 222,F,26-35,lagos,North Central,,2022-11-09,active,Prepaid,monthly,Nova Unlimited Voice,Voice,12000,,2364.0,604,12000,CARD,3G,,1.0,1.0
CUST00223,SUB00223,PROD002,2348035857387,Customer 223,F,18-25,portharcourt,South East,Premium,2024-11-09,Cancelled,POSTPAID,Annual,Nova Unlimited Voice,Voice,12000,45000MB,,376,,CARD,LTE,,5.0,3.0
CUST00224,SUB00224,PROD002,2348089051042,Customer 224,Male,60+,,South West,Premium,2024-06-07,Active,Postpaid,Annual,Nova Unlimited Voice,Voice,12000,8614,,465,12000,,3G,-58.0,0.0,1.0
CUST00225,SUB00225,PROD005,2348065747840,Customer 225,Female,26-35, Abuja ,South South,premium ,04/12/2024,Actv,POSTPAID,monthly,Nova Starter,Bundle,8000,45000MB,2391.0,755,,Card,4G,-94.0,,2.0
CUST00226,SUB00226,PROD004,2348042009535,Customer 226,m ,,,South East,Basic,2022-10-29,Suspended,Prepaid,Monthly,Nova SME Connect,Business,35000,45000MB,3932.0,282,35000,USSD,,-80.0,2.0,
CUST00227,SUB00227,PROD005,2348055348401,Customer 227,Male,46-60,,South East,Premium,2021-12-21,Active,Prepaid,monthly,Nova Starter,Bundle,8000,45000MB,,81,8000,Cash,5G,,2.0,
CUST00228,SUB00228,PROD001,2348070825762,Customer 228,Male,,Abuja,South South,Premium,2021-10-07,ACTIVE,post paid,Annual,Nova Premium 5G,Data,25000,,1010.0,676,25000,bank transfer,LTE,,2.0,3.0
CUST00229,SUB00229,PROD001,2348046178049,Customer 229,Male,26-35,Enugu,North Central,STANDARD,2021-12-14,active,prepaid,No contract,Nova Premium 5G,Data,25000,70066,2244.0,493,25000,USSD,3G,,1.0,5.0
CUST00230,SUB00230,PROD001,2348087479194,Customer 230,Male,60+,Abuja,South West,Basic,2021-11-19,,prepaid,No contract,Nova Premium 5G,Data,25000,45000MB,,185,,bank transfer,5G,,1.0,2.0
CUST00231,SUB00231,PROD005,2348059416954,Customer 231,female,26-35,Kano,South East,Basic,2021-08-12,SUSPENDED,prepaid,ANNUAL,Nova Starter,Bundle,8000,31940,3984.0,63,8000,Cash,,-99.0,0.0,
CUST00232,SUB00232,PROD004,2348046207848,Customer 232,Female,36-45, Abuja ,South West,Basic,2021-02-05,Suspended,POSTPAID,ANNUAL,Nova SME Connect,Business,35000,45000MB,2162.0,166,35000,CARD,LTE,-110.0,1.0,3.0
CUST00233,SUB00233,PROD002,2348055636470,Customer 233,Male,26-35,portharcourt,South East,Premium,2021-12-16,Suspended,post paid,Monthly,Nova Unlimited Voice,Voice,12000,,1096.0,99,,Bank Transfer,4g,-999.0,0.0,3.0
CUST00234,SUB00234,PROD005,2348091206601,Customer 234,Female,60+,Kano,South West,,2022-07-05,Cancelled,post paid,ANNUAL,Nova Starter,Bundle,8000,1761,2413.0,68,,Bank Transfer,5G,-67.0,2.0,5.0
CUST00235,SUB00235,PROD003,2348068610466,Customer 235,Male,26-35,portharcourt,South South,Premium,2024-04-12,Cancelled,prepaid,monthly,Nova Hybrid Plus,Bundle,18000,45000MB,,499,18000,Cash,4g,-999.0,1.0,3.0
CUST00236,SUB00236,PROD002,2348094205866,Customer 236,Male,,Abuja,South East,Standard,2021-11-01,Active,Prepaid,ANNUAL,Nova Unlimited Voice,Voice,12000,,,735,,,4g,,5.0,1.0
CUST00237,SUB00237,PROD002,2348066086977,Customer 237,Male,18-25,Kano,South East,Basic,2021-05-25,active,post paid,ANNUAL,Nova Unlimited Voice,Voice,12000,,265.0,453,12000,USSD,LTE,,1.0,5.0
CUST00238,SUB00238,PROD002,2348089885620,Customer 238,Female,26-35,Abuja,South South,Premium,2024-07-28,active,Postpaid,No contract,Nova Unlimited Voice,Voice,12000,34781,3584.0,437,12000,Card,5G,-999.0,,4.0
CUST00239,SUB00239,PROD004,2348023096619,Customer 239,Female,,Lagos,South East,,2024-11-13,Suspended,Prepaid,No contract,Nova SME Connect,Business,35000,,999.0,571,,USSD,4G,-999.0,2.0,3.0
CUST00240,SUB00240,PROD002,2348022896666, Customer 240 ,male,26-35,Abuja,North West,Standard,2024-07-08,,Prepaid,ANNUAL,Nova Unlimited Voice,Voice,12000,,,518,,bank transfer,3G,,1.0,2.0
CUST00241,SUB00241,PROD005,2348099273240,Customer 241, f,36-45,Enugu,North Central,Basic,2025-05-22,Cancelled,post paid,monthly,Nova Starter,Bundle,8000,22165,3121.0,663,8000,bank transfer,LTE,,5.0,4.0
CUST00242,SUB00242,PROD005,2348029163089,Customer 242,Male,,Lagos,South West,Corporate,2025-02-17,Active,POSTPAID,ANNUAL,Nova Starter,Bundle,8000,41395,,739,8000,Bank Transfer,4g,,0.0,4.0
CUST00243,SUB00243,PROD003,2348090819784,Customer 243,Female,36-45,Port Harcourt,South West,STANDARD,2022-03-16,ACTIVE,POSTPAID,ANNUAL,Nova Hybrid Plus,Bundle,18000,,3336.0,633,18000,CARD,4g,,5.0,2.0
CUST00244,SUB00244,PROD005,2348040056134,Customer 244,female,46-60,Abuja,South South,,2023-12-24,active,Prepaid,ANNUAL,Nova Starter,Bundle,8000,45000MB,,505,8000,CARD,3G,-999.0,5.0,5.0
CUST00245,SUB00245,PROD005,2348042147675,Customer 245, f,46-60,Abuja,South East,STANDARD,2024-12-23,Active,POSTPAID,Annual,Nova Starter,Bundle,8000,9392,,450,,Cash,LTE,-66.0,2.0,3.0
CUST00246,SUB00246,PROD001,2348080364189,Customer 246,Female,18-25,Ibadan,South South,premium ,2021-09-16,Cancelled,POSTPAID,Monthly,Nova Premium 5G,Data,25000,,,642,,Cash,,-999.0,,3.0
CUST00247,SUB00247,PROD005,2348091227966,Customer 247,Male,26-35,Port Harcourt,South East,Corporate,2022-11-18,Cancelled,POSTPAID,ANNUAL,Nova Starter,Bundle,8000,,,70,,,3G,-999.0,2.0,
CUST00248,SUB00248,PROD005,2348012354857,Customer 248,Male,26-35,Kano,South West,premium ,2025-07-08,SUSPENDED,Postpaid,No contract,Nova Starter,Bundle,8000,45000MB,846.0,2,8000,Cash,,,0.0,2.0
CUST00249,SUB00249,PROD002,2348035215478,Customer 249,male,36-45,lagos,North West,Standard,2024-08-01,active,POSTPAID,Annual,Nova Unlimited Voice,Voice,12000,45000MB,,7,12000,USSD,,-999.0,0.0,4.0
CUST00250,SUB00250,PROD004,2348033078279,Customer 250,Female,46-60, Abuja ,South East,STANDARD,10/04/2022,Cancelled,prepaid,monthly,Nova SME Connect,Business,35000,45000MB,1755.0,249,,Bank Transfer,4G,,,1.0
CUST00251,SUB00251,PROD004,2348051943656,Customer 251,F,36-45,Port Harcourt,South East,,2024-08-29,Suspended,prepaid,ANNUAL,Nova SME Connect,Business,35000,,1310.0,107,35000,Bank Transfer,5G,-59.0,,3.0
CUST00252,SUB00252,PROD003,2348060523658,Customer 252,Male,36-45,Ibadan,North West,Corporate,2021-03-11,Cancelled,prepaid,ANNUAL,Nova Hybrid Plus,Bundle,18000,,489.0,554,,Card,4g,,,4.0
CUST00253,SUB00253,PROD002,2348091295434,Customer 253,M,,Port Harcourt,South West,Corporate,2023-04-04,Active,prepaid,Monthly,Nova Unlimited Voice,Voice,12000,,,299,12000,Card,4G,-83.0,0.0,2.0
CUST00254,SUB00254,PROD005,2348083663255,Customer 254,male,26-35,Lagos,South South,Corporate,2025-03-08,Actv,prepaid,monthly,Nova Starter,Bundle,8000,45000MB,,497,8000,,3G,-999.0,2.0,4.0
CUST00255,SUB00255,PROD005,2348092262709,Customer 255,male,36-45,Lagos,North West,STANDARD,2025-01-23,Actv,Prepaid,monthly,Nova Starter,Bundle,8000,74079,3643.0,675,,Card,LTE,-65.0,5.0,1.0
CUST00256,SUB00256,PROD001,2348056295848,Customer 256,Male,36-45,Lagos,South West,STANDARD,2021-02-06,Cancelled,Prepaid,Monthly,Nova Premium 5G,Data,25000,,,770,25000,USSD,,,2.0,
CUST00257,SUB00257,PROD001,2348071478166,Customer 257,Female,,Lagos,North Central,premium ,2023-10-09,active,post paid,No contract,Nova Premium 5G,Data,25000,,2009.0,76,,Card,4g,-84.0,2.0,5.0
CUST00258,SUB00258,PROD001,2348079523470,Customer 258,Female,18-25,Kano,South West,STANDARD,2023-10-06,cancelled,prepaid,monthly,Nova Premium 5G,Data,25000,63952,,575,25000,Cash,5G,-999.0,1.0,1.0
CUST00259,SUB00259,PROD002,2348029874277,Customer 259,FEMALE,26-35,Enugu,South South,Corporate,2025-05-13,SUSPENDED,Prepaid,Annual,Nova Unlimited Voice,Voice,12000,,2701.0,530,12000,,,-999.0,1.0,
CUST00260,SUB00260,PROD002,2348050808110, Customer 260 ,female,26-35,,South East,Basic,2022-04-22,Active,Prepaid,Annual,Nova Unlimited Voice,Voice,12000,34919,,559,12000,USSD,3G,-999.0,5.0,3.0
CUST00261,SUB00261,PROD002,2348074744830,Customer 261,,36-45,lagos,North West,Standard,2023-06-29,Cancelled,Postpaid,ANNUAL,Nova Unlimited Voice,Voice,12000,,,799,,Card,5G,-999.0,5.0,4.0
CUST00262,SUB00262,PROD001,2348020110899,Customer 262,Female,26-35,Lagos,South West,,2022-04-19,Cancelled,prepaid,Annual,Nova Premium 5G,Data,25000,51275,3473.0,655,,,4g,,,5.0
CUST00263,SUB00263,PROD003,2348035515626,Customer 263,Female,18-25,lagos,South West,premium ,2024-12-08,active,post paid,Annual,Nova Hybrid Plus,Bundle,18000,45000MB,,554,18000,bank transfer,3G,,5.0,5.0
CUST00264,SUB00264,PROD005,2348099776867,Customer 264,Male,36-45,portharcourt,South South,Standard,2021-12-02,active,post paid,monthly,Nova Starter,Bundle,8000,,1287.0,289,,Card,3G,-999.0,0.0,2.0
CUST00265,SUB00265,PROD001,2348031600816,Customer 265,,18-25,Abuja,North West,STANDARD,2024-03-19,Actv,prepaid,Monthly,Nova Premium 5G,Data,25000,,3155.0,557,25000,bank transfer,3G,-999.0,0.0,5.0
CUST00266,SUB00266,PROD003,2348032949261,Customer 266,Male,18-25,portharcourt,South South,Basic,2021-01-03,Active,Postpaid,No contract,Nova Hybrid Plus,Bundle,18000,,3432.0,536,,Cash,4g,,1.0,2.0
CUST00267,SUB00267,PROD005,2348082422911,Customer 267,Male,26-35,Enugu,South South,Standard,2023-10-14,,POSTPAID,monthly,Nova Starter,Bundle,8000,,,587,,Card,,-109.0,1.0,1.0
CUST00268,SUB00268,PROD001,2348041380487,Customer 268,Male,,Ibadan,North West,Corporate,2022-12-31,active,Postpaid,ANNUAL,Nova Premium 5G,Data,25000,82736,,715,25000,Bank Transfer,3G,-52.0,5.0,
CUST00269,SUB00269,PROD003,2348018405204,Customer 269,FEMALE,,Port Harcourt,South South,Corporate,2025-09-27,Suspended,post paid,Annual,Nova Hybrid Plus,Bundle,18000,47338,2671.0,604,18000,USSD,3G,,0.0,
CUST00270,SUB00270,PROD001,2348014083269,Customer 270,m ,18-25,Abuja,North West,Corporate,2021-04-04,Active,Postpaid,No contract,Nova Premium 5G,Data,25000,45000MB,,639,25000,Cash,LTE,-75.0,,4.0
CUST00271,SUB00271,PROD003,2348069310339,Customer 271, f,,lagos,South East,Premium,2024-06-26,Active,prepaid,Monthly,Nova Hybrid Plus,Bundle,18000,,3762.0,587,,CARD,5G,-999.0,0.0,3.0
CUST00272,SUB00272,PROD001,2348075857475,Customer 272,male,,,South East,Premium,2024-08-01,,post paid,monthly,Nova Premium 5G,Data,25000,38953,,34,25000,Bank Transfer,5G,,,
CUST00273,SUB00273,PROD001,2348054655253,Customer 273,Male,36-45,Kano,North West,Premium,2025-09-17,active,POSTPAID,Annual,Nova Premium 5G,Data,25000,,,728,25000,bank transfer,,-999.0,1.0,4.0
CUST00274,SUB00274,PROD002,2348088212268,Customer 274,Female,,,North Central,,2023-05-25,Cancelled,POSTPAID,Monthly,Nova Unlimited Voice,Voice,12000,,1091.0,640,12000,,5G,,2.0,1.0
CUST00275,SUB00275,PROD004,2348028535761,Customer 275,F,26-35,Lagos,South East,Basic,10/03/2025,,Prepaid,monthly,Nova SME Connect,Business,35000,45000MB,,212,35000,Bank Transfer,LTE,,1.0,4.0
CUST00276,SUB00276,PROD002,2348086982299,Customer 276,Male,60+,,North West,,2021-05-30,Suspended,Prepaid,ANNUAL,Nova Unlimited Voice,Voice,12000,,304.0,754,,Cash,4g,,,2.0
CUST00277,SUB00277,PROD003,2348029536075,Customer 277,Male,18-25,Enugu,South West,Standard,2023-04-14,Suspended,Postpaid,Annual,Nova Hybrid Plus,Bundle,18000,45000MB,1565.0,593,18000,USSD,,-999.0,1.0,3.0
CUST00278,SUB00278,PROD005,2348094802524,Customer 278,Unknown,,Ibadan,South West,Corporate,2021-12-13,Cancelled,prepaid,monthly,Nova Starter,Bundle,8000,45000MB,,171,8000,Cash,4g,-999.0,,4.0
CUST00279,SUB00279,PROD002,2348061353794,Customer 279,Female,18-25,Abuja,North West,STANDARD,2023-09-23,Active,post paid,monthly,Nova Unlimited Voice,Voice,12000,22872,2075.0,116,12000,bank transfer,5G,,,1.0
CUST00280,SUB00280,PROD003,2348053118023, Customer 280 ,Female,,,North Central,Basic,2024-07-13,Active,POSTPAID,ANNUAL,Nova Hybrid Plus,Bundle,18000,,3199.0,597,18000,Bank Transfer,5G,-999.0,2.0,2.0
CUST00281,SUB00281,PROD001,2348089688595,Customer 281,Male,18-25,Enugu,North West,premium ,2024-08-01,Suspended,Postpaid,ANNUAL,Nova Premium 5G,Data,25000,,1903.0,501,25000,bank transfer,,,,2.0
CUST00282,SUB00282,PROD002,2348083659053,Customer 282, f,,Lagos,South East,Corporate,2024-06-24,ACTIVE,post paid,monthly,Nova Unlimited Voice,Voice,12000,45000MB,3504.0,73,12000,bank transfer,5G,-999.0,0.0,2.0
CUST00283,SUB00283,PROD005,2348057695842,Customer 283,Female,26-35,Kano,North West,Basic,2024-12-23,Cancelled,prepaid,ANNUAL,Nova Starter,Bundle,8000,29595,,452,8000,bank transfer,4g,-91.0,0.0,3.0
CUST00284,SUB00284,PROD002,2348089377926,Customer 284,male,36-45,Ibadan,North Central,STANDARD,2023-11-08,,POSTPAID,Monthly,Nova Unlimited Voice,Voice,12000,,2207.0,530,12000,Cash,4G,,0.0,4.0
CUST00285,SUB00285,PROD001,2348086513053,Customer 285,,46-60, Abuja ,South West,,2021-05-25,Actv,prepaid,Monthly,Nova Premium 5G,Data,25000,,,130,25000,CARD,4g,-999.0,2.0,5.0
CUST00286,SUB00286,PROD005,2348028382439,Customer 286,Female,60+,Enugu,North Central,Standard,2023-07-05,Cancelled,post paid,ANNUAL,Nova Starter,Bundle,8000,75069,,285,,Bank Transfer,LTE,,0.0,2.0
CUST00287,SUB00287,PROD002,2348017920347,Customer 287,M,,Abuja,North Central,STANDARD,2021-07-09,Suspended,Prepaid,Monthly,Nova Unlimited Voice,Voice,12000,,,217,12000,Card,5G,-999.0,2.0,2.0
CUST00288,SUB00288,PROD001,2348052680866,Customer 288,Male,36-45,portharcourt,South West,STANDARD,2022-12-24,cancelled,POSTPAID,ANNUAL,Nova Premium 5G,Data,25000,45000MB,,343,,CARD,4g,-999.0,,1.0
CUST00289,SUB00289,PROD002,2348029381363,Customer 289,Female,46-60, Abuja ,South East,Standard,2021-03-23,active,POSTPAID,No contract,Nova Unlimited Voice,Voice,12000,73614,2272.0,426,12000,Cash,,-76.0,5.0,4.0
CUST00290,SUB00290,PROD005,2348084252205,Customer 290,Female,36-45, Abuja ,South East,premium ,2023-01-06,active,Postpaid,ANNUAL,Nova Starter,Bundle,8000,29343,,792,8000,Bank Transfer,4g,-999.0,1.0,4.0
CUST00291,SUB00291,PROD002,2348095766632,Customer 291,F,60+,Port Harcourt,North Central,premium ,2025-08-15,active,prepaid,Annual,Nova Unlimited Voice,Voice,12000,,168.0,35,12000,CARD,LTE,-58.0,0.0,5.0
CUST00292,SUB00292,PROD001,2348090985817,Customer 292, f,46-60,Abuja,South South,Basic,2022-09-05,Cancelled,Postpaid,ANNUAL,Nova Premium 5G,Data,25000,45000MB,3983.0,510,,Cash,4g,-999.0,2.0,4.0
CUST00293,SUB00293,PROD003,2348051936518,Customer 293,Female,26-35,LAGOS,South South,premium ,2022-01-22,Active,prepaid,ANNUAL,Nova Hybrid Plus,Bundle,18000,,2939.0,275,,Cash,4G,,2.0,1.0
CUST00294,SUB00294,PROD003,2348076652204,Customer 294,Female,26-35,Enugu,South East,Standard,2025-04-06,Active,post paid,Annual,Nova Hybrid Plus,Bundle,18000,27812,389.0,638,,Card,LTE,,2.0,4.0
CUST00295,SUB00295,PROD001,2348036026390,Customer 295,Female,18-25,Lagos,South East,Basic,2022-08-18,ACTIVE,POSTPAID,monthly,Nova Premium 5G,Data,25000,45000MB,2153.0,694,25000,Card,3G,-93.0,2.0,5.0
CUST00296,SUB00296,PROD004,2348075843137,Customer 296,Female,26-35,Lagos,South South,,2023-06-29,active,post paid,Monthly,Nova SME Connect,Business,35000,,,370,35000,USSD,LTE,,0.0,4.0
CUST00297,SUB00297,PROD001,2348059207210,Customer 297,FEMALE,46-60,,North West,Standard,2023-10-14,Active,prepaid,monthly,Nova Premium 5G,Data,25000,45000MB,,416,,USSD,3G,,,5.0
CUST00298,SUB00298,PROD004,2348017143923,Customer 298,Female,18-25,,South West,Standard,2022-03-09,Cancelled,prepaid,No contract,Nova SME Connect,Business,35000,51156,178.0,38,,Cash,LTE,-999.0,1.0,
CUST00299,SUB00299,PROD004,2348016067892,Customer 299,M,26-35,Ibadan,South South,Basic,2024-03-20,,Prepaid,Monthly,Nova SME Connect,Business,35000,45000MB,3360.0,621,,Card,4G,-55.0,2.0,1.0
CUST00300,SUB00300,PROD001,2348053112701, Customer 300 ,female,18-25,Port Harcourt,South West,,31/07/2022,cancelled,prepaid,monthly,Nova Premium 5G,Data,25000,45000MB,,788,,bank transfer,5G,,5.0,5.0
CUST00301,SUB00301,PROD001,2348075689997,Customer 301,Female,60+,Abuja,North West,Standard,2022-04-12,Cancelled,prepaid,No contract,Nova Premium 5G,Data,25000,,2836.0,359,,Cash,,,2.0,3.0
CUST00302,SUB00302,PROD003,2348035968301,Customer 302,F,36-45, Abuja ,South East,Premium,2024-04-03,Cancelled,post paid,Annual,Nova Hybrid Plus,Bundle,18000,44513,3387.0,665,18000,,LTE,-103.0,1.0,
CUST00303,SUB00303,PROD001,2348053691012,Customer 303,Female,,Abuja,North Central,Standard,2025-01-22,cancelled,post paid,No contract,Nova Premium 5G,Data,25000,,1422.0,568,25000,Card,4G,-110.0,5.0,3.0
CUST00304,SUB00304,PROD001,2348040723745,Customer 304,Female,60+,Port Harcourt,South West,Premium,2022-10-25,active,Prepaid,Annual,Nova Premium 5G,Data,25000,,3434.0,712,25000,Bank Transfer,4G,,0.0,5.0
CUST00305,SUB00305,PROD003,2348087606987,Customer 305,Male,46-60, Abuja ,South South,Basic,2023-03-28,Active,Postpaid,Monthly,Nova Hybrid Plus,Bundle,18000,,888.0,735,18000,USSD,,-59.0,2.0,5.0
CUST00306,SUB00306,PROD005,2348081060235,Customer 306,Female,26-35,LAGOS,South East,Basic,2022-03-01,active,post paid,Annual,Nova Starter,Bundle,8000,,,69,,Bank Transfer,,,1.0,4.0
CUST00307,SUB00307,PROD003,2348076598619,Customer 307,Unknown,36-45,portharcourt,South South,Corporate,2022-01-23,,prepaid,Monthly,Nova Hybrid Plus,Bundle,18000,,3962.0,120,18000,USSD,5G,,1.0,
CUST00308,SUB00308,PROD003,2348096831110,Customer 308,FEMALE,,Enugu,South South,STANDARD,2024-03-09,active,POSTPAID,Monthly,Nova Hybrid Plus,Bundle,18000,,1154.0,69,18000,Cash,,-999.0,0.0,
CUST00309,SUB00309,PROD005,2348054833815,Customer 309,F,26-35,,North West,premium ,2021-09-11,ACTIVE,Postpaid,ANNUAL,Nova Starter,Bundle,8000,,2210.0,430,8000,Card,4g,-63.0,0.0,1.0
CUST00310,SUB00310,PROD004,2348065195729,Customer 310,Male,36-45,Lagos,South East,STANDARD,2022-09-01,Active,post paid,Monthly,Nova SME Connect,Business,35000,,,320,35000,bank transfer,4g,-999.0,5.0,
CUST00311,SUB00311,PROD005,2348027133769,Customer 311,Unknown,60+,Kano,South South,Standard,2021-05-07,,post paid,Monthly,Nova Starter,Bundle,8000,,,565,8000,bank transfer,5G,,0.0,
CUST00312,SUB00312,PROD002,2348031219109,Customer 312,Male,18-25,Port Harcourt,North West,Premium,2022-05-22,Suspended,POSTPAID,No contract,Nova Unlimited Voice,Voice,12000,,3174.0,414,12000,bank transfer,,-54.0,,
CUST00313,SUB00313,PROD004,2348016577078,Customer 313,male,,portharcourt,South West,premium ,2023-03-28,Cancelled,Prepaid,Monthly,Nova SME Connect,Business,35000,45000MB,3510.0,257,,Cash,5G,-999.0,1.0,1.0
CUST00314,SUB00314,PROD001,2348055658757,Customer 314,F,, Abuja ,North West,Basic,2022-08-09,cancelled,post paid,Annual,Nova Premium 5G,Data,25000,45000MB,,41,25000,CARD,LTE,-999.0,2.0,5.0
CUST00315,SUB00315,PROD004,2348032287008,Customer 315,Female,60+, Abuja ,North Central,Standard,2022-07-26,Suspended,Postpaid,Monthly,Nova SME Connect,Business,35000,55893,1429.0,776,,Bank Transfer,3G,,1.0,1.0
CUST00316,SUB00316,PROD004,2348060651345,Customer 316,Male,26-35,Enugu,South South,Standard,2025-05-04,Active,prepaid,Monthly,Nova SME Connect,Business,35000,,,791,35000,Cash,4g,-999.0,2.0,3.0
CUST00317,SUB00317,PROD004,2348076641070,Customer 317,female,26-35, Abuja ,South East,Corporate,2023-09-20,Cancelled,post paid,Monthly,Nova SME Connect,Business,35000,16550,3431.0,33,35000,Cash,4g,-999.0,5.0,5.0
CUST00318,SUB00318,PROD001,2348061366805,Customer 318,M,18-25,Lagos,South South,premium ,2022-02-17,cancelled,Prepaid,Annual,Nova Premium 5G,Data,25000,45000MB,768.0,95,25000,Cash,3G,-106.0,,2.0
CUST00319,SUB00319,PROD001,2348096596411,Customer 319,Female,18-25,Port Harcourt,South East,STANDARD,2024-10-21,,Prepaid,ANNUAL,Nova Premium 5G,Data,25000,16038,3445.0,668,,Card,LTE,-104.0,2.0,
CUST00320,SUB00320,PROD005,2348042186677, Customer 320 ,m ,,Enugu,North West,STANDARD,2024-02-24,Active,post paid,Annual,Nova Starter,Bundle,8000,45000MB,2791.0,622,,,4G,-999.0,5.0,2.0
CUST00321,SUB00321,PROD004,2348073239143,Customer 321,F,60+, Abuja ,North Central,,2024-02-26,Active,post paid,Monthly,Nova SME Connect,Business,35000,,258.0,457,35000,Card,3G,,0.0,3.0
CUST00322,SUB00322,PROD001,2348018519265,Customer 322,m ,36-45,Port Harcourt,North West,,2024-12-25,Cancelled,Postpaid,ANNUAL,Nova Premium 5G,Data,25000,,,331,25000,,,,,1.0
CUST00323,SUB00323,PROD001,2348030106222,Customer 323,F,,Kano,South West,Standard,2023-12-18,Suspended,POSTPAID,monthly,Nova Premium 5G,Data,25000,23295,,648,25000,Cash,LTE,-999.0,1.0,
CUST00324,SUB00324,PROD001,2348047159986,Customer 324,,60+,LAGOS,South East,,2022-08-04,Active,prepaid,Annual,Nova Premium 5G,Data,25000,57334,,792,,Cash,4g,-61.0,1.0,5.0
CUST00325,SUB00325,PROD001,2348050055938,Customer 325,Female,60+,LAGOS,North West,STANDARD,23/06/2025,Cancelled,Prepaid,Monthly,Nova Premium 5G,Data,25000,59378,2424.0,767,25000,USSD,4G,-999.0,1.0,
CUST00326,SUB00326,PROD003,2348041789907,Customer 326,Male,60+,portharcourt,South East,,2021-04-24,,post paid,monthly,Nova Hybrid Plus,Bundle,18000,45000MB,2773.0,640,,CARD,3G,-999.0,5.0,3.0
CUST00327,SUB00327,PROD004,2348067628633,Customer 327,FEMALE,60+, Abuja ,North West,STANDARD,2024-12-06,Cancelled,post paid,ANNUAL,Nova SME Connect,Business,35000,45000MB,,539,35000,bank transfer,,,1.0,2.0
CUST00328,SUB00328,PROD005,2348057878571,Customer 328,Female,,,North Central,Premium,2023-11-18,Active,Postpaid,ANNUAL,Nova Starter,Bundle,8000,,2613.0,684,8000,,3G,,2.0,2.0
CUST00329,SUB00329,PROD005,2348031928192,Customer 329,Male,,Ibadan,South West,Corporate,2025-11-20,active,post paid,Annual,Nova Starter,Bundle,8000,70462,1182.0,513,8000,bank transfer,,-999.0,,4.0
CUST00330,SUB00330,PROD002,2348051335612,Customer 330,Male,,portharcourt,South East,premium ,2021-12-24,Active,prepaid,Annual,Nova Unlimited Voice,Voice,12000,,,308,12000,USSD,LTE,-107.0,,5.0
CUST00331,SUB00331,PROD002,2348043889324,Customer 331,Female,60+,portharcourt,North West,Corporate,2023-07-19,Active,prepaid,Annual,Nova Unlimited Voice,Voice,12000,45000MB,823.0,627,12000,Bank Transfer,5G,,5.0,4.0
CUST00332,SUB00332,PROD002,2348041070536,Customer 332,M,36-45,Lagos,South East,STANDARD,2022-01-14,Actv,Postpaid,No contract,Nova Unlimited Voice,Voice,12000,,,738,12000,Card,4g,-90.0,2.0,1.0
CUST00333,SUB00333,PROD005,2348010627872,Customer 333,Female,18-25,Enugu,South South,Basic,2022-12-27,Actv,Postpaid,Annual,Nova Starter,Bundle,8000,45000MB,2385.0,80,,Card,3G,-70.0,1.0,2.0
CUST00334,SUB00334,PROD002,2348059938707,Customer 334,Male,36-45,portharcourt,South East,Standard,2021-11-29,,prepaid,Annual,Nova Unlimited Voice,Voice,12000,45000MB,,702,,Cash,LTE,-78.0,1.0,3.0
CUST00335,SUB00335,PROD004,2348037729837,Customer 335,Male,36-45,Lagos,South South,Premium,2024-05-12,Active,POSTPAID,Annual,Nova SME Connect,Business,35000,45735,,676,35000,Cash,,-64.0,1.0,2.0
CUST00336,SUB00336,PROD002,2348052803330,Customer 336,F,,,North Central,,2021-06-04,,post paid,Annual,Nova Unlimited Voice,Voice,12000,,,523,12000,USSD,3G,-999.0,5.0,5.0
CUST00337,SUB00337,PROD001,2348031200824,Customer 337, f,46-60,portharcourt,North West,Basic,2021-01-20,,POSTPAID,Monthly,Nova Premium 5G,Data,25000,45000MB,2626.0,626,,,5G,,0.0,4.0
CUST00338,SUB00338,PROD005,2348032995546,Customer 338,female,60+,Port Harcourt,South East,STANDARD,2021-02-09,,Postpaid,monthly,Nova Starter,Bundle,8000,45000MB,,458,,,5G,-64.0,,4.0
CUST00339,SUB00339,PROD002,2348043408100,Customer 339,male,46-60,Lagos,South West,Corporate,2023-05-26,Active,prepaid,Monthly,Nova Unlimited Voice,Voice,12000,,3739.0,660,12000,bank transfer,3G,,0.0,1.0
CUST00340,SUB00340,PROD005,2348092976844, Customer 340 ,Unknown,18-25,,South West,STANDARD,2023-07-16,,post paid,monthly,Nova Starter,Bundle,8000,60755,3634.0,279,,CARD,,-999.0,1.0,3.0
CUST00341,SUB00341,PROD003,2348041973296,Customer 341,M,,Abuja,North West,,2025-10-27,Cancelled,Prepaid,Annual,Nova Hybrid Plus,Bundle,18000,45000MB,,313,18000,Bank Transfer,LTE,,5.0,1.0
CUST00342,SUB00342,PROD003,2348075674880,Customer 342,Female,46-60,LAGOS,South East,Standard,2022-11-21,Cancelled,POSTPAID,Monthly,Nova Hybrid Plus,Bundle,18000,,2281.0,34,18000,Card,,,2.0,3.0
CUST00343,SUB00343,PROD005,2348074779082,Customer 343,Female,26-35,Abuja,South East,,2025-01-12,active,Prepaid,monthly,Nova Starter,Bundle,8000,45000MB,1925.0,523,8000,bank transfer,3G,-79.0,1.0,
CUST00344,SUB00344,PROD003,2348010854823,Customer 344,F,36-45,portharcourt,South South,Premium,2024-12-03,,Prepaid,ANNUAL,Nova Hybrid Plus,Bundle,18000,,,147,18000,CARD,LTE,,5.0,
CUST00345,SUB00345,PROD003,2348092400450,Customer 345,Unknown,18-25,lagos,South South,,2025-09-28,ACTIVE,post paid,Monthly,Nova Hybrid Plus,Bundle,18000,45000MB,3790.0,380,18000,USSD,5G,,0.0,5.0
CUST00346,SUB00346,PROD002,2348016872389,Customer 346,Female,46-60, Abuja ,South East,,2022-03-13,Cancelled,Prepaid,monthly,Nova Unlimited Voice,Voice,12000,45000MB,2671.0,124,12000,Cash,,-999.0,,5.0
CUST00347,SUB00347,PROD004,2348055426405,Customer 347,MALE,26-35,Enugu,North Central,Corporate,2022-01-25,Active,Postpaid,ANNUAL,Nova SME Connect,Business,35000,,,107,,Card,3G,-999.0,5.0,
CUST00348,SUB00348,PROD003,2348060525511,Customer 348,Female,26-35,LAGOS,South South,STANDARD,2023-06-19,Suspended,POSTPAID,Monthly,Nova Hybrid Plus,Bundle,18000,45000MB,3657.0,388,18000,bank transfer,4g,-999.0,1.0,3.0
CUST00349,SUB00349,PROD003,2348088807315,Customer 349,Female,18-25,Abuja,South East,STANDARD,2023-01-05,SUSPENDED,POSTPAID,Annual,Nova Hybrid Plus,Bundle,18000,25936,1431.0,777,18000,Bank Transfer,4g,,5.0,4.0
CUST00350,SUB00350,PROD005,2348054500156,Customer 350,Male,60+,Ibadan,North West,STANDARD,02/08/2025,Cancelled,POSTPAID,No contract,Nova Starter,Bundle,8000,45000MB,3224.0,508,8000,bank transfer,3G,-999.0,2.0,4.0
CUST00351,SUB00351,PROD003,2348089124745,Customer 351,MALE,26-35,Abuja,North Central,premium ,2025-01-27,,Prepaid,Monthly,Nova Hybrid Plus,Bundle,18000,,1289.0,41,18000,Bank Transfer,4g,-999.0,5.0,
CUST00352,SUB00352,PROD004,2348056011306,Customer 352,Female,26-35,Lagos,South West,Basic,2021-12-25,Suspended,Prepaid,Monthly,Nova SME Connect,Business,35000,25374,,117,,bank transfer,4G,,,3.0
CUST00353,SUB00353,PROD005,2348033593252,Customer 353,Male,60+,portharcourt,South East,STANDARD,2025-10-19,active,post paid,Annual,Nova Starter,Bundle,8000,51563,,357,8000,Cash,4g,,5.0,4.0
CUST00354,SUB00354,PROD004,2348072723074,Customer 354,Male,18-25,LAGOS,South West,STANDARD,2021-10-22,Active,post paid,ANNUAL,Nova SME Connect,Business,35000,45000MB,,566,,Cash,4g,-51.0,5.0,4.0
CUST00355,SUB00355,PROD005,2348033019755,Customer 355,female,26-35,Port Harcourt,North West,Basic,2022-03-31,active,POSTPAID,ANNUAL,Nova Starter,Bundle,8000,,3373.0,333,8000,Bank Transfer,4g,-999.0,0.0,2.0
CUST00356,SUB00356,PROD001,2348099190558,Customer 356,Female,26-35, Abuja ,South South,,2021-02-10,Cancelled,post paid,Annual,Nova Premium 5G,Data,25000,,2452.0,629,25000,Bank Transfer,4G,-60.0,,1.0
CUST00357,SUB00357,PROD001,2348060047470,Customer 357,Female,36-45,LAGOS,South West,Premium,2021-10-07,active,Postpaid,Annual,Nova Premium 5G,Data,25000,9419,550.0,509,25000,Cash,5G,-103.0,,3.0
CUST00358,SUB00358,PROD005,2348059474108,Customer 358,female,18-25,,South East,Corporate,2023-03-25,cancelled,Postpaid,monthly,Nova Starter,Bundle,8000,,,715,8000,,,-999.0,,2.0
CUST00359,SUB00359,PROD001,2348058923322,Customer 359,Male,18-25,portharcourt,South West,Standard,2024-10-23,cancelled,post paid,Annual,Nova Premium 5G,Data,25000,,3134.0,754,,Cash,4g,-999.0,2.0,5.0
CUST00360,SUB00360,PROD002,2348070610801, Customer 360 ,Male,60+, Abuja ,South West,Standard,2022-09-05,cancelled,prepaid,No contract,Nova Unlimited Voice,Voice,12000,45000MB,,280,,Cash,5G,-95.0,2.0,
CUST00361,SUB00361,PROD001,2348043498503,Customer 361, f,18-25,Abuja,South East,,2025-04-24,cancelled,Prepaid,ANNUAL,Nova Premium 5G,Data,25000,45000MB,16.0,592,,,,-81.0,2.0,1.0
CUST00362,SUB00362,PROD001,2348080449608,Customer 362,Male,18-25,Enugu,North Central,Corporate,2022-12-10,Cancelled,post paid,monthly,Nova Premium 5G,Data,25000,45000MB,,1,,bank transfer,5G,,0.0,1.0
CUST00363,SUB00363,PROD004,2348019729932,Customer 363,M,60+,Ibadan,South West,Basic,2024-03-31,Active,Prepaid,Monthly,Nova SME Connect,Business,35000,45000MB,,734,35000,bank transfer,5G,-69.0,5.0,3.0
CUST00364,SUB00364,PROD003,2348076237892,Customer 364,,26-35,portharcourt,South West,STANDARD,2024-03-11,Suspended,Prepaid,No contract,Nova Hybrid Plus,Bundle,18000,,2253.0,635,18000,USSD,,-999.0,,2.0
CUST00365,SUB00365,PROD004,2348085203211,Customer 365,Male,60+,Port Harcourt,South East,Standard,2022-06-10,Active,POSTPAID,Annual,Nova SME Connect,Business,35000,,3138.0,367,35000,Cash,LTE,-91.0,1.0,3.0
CUST00366,SUB00366,PROD003,2348059744375,Customer 366,Female,60+, Abuja ,South South,Premium,2024-04-05,,prepaid,ANNUAL,Nova Hybrid Plus,Bundle,18000,,,107,18000,,5G,-63.0,1.0,5.0
CUST00367,SUB00367,PROD005,2348050696350,Customer 367,female,,Port Harcourt,South West,Corporate,2023-07-18,cancelled,prepaid,monthly,Nova Starter,Bundle,8000,16386,2140.0,554,8000,Cash,,,1.0,1.0
CUST00368,SUB00368,PROD005,2348068102274,Customer 368,m ,60+,Port Harcourt,South West,premium ,2024-02-23,Actv,Prepaid,monthly,Nova Starter,Bundle,8000,45000MB,,111,8000,Card,5G,-999.0,2.0,3.0
CUST00369,SUB00369,PROD005,2348010762075,Customer 369,F,26-35,Port Harcourt,South South,Basic,2022-04-07,cancelled,Prepaid,Monthly,Nova Starter,Bundle,8000,,,175,,CARD,5G,-69.0,5.0,1.0
CUST00370,SUB00370,PROD003,2348091714958,Customer 370,Female,60+,Kano,North Central,Standard,2023-06-19,ACTIVE,POSTPAID,ANNUAL,Nova Hybrid Plus,Bundle,18000,,3095.0,223,18000,Bank Transfer,5G,-78.0,1.0,3.0
CUST00371,SUB00371,PROD001,2348015740358,Customer 371,F,, Abuja ,North Central,premium ,2023-01-06,,Prepaid,No contract,Nova Premium 5G,Data,25000,,341.0,527,25000,Card,4G,,1.0,1.0
CUST00372,SUB00372,PROD001,2348050652683,Customer 372,F,,Abuja,South West,Premium,2023-11-15,Active,prepaid,No contract,Nova Premium 5G,Data,25000,18325,1389.0,164,25000,,LTE,-67.0,2.0,2.0
CUST00373,SUB00373,PROD001,2348077075664,Customer 373,M,26-35,portharcourt,South East,premium ,2023-11-21,SUSPENDED,post paid,No contract,Nova Premium 5G,Data,25000,,925.0,586,25000,CARD,,,2.0,
CUST00374,SUB00374,PROD005,2348068338143,Customer 374,F,36-45,Abuja,South West,STANDARD,2025-04-13,cancelled,Prepaid,No contract,Nova Starter,Bundle,8000,,2037.0,412,8000,Cash,4G,-999.0,2.0,4.0
CUST00375,SUB00375,PROD004,2348082270784,Customer 375,male,46-60,Enugu,North West,Corporate,29/01/2022,cancelled,Postpaid,ANNUAL,Nova SME Connect,Business,35000,,1500.0,153,35000,Card,4g,,5.0,2.0
CUST00376,SUB00376,PROD004,2348099056325,Customer 376,MALE,26-35,Kano,North Central,STANDARD,2024-04-05,,Postpaid,No contract,Nova SME Connect,Business,35000,,,701,,Bank Transfer,3G,-65.0,0.0,5.0
CUST00377,SUB00377,PROD001,2348085993882,Customer 377,Male,18-25,Kano,South South,Premium,2023-04-26,active,Postpaid,ANNUAL,Nova Premium 5G,Data,25000,37546,,542,25000,CARD,LTE,-999.0,0.0,
CUST00378,SUB00378,PROD002,2348071350316,Customer 378,Female,18-25,LAGOS,North West,STANDARD,2022-10-20,active,prepaid,Monthly,Nova Unlimited Voice,Voice,12000,45000MB,,417,,CARD,,-72.0,1.0,1.0
CUST00379,SUB00379,PROD004,2348013474574,Customer 379,,60+,Port Harcourt,North Central,STANDARD,2024-05-11,Cancelled,post paid,monthly,Nova SME Connect,Business,35000,45000MB,,543,35000,Cash,4g,-999.0,0.0,4.0
CUST00380,SUB00380,PROD001,2348066211540, Customer 380 ,Male,36-45, Abuja ,North Central,Corporate,2021-05-06,active,Prepaid,Monthly,Nova Premium 5G,Data,25000,,2980.0,426,25000,bank transfer,4g,-65.0,2.0,2.0
CUST00381,SUB00381,PROD004,2348013703458,Customer 381,Male,26-35,LAGOS,South West,STANDARD,2023-06-19,Active,post paid,No contract,Nova SME Connect,Business,35000,,,718,35000,bank transfer,5G,,0.0,2.0
CUST00382,SUB00382,PROD002,2348093088138,Customer 382,Male,46-60,,South East,,2025-06-22,Suspended,Postpaid,Annual,Nova Unlimited Voice,Voice,12000,45000MB,1676.0,501,12000,bank transfer,3G,-61.0,,4.0
CUST00383,SUB00383,PROD001,2348068656780,Customer 383,M,18-25,Lagos,North West,Basic,2024-02-06,,prepaid,No contract,Nova Premium 5G,Data,25000,,,195,25000,Bank Transfer,3G,-73.0,0.0,5.0
CUST00384,SUB00384,PROD001,2348063542435,Customer 384,Female,36-45,Enugu,North West,STANDARD,2022-05-16,Actv,Prepaid,monthly,Nova Premium 5G,Data,25000,,,776,,Card,5G,,5.0,5.0
CUST00385,SUB00385,PROD002,2348084234547,Customer 385,,,,South East,premium ,2024-05-21,active,post paid,No contract,Nova Unlimited Voice,Voice,12000,45000MB,,486,12000,Bank Transfer,LTE,,0.0,
CUST00386,SUB00386,PROD003,2348046389044,Customer 386,Unknown,60+,,South East,,2021-01-28,Actv,post paid,ANNUAL,Nova Hybrid Plus,Bundle,18000,45000MB,2887.0,51,18000,bank transfer,4g,-60.0,0.0,
CUST00387,SUB00387,PROD002,2348033991515,Customer 387,Female,46-60,Port Harcourt,South South,Premium,2022-06-16,Active,Postpaid,ANNUAL,Nova Unlimited Voice,Voice,12000,,,787,,,LTE,-999.0,2.0,1.0
CUST00388,SUB00388,PROD005,2348080756577,Customer 388,M,,LAGOS,North Central,premium ,2024-07-06,ACTIVE,Postpaid,Annual,Nova Starter,Bundle,8000,45000MB,2746.0,51,8000,Card,4G,,0.0,
CUST00389,SUB00389,PROD003,2348034251233,Customer 389,FEMALE,36-45,Lagos,South West,Premium,2025-10-31,SUSPENDED,prepaid,monthly,Nova Hybrid Plus,Bundle,18000,15607,,593,18000,USSD,5G,,,4.0
CUST00390,SUB00390,PROD005,2348040906174,Customer 390,,36-45,,North West,Standard,2021-05-11,Suspended,Prepaid,monthly,Nova Starter,Bundle,8000,69116,,241,8000,Cash,3G,,1.0,
CUST00391,SUB00391,PROD003,2348081982038,Customer 391,Male,60+,lagos,South East,Corporate,2024-10-26,Suspended,prepaid,ANNUAL,Nova Hybrid Plus,Bundle,18000,34873,1189.0,326,18000,Bank Transfer,LTE,-999.0,0.0,5.0
CUST00392,SUB00392,PROD004,2348071256761,Customer 392,Female,60+,Enugu,North West,premium ,2021-08-10,,post paid,Annual,Nova SME Connect,Business,35000,35523,1776.0,670,35000,CARD,,,1.0,5.0
CUST00393,SUB00393,PROD003,2348088991517,Customer 393,F,,lagos,South East,STANDARD,2022-08-31,SUSPENDED,Prepaid,ANNUAL,Nova Hybrid Plus,Bundle,18000,45000MB,,772,18000,bank transfer,LTE,-999.0,0.0,2.0
CUST00394,SUB00394,PROD003,2348091615239,Customer 394,Male,36-45,portharcourt,South West,,2023-02-28,active,Postpaid,Annual,Nova Hybrid Plus,Bundle,18000,40937,,222,18000,CARD,4G,,5.0,
CUST00395,SUB00395,PROD002,2348058233814,Customer 395,MALE,36-45,Ibadan,North Central,premium ,2023-05-15,,post paid,Annual,Nova Unlimited Voice,Voice,12000,,,167,,USSD,3G,-81.0,0.0,
CUST00396,SUB00396,PROD004,2348091746903,Customer 396,Male,26-35,LAGOS,North West,Standard,2023-05-04,Cancelled,Postpaid,monthly,Nova SME Connect,Business,35000,,,151,,Card,4G,-999.0,2.0,
CUST00397,SUB00397,PROD002,2348043782483,Customer 397,F,,Enugu,South West,,2021-03-03,ACTIVE,prepaid,No contract,Nova Unlimited Voice,Voice,12000,,,634,12000,Cash,4G,-51.0,1.0,3.0
CUST00398,SUB00398,PROD004,2348076084182,Customer 398,male,46-60,lagos,South South,Premium,2024-05-10,,Prepaid,Monthly,Nova SME Connect,Business,35000,50875,,25,35000,bank transfer,LTE,-71.0,0.0,2.0
CUST00399,SUB00399,PROD003,2348080799098,Customer 399,Male,36-45,Abuja,North Central,Premium,2022-05-06,SUSPENDED,Postpaid,ANNUAL,Nova Hybrid Plus,Bundle,18000,36203,3788.0,130,18000,Cash,,-999.0,,2.0
CUST00400,SUB00400,PROD002,2348024584152, Customer 400 ,Female,26-35,lagos,North Central,Premium,11/01/2023,Active,Postpaid,Annual,Nova Unlimited Voice,Voice,12000,12833,1375.0,195,,Cash,LTE,-109.0,,3.0
CUST00401,SUB00401,PROD002,2348065937670,Customer 401,Female,36-45, Abuja ,North Central,premium ,2023-08-27,Suspended,Postpaid,No contract,Nova Unlimited Voice,Voice,12000,,740.0,285,12000,Bank Transfer,4g,,5.0,4.0
CUST00402,SUB00402,PROD001,2348028605598,Customer 402,Female,,lagos,North West,STANDARD,2023-06-22,Suspended,post paid,monthly,Nova Premium 5G,Data,25000,76795,3083.0,650,25000,USSD,,,5.0,2.0
CUST00403,SUB00403,PROD002,2348096186775,Customer 403,female,,portharcourt,South West,Standard,2024-11-18,Cancelled,post paid,ANNUAL,Nova Unlimited Voice,Voice,12000,,2162.0,226,12000,Card,LTE,,1.0,5.0
CUST00404,SUB00404,PROD002,2348072479232,Customer 404,,18-25,Lagos,North West,Standard,2024-12-11,,Prepaid,Annual,Nova Unlimited Voice,Voice,12000,,2296.0,429,12000,Cash,3G,,,2.0
CUST00405,SUB00405,PROD004,2348049443862,Customer 405,Male,46-60,Kano,South East,STANDARD,2021-02-23,Active,prepaid,monthly,Nova SME Connect,Business,35000,,2096.0,108,,Card,3G,-58.0,5.0,5.0
CUST00406,SUB00406,PROD002,2348090979313,Customer 406,m ,60+,Lagos,South West,Basic,2022-08-31,active,post paid,Annual,Nova Unlimited Voice,Voice,12000,,,321,12000,Cash,,-53.0,2.0,1.0
CUST00407,SUB00407,PROD003,2348062124405,Customer 407,Male,46-60,Lagos,North Central,premium ,2022-10-14,SUSPENDED,post paid,monthly,Nova Hybrid Plus,Bundle,18000,,3395.0,333,18000,USSD,4g,-74.0,1.0,2.0
CUST00408,SUB00408,PROD004,2348039554839,Customer 408,female,,Ibadan,North West,Corporate,2021-04-08,ACTIVE,prepaid,ANNUAL,Nova SME Connect,Business,35000,70283,,379,,Cash,4g,-51.0,5.0,3.0
CUST00409,SUB00409,PROD005,2348029100581,Customer 409,Male,26-35,Port Harcourt,North West,STANDARD,2023-10-22,Cancelled,prepaid,ANNUAL,Nova Starter,Bundle,8000,,1989.0,774,8000,Cash,LTE,-999.0,0.0,3.0
CUST00410,SUB00410,PROD005,2348068332404,Customer 410, f,18-25,Lagos,South East,Basic,2025-04-20,Active,Postpaid,Annual,Nova Starter,Bundle,8000,55175,1739.0,125,,CARD,LTE,-56.0,0.0,1.0
CUST00411,SUB00411,PROD005,2348035285306,Customer 411,Male,60+,portharcourt,North Central,premium ,2022-07-02,active,Postpaid,monthly,Nova Starter,Bundle,8000,45000MB,,411,8000,CARD,5G,-94.0,0.0,5.0
CUST00412,SUB00412,PROD005,2348037788601,Customer 412,,,Port Harcourt,North Central,premium ,2024-04-02,Cancelled,POSTPAID,ANNUAL,Nova Starter,Bundle,8000,,,446,,Bank Transfer,4g,-56.0,,1.0
CUST00413,SUB00413,PROD005,2348029518954,Customer 413, f,26-35,Abuja,North Central,STANDARD,2021-05-22,Active,POSTPAID,Annual,Nova Starter,Bundle,8000,,,731,8000,Bank Transfer,5G,-999.0,0.0,5.0
CUST00414,SUB00414,PROD004,2348033552790,Customer 414,M,26-35,lagos,North Central,,2023-10-16,,POSTPAID,ANNUAL,Nova SME Connect,Business,35000,45000MB,1150.0,756,,USSD,LTE,-52.0,0.0,2.0
CUST00415,SUB00415,PROD004,2348043635714,Customer 415,Female,18-25,Lagos,North West,premium ,2023-02-11,Suspended,prepaid,No contract,Nova SME Connect,Business,35000,,,212,,CARD,,,,4.0
CUST00416,SUB00416,PROD005,2348010552219,Customer 416,M,18-25,Ibadan,North Central,Premium,2025-05-20,Cancelled,Postpaid,Annual,Nova Starter,Bundle,8000,65229,630.0,166,8000,,,,2.0,3.0
CUST00417,SUB00417,PROD003,2348021529113,Customer 417,Male,18-25,lagos,North Central,STANDARD,2022-01-29,Active,POSTPAID,Monthly,Nova Hybrid Plus,Bundle,18000,45000MB,2252.0,622,18000,Cash,3G,,5.0,
CUST00418,SUB00418,PROD004,2348055406071,Customer 418,Female,18-25,,South South,STANDARD,2024-07-29,Suspended,Prepaid,No contract,Nova SME Connect,Business,35000,,2317.0,171,,,,-97.0,5.0,3.0
CUST00419,SUB00419,PROD003,2348085994169,Customer 419,Male,26-35,Kano,North Central,Corporate,2022-01-01,Suspended,POSTPAID,Annual,Nova Hybrid Plus,Bundle,18000,77814,,141,18000,Card,3G,-999.0,1.0,2.0
CUST00420,SUB00420,PROD001,2348036170204, Customer 420 ,,46-60,Port Harcourt,South South,STANDARD,2024-12-03,Cancelled,prepaid,monthly,Nova Premium 5G,Data,25000,,,615,25000,Card,4G,,1.0,
CUST00421,SUB00421,PROD002,2348029113621,Customer 421,FEMALE,26-35,Enugu,South West,premium ,2024-12-17,ACTIVE,prepaid,No contract,Nova Unlimited Voice,Voice,12000,,2815.0,612,,USSD,4g,,2.0,1.0
CUST00422,SUB00422,PROD003,2348099109156,Customer 422,m ,60+,Lagos,North West,premium ,2023-02-19,Suspended,Postpaid,Monthly,Nova Hybrid Plus,Bundle,18000,,523.0,453,,USSD,LTE,-999.0,1.0,5.0
CUST00423,SUB00423,PROD002,2348016892250,Customer 423,Female,,Enugu,South West,,2022-04-09,Actv,prepaid,ANNUAL,Nova Unlimited Voice,Voice,12000,,,357,12000,Card,LTE,-88.0,2.0,4.0
CUST00424,SUB00424,PROD002,2348046949454,Customer 424,Male,,Lagos,South East,STANDARD,2023-09-12,Active,prepaid,No contract,Nova Unlimited Voice,Voice,12000,45000MB,1458.0,652,12000,Cash,,-90.0,0.0,5.0
CUST00425,SUB00425,PROD004,2348052452629,Customer 425,M,26-35,Abuja,North West,premium ,14/01/2025,Suspended,Postpaid,Monthly,Nova SME Connect,Business,35000,45000MB,,697,,,4G,-999.0,,2.0
CUST00426,SUB00426,PROD004,2348012336633,Customer 426,Male,26-35,Enugu,South East,Corporate,2025-02-27,Actv,prepaid,Annual,Nova SME Connect,Business,35000,45319,,200,35000,bank transfer,5G,-999.0,2.0,2.0
CUST00427,SUB00427,PROD004,2348081175383,Customer 427,m ,60+,Port Harcourt,South West,premium ,2021-08-27,Cancelled,Prepaid,monthly,Nova SME Connect,Business,35000,87146,3898.0,282,35000,Cash,5G,-58.0,2.0,4.0
CUST00428,SUB00428,PROD003,2348041740133,Customer 428,F,36-45,,North West,premium ,2025-06-07,active,post paid,ANNUAL,Nova Hybrid Plus,Bundle,18000,57358,,162,,Cash,5G,-94.0,2.0,4.0
CUST00429,SUB00429,PROD002,2348044540433,Customer 429,M,26-35,Ibadan,North Central,premium ,2023-05-02,Active,POSTPAID,Annual,Nova Unlimited Voice,Voice,12000,80098,,469,12000,bank transfer,5G,,0.0,1.0
CUST00430,SUB00430,PROD002,2348010583758,Customer 430,F,60+,Port Harcourt,South South,,2023-07-22,Suspended,Prepaid,Annual,Nova Unlimited Voice,Voice,12000,45000MB,,227,12000,CARD,4g,,5.0,
CUST00431,SUB00431,PROD004,2348040467394,Customer 431, f,26-35,Lagos,South South,Premium,2024-01-11,Active,Prepaid,Monthly,Nova SME Connect,Business,35000,65452,,687,,Cash,4g,-999.0,0.0,3.0
CUST00432,SUB00432,PROD003,2348014158621,Customer 432,Male,46-60, Abuja ,South South,Premium,2024-11-30,cancelled,prepaid,ANNUAL,Nova Hybrid Plus,Bundle,18000,,191.0,573,18000,CARD,4G,,0.0,5.0
CUST00433,SUB00433,PROD002,2348075730671,Customer 433,,,Enugu,South South,Basic,2024-02-09,Suspended,post paid,Annual,Nova Unlimited Voice,Voice,12000,45000MB,2563.0,617,12000,Card,4G,-105.0,,4.0
CUST00434,SUB00434,PROD002,2348043531074,Customer 434,Male,26-35,Enugu,South East,Corporate,2025-09-16,,Postpaid,monthly,Nova Unlimited Voice,Voice,12000,45000MB,2211.0,560,,Bank Transfer,4g,-999.0,1.0,2.0
CUST00435,SUB00435,PROD004,2348064022532,Customer 435,Female,18-25,Abuja,North West,STANDARD,2021-08-14,SUSPENDED,Postpaid,No contract,Nova SME Connect,Business,35000,45000MB,2986.0,536,35000,CARD,LTE,,0.0,2.0
CUST00436,SUB00436,PROD001,2348065755578,Customer 436,,46-60,LAGOS,North West,Premium,2023-10-02,Cancelled,prepaid,ANNUAL,Nova Premium 5G,Data,25000,10415,,224,,USSD,3G,-999.0,0.0,1.0
CUST00437,SUB00437,PROD005,2348040781252,Customer 437,Female,26-35,LAGOS,North West,Corporate,2022-06-24,active,prepaid,ANNUAL,Nova Starter,Bundle,8000,,,184,8000,Cash,3G,,0.0,4.0
CUST00438,SUB00438,PROD003,2348026334150,Customer 438,F,18-25,LAGOS,North West,Standard,2022-09-22,active,post paid,No contract,Nova Hybrid Plus,Bundle,18000,45000MB,,485,18000,Bank Transfer,,-999.0,1.0,4.0
CUST00439,SUB00439,PROD001,2348079720879,Customer 439,Male,26-35,Ibadan,North West,Standard,2024-01-02,ACTIVE,post paid,monthly,Nova Premium 5G,Data,25000,45000MB,,285,,Bank Transfer,LTE,-86.0,0.0,5.0
CUST00440,SUB00440,PROD003,2348063697527, Customer 440 ,MALE,18-25,LAGOS,North Central,,2023-11-24,Active,Prepaid,ANNUAL,Nova Hybrid Plus,Bundle,18000,,2723.0,58,,bank transfer,,-999.0,0.0,3.0
CUST00441,SUB00441,PROD002,2348062330114,Customer 441,M,26-35,portharcourt,South South,,2022-02-19,active,post paid,ANNUAL,Nova Unlimited Voice,Voice,12000,79046,3774.0,344,12000,CARD,4G,-999.0,1.0,2.0
CUST00442,SUB00442,PROD004,2348028360443,Customer 442,FEMALE,60+,Abuja,South South,Premium,2025-10-05,Active,prepaid,monthly,Nova SME Connect,Business,35000,50482,1071.0,138,35000,Cash,4G,-999.0,0.0,
CUST00443,SUB00443,PROD004,2348079242866,Customer 443,M,18-25,Abuja,North Central,Corporate,2025-11-19,SUSPENDED,post paid,monthly,Nova SME Connect,Business,35000,38974,,54,35000,Bank Transfer,3G,-101.0,1.0,1.0
CUST00444,SUB00444,PROD003,2348019586507,Customer 444,Male,60+,portharcourt,South East,Basic,2025-11-17,,post paid,No contract,Nova Hybrid Plus,Bundle,18000,,3454.0,605,18000,,4g,-999.0,1.0,
CUST00445,SUB00445,PROD005,2348090837798,Customer 445,FEMALE,60+,Lagos,South East,,2024-10-23,Suspended,Postpaid,monthly,Nova Starter,Bundle,8000,,2272.0,391,8000,Bank Transfer,LTE,-89.0,1.0,4.0
CUST00446,SUB00446,PROD002,2348085288357,Customer 446,,46-60, Abuja ,South West,premium ,2021-09-24,Active,Postpaid,monthly,Nova Unlimited Voice,Voice,12000,,,392,12000,Bank Transfer,4G,-999.0,1.0,3.0
CUST00447,SUB00447,PROD001,2348058353988,Customer 447,Male,26-35,Port Harcourt,South East,Standard,2024-02-12,active,POSTPAID,monthly,Nova Premium 5G,Data,25000,,164.0,194,,USSD,3G,-999.0,2.0,
CUST00448,SUB00448,PROD002,2348073313058,Customer 448,M,60+,Ibadan,North West,,2022-08-29,SUSPENDED,Postpaid,Monthly,Nova Unlimited Voice,Voice,12000,45000MB,3314.0,537,12000,CARD,3G,-80.0,1.0,2.0
CUST00449,SUB00449,PROD005,2348074700859,Customer 449,Female,18-25,lagos,South East,STANDARD,2024-04-24,Active,Postpaid,ANNUAL,Nova Starter,Bundle,8000,45000MB,,356,8000,Card,4G,-72.0,0.0,
CUST00450,SUB00450,PROD002,2348051328041,Customer 450,,36-45,Abuja,South West,Corporate,19/07/2023,Cancelled,POSTPAID,Annual,Nova Unlimited Voice,Voice,12000,45000MB,,769,,Bank Transfer,4g,-999.0,0.0,
CUST00451,SUB00451,PROD005,2348012015442,Customer 451,Male,,Kano,South South,Basic,2024-04-19,,prepaid,No contract,Nova Starter,Bundle,8000,45000MB,3654.0,77,8000,Cash,5G,,,2.0
CUST00452,SUB00452,PROD004,2348021365194,Customer 452,Female,60+,lagos,South West,,2023-05-21,Suspended,Postpaid,Monthly,Nova SME Connect,Business,35000,45000MB,,280,35000,,3G,-71.0,5.0,
CUST00453,SUB00453,PROD004,2348019507471,Customer 453,M,18-25,,North Central,premium ,2024-10-28,active,Prepaid,ANNUAL,Nova SME Connect,Business,35000,45000MB,,325,35000,Bank Transfer,LTE,-51.0,1.0,3.0
CUST00454,SUB00454,PROD004,2348015030035,Customer 454,female,,Port Harcourt,North West,Standard,2025-08-05,Active,Prepaid,Annual,Nova SME Connect,Business,35000,42999,,633,35000,bank transfer,4g,,0.0,5.0
CUST00455,SUB00455,PROD002,2348018812830,Customer 455, f,26-35,Abuja,North West,premium ,2025-07-10,Active,prepaid,Annual,Nova Unlimited Voice,Voice,12000,45000MB,,736,12000,Card,4g,-85.0,5.0,1.0
CUST00456,SUB00456,PROD001,2348094670149,Customer 456,Male,36-45,Lagos,South East,Basic,2023-09-23,Actv,POSTPAID,No contract,Nova Premium 5G,Data,25000,62899,1793.0,361,25000,Cash,5G,,,3.0
CUST00457,SUB00457,PROD005,2348033186585,Customer 457,Male,26-35,Ibadan,North Central,Premium,2021-10-10,Cancelled,POSTPAID,ANNUAL,Nova Starter,Bundle,8000,45000MB,,727,8000,,4G,-999.0,2.0,2.0
CUST00458,SUB00458,PROD001,2348091353551,Customer 458,Male,60+,Abuja,South East,Standard,2021-11-17,Active,prepaid,Annual,Nova Premium 5G,Data,25000,22535,187.0,344,,bank transfer,4G,-86.0,1.0,5.0
CUST00459,SUB00459,PROD003,2348084981547,Customer 459,FEMALE,60+,Lagos,North Central,Corporate,2022-12-15,Active,POSTPAID,ANNUAL,Nova Hybrid Plus,Bundle,18000,,1421.0,745,18000,Bank Transfer,,-999.0,1.0,3.0
CUST00460,SUB00460,PROD002,2348081284665, Customer 460 ,Male,46-60,,South South,Premium,2021-01-16,active,post paid,Monthly,Nova Unlimited Voice,Voice,12000,,1249.0,401,12000,,3G,-81.0,5.0,3.0
CUST00461,SUB00461,PROD005,2348072776518,Customer 461,Male,,Abuja,South West,Corporate,2024-08-24,Cancelled,POSTPAID,Annual,Nova Starter,Bundle,8000,45000MB,3352.0,424,8000,CARD,3G,-999.0,5.0,5.0
CUST00462,SUB00462,PROD004,2348081534105,Customer 462,Female,,Enugu,North Central,,2023-02-18,active,Postpaid,Annual,Nova SME Connect,Business,35000,,3936.0,485,35000,Card,LTE,-999.0,1.0,2.0
CUST00463,SUB00463,PROD004,2348092614386,Customer 463,,60+,Lagos,North Central,Basic,2025-06-23,Suspended,POSTPAID,ANNUAL,Nova SME Connect,Business,35000,28692,3387.0,142,35000,bank transfer,,-88.0,1.0,2.0
CUST00464,SUB00464,PROD004,2348014208196,Customer 464,Male,46-60,Lagos,South East,STANDARD,2024-04-17,ACTIVE,Postpaid,Annual,Nova SME Connect,Business,35000,45000MB,,183,,Cash,,-999.0,2.0,5.0
CUST00465,SUB00465,PROD001,2348053570823,Customer 465,male,18-25,,North West,STANDARD,2022-07-09,Active,POSTPAID,monthly,Nova Premium 5G,Data,25000,45000MB,2334.0,150,25000,USSD,3G,-999.0,2.0,4.0
CUST00466,SUB00466,PROD005,2348038838036,Customer 466,FEMALE,46-60,LAGOS,South West,Corporate,2025-07-07,,Postpaid,Monthly,Nova Starter,Bundle,8000,45000MB,,590,8000,Cash,LTE,-999.0,2.0,1.0
CUST00467,SUB00467,PROD005,2348052476324,Customer 467,Female,18-25,portharcourt,North Central,Basic,2022-10-26,Suspended,Prepaid,monthly,Nova Starter,Bundle,8000,,282.0,117,8000,Card,LTE,-77.0,,5.0
CUST00468,SUB00468,PROD004,2348072118638,Customer 468,male,46-60,,North West,STANDARD,2023-07-26,Cancelled,prepaid,No contract,Nova SME Connect,Business,35000,,2446.0,519,35000,bank transfer,,,,2.0
CUST00469,SUB00469,PROD003,2348091520931,Customer 469,M,46-60,LAGOS,North Central,STANDARD,2022-10-04,Active,Prepaid,No contract,Nova Hybrid Plus,Bundle,18000,45000MB,,422,18000,,,,0.0,4.0
CUST00470,SUB00470,PROD004,2348055935616,Customer 470,Male,46-60,,North Central,Standard,2024-05-25,Active,POSTPAID,ANNUAL,Nova SME Connect,Business,35000,,,741,35000,Bank Transfer,4G,-999.0,1.0,
CUST00471,SUB00471,PROD005,2348059245326,Customer 471,Male,46-60,lagos,South West,,2022-11-29,Cancelled,prepaid,Monthly,Nova Starter,Bundle,8000,45000MB,621.0,362,8000,CARD,5G,-54.0,5.0,
CUST00472,SUB00472,PROD003,2348079593677,Customer 472,FEMALE,36-45,Lagos,South West,premium ,2022-02-17,active,POSTPAID,No contract,Nova Hybrid Plus,Bundle,18000,,2421.0,659,18000,CARD,3G,,2.0,4.0
CUST00473,SUB00473,PROD004,2348097046981,Customer 473,M,,portharcourt,South East,,2023-12-05,Cancelled,Postpaid,Monthly,Nova SME Connect,Business,35000,74270,2386.0,199,35000,bank transfer,,-89.0,5.0,
CUST00474,SUB00474,PROD001,2348086039433,Customer 474,female,46-60,Enugu,South East,,2024-06-23,Active,Prepaid,monthly,Nova Premium 5G,Data,25000,45000MB,2599.0,793,,CARD,3G,-999.0,0.0,4.0
CUST00475,SUB00475,PROD002,2348079070765,Customer 475,Female,26-35,Port Harcourt,South East,STANDARD,04/04/2025,active,Prepaid,monthly,Nova Unlimited Voice,Voice,12000,45000MB,84.0,696,,bank transfer,4G,-999.0,2.0,3.0
CUST00476,SUB00476,PROD002,2348098856140,Customer 476,,36-45,Port Harcourt,South South,Basic,2023-03-12,,prepaid,Monthly,Nova Unlimited Voice,Voice,12000,42820,165.0,161,12000,CARD,4g,-999.0,1.0,2.0
CUST00477,SUB00477,PROD005,2348052437349,Customer 477,Female,26-35,Lagos,South East,Corporate,2024-09-19,,prepaid,Annual,Nova Starter,Bundle,8000,45000MB,,469,8000,bank transfer,LTE,,1.0,1.0
CUST00478,SUB00478,PROD001,2348036892576,Customer 478,M,18-25,Abuja,North West,Standard,2023-07-22,Suspended,post paid,monthly,Nova Premium 5G,Data,25000,79802,1078.0,549,25000,Bank Transfer,5G,-999.0,2.0,5.0
CUST00479,SUB00479,PROD002,2348089078934,Customer 479, f,26-35, Abuja ,North Central,,2023-11-13,,Postpaid,Annual,Nova Unlimited Voice,Voice,12000,45000MB,,318,,,5G,,5.0,5.0
CUST00480,SUB00480,PROD004,2348059494585, Customer 480 ,Male,,Kano,North Central,STANDARD,2021-01-22,active,Prepaid,ANNUAL,Nova SME Connect,Business,35000,45000MB,,32,,,,-999.0,,5.0
CUST00481,SUB00481,PROD003,2348039077779,Customer 481,Female,46-60,,South East,Basic,2023-11-22,active,Prepaid,monthly,Nova Hybrid Plus,Bundle,18000,45000MB,2180.0,260,18000,Card,4g,-81.0,,1.0
CUST00482,SUB00482,PROD003,2348089924197,Customer 482,F,46-60, Abuja ,South West,Corporate,2025-07-01,Cancelled,Postpaid,ANNUAL,Nova Hybrid Plus,Bundle,18000,,1789.0,58,,bank transfer,5G,-999.0,0.0,2.0
CUST00483,SUB00483,PROD001,2348059473259,Customer 483,FEMALE,18-25,,North Central,Corporate,2021-02-18,Active,prepaid,Annual,Nova Premium 5G,Data,25000,20102,,737,,,4g,-87.0,,
CUST00484,SUB00484,PROD003,2348069486047,Customer 484,F,46-60,Ibadan,South East,premium ,2021-02-06,,Postpaid,ANNUAL,Nova Hybrid Plus,Bundle,18000,,2364.0,722,,Bank Transfer,,,5.0,5.0
CUST00485,SUB00485,PROD002,2348048516611,Customer 485, f,36-45,portharcourt,South South,STANDARD,2022-12-07,ACTIVE,Prepaid,ANNUAL,Nova Unlimited Voice,Voice,12000,45000MB,16.0,395,12000,bank transfer,3G,-62.0,0.0,1.0
CUST00486,SUB00486,PROD005,2348079680704,Customer 486,F,36-45,Ibadan,South West,Standard,2025-08-13,Cancelled,post paid,No contract,Nova Starter,Bundle,8000,12999,2121.0,290,8000,USSD,5G,-86.0,1.0,4.0
CUST00487,SUB00487,PROD003,2348046799130,Customer 487,Female,46-60,Abuja,North Central,Premium,2025-08-23,Suspended,post paid,ANNUAL,Nova Hybrid Plus,Bundle,18000,,,3,18000,USSD,,,1.0,4.0
CUST00488,SUB00488,PROD001,2348097784055,Customer 488,M,36-45,LAGOS,North Central,Standard,2024-05-21,Suspended,prepaid,No contract,Nova Premium 5G,Data,25000,45000MB,1957.0,747,,,4g,-83.0,2.0,
CUST00489,SUB00489,PROD004,2348017887038,Customer 489,F,46-60,Lagos,South South,Standard,2022-09-24,ACTIVE,POSTPAID,Annual,Nova SME Connect,Business,35000,45000MB,2558.0,74,35000,Cash,3G,-78.0,1.0,5.0
CUST00490,SUB00490,PROD001,2348035592896,Customer 490,Female,46-60,portharcourt,North Central,Basic,2024-09-15,Cancelled,Prepaid,monthly,Nova Premium 5G,Data,25000,,,12,25000,Cash,3G,-93.0,,1.0
CUST00491,SUB00491,PROD003,2348016753006,Customer 491,,26-35,lagos,North West,Standard,2023-04-22,Cancelled,Postpaid,ANNUAL,Nova Hybrid Plus,Bundle,18000,45000MB,,54,18000,Cash,4g,-999.0,2.0,5.0
CUST00492,SUB00492,PROD001,2348038375446,Customer 492,FEMALE,18-25,Lagos,North Central,premium ,2022-05-03,Cancelled,post paid,Monthly,Nova Premium 5G,Data,25000,45000MB,3942.0,645,25000,bank transfer,5G,-999.0,,4.0
CUST00493,SUB00493,PROD001,2348074152234,Customer 493,Male,46-60,portharcourt,South East,Corporate,2023-04-19,active,Postpaid,No contract,Nova Premium 5G,Data,25000,68540,,80,25000,CARD,,-77.0,5.0,5.0
CUST00494,SUB00494,PROD002,2348022402879,Customer 494,Female,60+,Kano,North West,,2021-04-26,active,Prepaid,Annual,Nova Unlimited Voice,Voice,12000,,925.0,378,,Cash,LTE,-84.0,,3.0
CUST00495,SUB00495,PROD003,2348024382853,Customer 495,Male,36-45,portharcourt,South West,Basic,2022-04-10,active,Postpaid,monthly,Nova Hybrid Plus,Bundle,18000,79581,2305.0,423,18000,Card,5G,-58.0,1.0,4.0
CUST00496,SUB00496,PROD005,2348098995369,Customer 496,Male,46-60, Abuja ,North West,premium ,2023-04-18,Active,Postpaid,No contract,Nova Starter,Bundle,8000,10490,115.0,648,8000,,3G,,1.0,2.0
CUST00497,SUB00497,PROD005,2348017137412,Customer 497,MALE,18-25,Enugu,South East,STANDARD,2024-07-11,Active,Postpaid,Monthly,Nova Starter,Bundle,8000,45000MB,926.0,444,8000,CARD,4g,,2.0,
CUST00498,SUB00498,PROD004,2348061701423,Customer 498,Female,36-45,lagos,South West,STANDARD,2025-11-16,,Prepaid,Monthly,Nova SME Connect,Business,35000,37356,,192,,Bank Transfer,LTE,,0.0,4.0
CUST00499,SUB00499,PROD004,2348014676556,Customer 499,FEMALE,18-25,,South East,Premium,2023-05-16,ACTIVE,Postpaid,ANNUAL,Nova SME Connect,Business,35000,74707,2636.0,290,,Cash,3G,,1.0,1.0
CUST00500,SUB00500,PROD004,2348081948401, Customer 500 ,m ,60+,portharcourt,North West,Premium,29/05/2022,Active,post paid,Monthly,Nova SME Connect,Business,35000,45000MB,1974.0,628,35000,Bank Transfer,,-73.0,0.0,4.0
CUST00501,SUB00501,PROD001,2348094119674,Customer 501,FEMALE,60+,Enugu,North Central,,2022-08-11,,Postpaid,No contract,Nova Premium 5G,Data,25000,45000MB,,474,25000,Bank Transfer,4G,-70.0,0.0,5.0
CUST00502,SUB00502,PROD004,2348018935586,Customer 502,Male,46-60,Ibadan,North West,premium ,2024-12-07,Suspended,POSTPAID,Annual,Nova SME Connect,Business,35000,45000MB,3572.0,227,,,LTE,,0.0,
CUST00503,SUB00503,PROD001,2348076393178,Customer 503,Male,36-45,Kano,South East,Premium,2025-10-08,Cancelled,Postpaid,monthly,Nova Premium 5G,Data,25000,,854.0,640,25000,Card,3G,-77.0,2.0,2.0
CUST00504,SUB00504,PROD003,2348054864748,Customer 504,Male,18-25,portharcourt,South East,Basic,2021-10-13,Active,POSTPAID,Monthly,Nova Hybrid Plus,Bundle,18000,,,223,18000,Card,,-999.0,1.0,1.0
CUST00505,SUB00505,PROD001,2348025712414,Customer 505,Male,36-45,Abuja,South West,premium ,2022-01-05,,POSTPAID,monthly,Nova Premium 5G,Data,25000,45000MB,3070.0,22,25000,Bank Transfer,,-999.0,0.0,2.0
CUST00506,SUB00506,PROD004,2348017259884,Customer 506,Female,60+,Abuja,North Central,premium ,2022-03-26,Suspended,POSTPAID,monthly,Nova SME Connect,Business,35000,,,344,35000,bank transfer,5G,-82.0,1.0,5.0
CUST00507,SUB00507,PROD005,2348047754144,Customer 507,Male,,Enugu,North Central,,2021-03-09,Cancelled,Prepaid,Monthly,Nova Starter,Bundle,8000,45000MB,1541.0,492,,Bank Transfer,3G,-83.0,5.0,3.0
CUST00508,SUB00508,PROD002,2348011902590,Customer 508,male,60+,Lagos,North West,Standard,2022-01-25,Active,post paid,Annual,Nova Unlimited Voice,Voice,12000,45000MB,2224.0,250,12000,CARD,4g,-104.0,0.0,3.0
CUST00509,SUB00509,PROD001,2348099351490,Customer 509,MALE,,Ibadan,North West,Premium,2023-06-19,Cancelled,post paid,ANNUAL,Nova Premium 5G,Data,25000,,,444,25000,bank transfer,,-999.0,5.0,5.0
CUST00510,SUB00510,PROD002,2348073652695,Customer 510,Female,18-25,Abuja,South South,Corporate,2024-03-11,Active,Prepaid,ANNUAL,Nova Unlimited Voice,Voice,12000,45000MB,,730,,CARD,,,,3.0
CUST00511,SUB00511,PROD002,2348067727571,Customer 511,Male,,Ibadan,North West,Premium,2024-01-01,,POSTPAID,No contract,Nova Unlimited Voice,Voice,12000,45000MB,,255,12000,USSD,LTE,,,
CUST00512,SUB00512,PROD004,2348045790895,Customer 512,Female,18-25,,North West,Standard,2022-04-22,active,prepaid,No contract,Nova SME Connect,Business,35000,53213,328.0,556,35000,bank transfer,4G,-106.0,1.0,
CUST00513,SUB00513,PROD005,2348094108368,Customer 513,Female,18-25,Enugu,South West,Standard,2024-06-04,cancelled,post paid,ANNUAL,Nova Starter,Bundle,8000,31436,,172,,Card,5G,-999.0,1.0,3.0
CUST00514,SUB00514,PROD002,2348034202751,Customer 514,Male,60+,Port Harcourt,North West,premium ,2021-04-12,Cancelled,POSTPAID,ANNUAL,Nova Unlimited Voice,Voice,12000,45000MB,,489,12000,CARD,4g,-109.0,5.0,1.0
CUST00515,SUB00515,PROD003,2348076524344,Customer 515,Male,36-45,Kano,South South,Corporate,2021-02-28,ACTIVE,Postpaid,ANNUAL,Nova Hybrid Plus,Bundle,18000,,,98,18000,Card,4g,-999.0,1.0,4.0
CUST00516,SUB00516,PROD004,2348096011605,Customer 516,MALE,36-45,Enugu,South East,STANDARD,2023-07-10,active,Postpaid,Monthly,Nova SME Connect,Business,35000,83051,14.0,496,35000,USSD,,,2.0,
CUST00517,SUB00517,PROD001,2348059807558,Customer 517,Female,60+,portharcourt,South East,Basic,2023-02-04,Cancelled,POSTPAID,Annual,Nova Premium 5G,Data,25000,45000MB,,384,25000,Cash,4G,-999.0,0.0,1.0
CUST00518,SUB00518,PROD001,2348083734205,Customer 518,,,Kano,North West,Corporate,2022-11-07,,post paid,Monthly,Nova Premium 5G,Data,25000,45000MB,,604,,CARD,LTE,,,5.0
CUST00519,SUB00519,PROD001,2348077025792,Customer 519,Male,18-25,Port Harcourt,South South,Basic,2024-02-13,Cancelled,Prepaid,Annual,Nova Premium 5G,Data,25000,86283,158.0,43,25000,CARD,4g,-84.0,1.0,3.0
CUST00520,SUB00520,PROD001,2348063379358, Customer 520 ,MALE,26-35,Abuja,South East,Premium,2022-07-20,active,Prepaid,Annual,Nova Premium 5G,Data,25000,45689,2403.0,42,,Cash,4G,-59.0,1.0,2.0
CUST00521,SUB00521,PROD003,2348045316080,Customer 521,M,60+,Enugu,South South,Corporate,2023-10-28,,prepaid,No contract,Nova Hybrid Plus,Bundle,18000,,2282.0,152,18000,CARD,3G,,1.0,2.0
CUST00522,SUB00522,PROD005,2348028018411,Customer 522,Male,26-35,portharcourt,South West,STANDARD,2022-01-30,Cancelled,Postpaid,monthly,Nova Starter,Bundle,8000,45000MB,,441,,bank transfer,3G,-97.0,1.0,3.0
CUST00523,SUB00523,PROD002,2348025793482,Customer 523,Male,46-60,Abuja,South West,,2024-06-26,cancelled,prepaid,No contract,Nova Unlimited Voice,Voice,12000,45000MB,2161.0,583,12000,Bank Transfer,4g,,1.0,5.0
CUST00524,SUB00524,PROD001,2348029760268,Customer 524,Unknown,,Enugu,North West,Corporate,2021-05-03,ACTIVE,POSTPAID,ANNUAL,Nova Premium 5G,Data,25000,,1086.0,508,25000,,,,,1.0
CUST00525,SUB00525,PROD002,2348019942705,Customer 525,female,46-60,LAGOS,South East,Premium,27/05/2024,Suspended,prepaid,Annual,Nova Unlimited Voice,Voice,12000,,2216.0,63,12000,Cash,,-999.0,5.0,2.0
CUST00526,SUB00526,PROD004,2348063359394,Customer 526,Male,18-25,Kano,North West,,2022-04-09,Active,Postpaid,ANNUAL,Nova SME Connect,Business,35000,,2482.0,281,35000,Cash,3G,-110.0,0.0,
CUST00527,SUB00527,PROD004,2348057663784,Customer 527,M,60+,Kano,North West,,2021-10-09,SUSPENDED,post paid,monthly,Nova SME Connect,Business,35000,81910,2829.0,559,35000,Bank Transfer,3G,-107.0,0.0,3.0
CUST00528,SUB00528,PROD003,2348075667986,Customer 528,Male,18-25,,North Central,Basic,2022-10-29,Suspended,prepaid,No contract,Nova Hybrid Plus,Bundle,18000,45000MB,,642,,Cash,3G,-98.0,5.0,3.0
CUST00529,SUB00529,PROD005,2348081098623,Customer 529,Male,60+,Abuja,North Central,STANDARD,2023-12-22,Actv,Postpaid,Annual,Nova Starter,Bundle,8000,45000MB,,501,8000,,4G,-63.0,5.0,
CUST00530,SUB00530,PROD002,2348032756166,Customer 530,Female,18-25,Lagos,North Central,Basic,2025-04-25,Active,Postpaid,Monthly,Nova Unlimited Voice,Voice,12000,45000MB,,270,,Bank Transfer,,-107.0,5.0,3.0
CUST00531,SUB00531,PROD004,2348078395412,Customer 531,MALE,,,South South,,2024-01-25,Cancelled,prepaid,Annual,Nova SME Connect,Business,35000,,2041.0,785,35000,Card,LTE,-107.0,,
CUST00532,SUB00532,PROD001,2348031834073,Customer 532,m ,18-25,Lagos,South South,STANDARD,2024-03-22,Suspended,POSTPAID,Annual,Nova Premium 5G,Data,25000,,193.0,789,25000,Cash,5G,-64.0,0.0,5.0
CUST00533,SUB00533,PROD001,2348010913514,Customer 533,M,36-45,Lagos,South South,,2024-07-23,,Prepaid,Annual,Nova Premium 5G,Data,25000,47885,1997.0,426,25000,CARD,,-51.0,,2.0
CUST00534,SUB00534,PROD002,2348074544904,Customer 534, f,,portharcourt,North West,Standard,2022-12-05,Active,post paid,Monthly,Nova Unlimited Voice,Voice,12000,,1003.0,86,12000,Card,3G,-999.0,0.0,5.0
CUST00535,SUB00535,PROD002,2348042065860,Customer 535,Unknown,18-25, Abuja ,South East,premium ,2025-10-19,active,POSTPAID,No contract,Nova Unlimited Voice,Voice,12000,,,640,12000,bank transfer,3G,-999.0,,1.0
CUST00536,SUB00536,PROD002,2348091971454,Customer 536,Male,,lagos,North Central,Standard,2023-03-14,Active,prepaid,ANNUAL,Nova Unlimited Voice,Voice,12000,45000MB,,166,,bank transfer,LTE,-78.0,2.0,4.0
CUST00537,SUB00537,PROD005,2348086004926,Customer 537,Male,,Kano,North Central,Corporate,2024-06-27,cancelled,Prepaid,Annual,Nova Starter,Bundle,8000,45000MB,2991.0,47,8000,Bank Transfer,,-999.0,2.0,
CUST00538,SUB00538,PROD003,2348068304242,Customer 538,MALE,18-25,Ibadan,South South,,2021-07-26,SUSPENDED,prepaid,Monthly,Nova Hybrid Plus,Bundle,18000,56183,1690.0,306,18000,,4G,-999.0,2.0,2.0
CUST00539,SUB00539,PROD004,2348078096346,Customer 539,Male,36-45,Ibadan,North West,STANDARD,2024-01-10,Suspended,post paid,monthly,Nova SME Connect,Business,35000,45000MB,3665.0,471,35000,USSD,LTE,-70.0,,2.0
CUST00540,SUB00540,PROD002,2348069629144, Customer 540 ,Male,36-45,Kano,North Central,premium ,2023-06-05,Cancelled,POSTPAID,ANNUAL,Nova Unlimited Voice,Voice,12000,,602.0,279,12000,bank transfer,4g,,0.0,3.0
CUST00541,SUB00541,PROD004,2348026884876,Customer 541,Female,18-25,Enugu,North Central,Standard,2023-09-30,active,post paid,No contract,Nova SME Connect,Business,35000,45000MB,3461.0,320,35000,CARD,4g,-74.0,,3.0
CUST00542,SUB00542,PROD004,2348058844951,Customer 542,m ,26-35,portharcourt,South East,STANDARD,2024-03-08,Active,prepaid,No contract,Nova SME Connect,Business,35000,,,479,,USSD,4g,-89.0,0.0,5.0
CUST00543,SUB00543,PROD001,2348039703083,Customer 543,,,lagos,North Central,Premium,2021-12-15,Actv,Prepaid,No contract,Nova Premium 5G,Data,25000,84108,223.0,415,,Bank Transfer,,-68.0,,4.0
CUST00544,SUB00544,PROD004,2348059833906,Customer 544,Male,26-35,Port Harcourt,South West,Corporate,2024-08-26,ACTIVE,POSTPAID,monthly,Nova SME Connect,Business,35000,,,555,35000,USSD,3G,,2.0,2.0
CUST00545,SUB00545,PROD001,2348057357343,Customer 545,Female,46-60,Kano,South East,Premium,2025-02-20,ACTIVE,Prepaid,No contract,Nova Premium 5G,Data,25000,,3157.0,59,25000,,5G,,1.0,4.0
CUST00546,SUB00546,PROD001,2348087453429,Customer 546,,60+,Kano,South South,Corporate,2021-08-08,active,prepaid,Monthly,Nova Premium 5G,Data,25000,45000MB,1097.0,201,25000,Card,LTE,-999.0,0.0,3.0
CUST00547,SUB00547,PROD005,2348034257040,Customer 547,,26-35, Abuja ,South East,Premium,2024-08-24,SUSPENDED,Prepaid,Annual,Nova Starter,Bundle,8000,45000MB,,726,8000,USSD,4G,-57.0,1.0,
CUST00548,SUB00548,PROD005,2348025140798,Customer 548,Male,46-60,,South West,Corporate,2022-08-14,Active,POSTPAID,Monthly,Nova Starter,Bundle,8000,22900,855.0,681,8000,Cash,4G,-999.0,,3.0
CUST00549,SUB00549,PROD004,2348019038103,Customer 549,male,26-35,LAGOS,North Central,STANDARD,2023-10-19,Active,Prepaid,Annual,Nova SME Connect,Business,35000,45000MB,3741.0,748,35000,Cash,4G,-61.0,5.0,1.0
CUST00550,SUB00550,PROD001,2348088509260,Customer 550, f,26-35,Lagos,South East,Premium,16/02/2021,Suspended,POSTPAID,No contract,Nova Premium 5G,Data,25000,,,753,25000,Card,LTE,-68.0,2.0,2.0
CUST00551,SUB00551,PROD003,2348084592261,Customer 551,,36-45,portharcourt,North Central,,2022-03-24,Cancelled,Prepaid,monthly,Nova Hybrid Plus,Bundle,18000,,,52,,Cash,3G,-98.0,,2.0
CUST00552,SUB00552,PROD002,2348096464668,Customer 552,male,60+,LAGOS,North Central,Premium,2021-04-05,Cancelled,Postpaid,Monthly,Nova Unlimited Voice,Voice,12000,46468,,397,12000,bank transfer,5G,,5.0,1.0
CUST00553,SUB00553,PROD004,2348068318796,Customer 553,female,26-35,Lagos,South South,Corporate,2021-12-31,Active,prepaid,No contract,Nova SME Connect,Business,35000,45000MB,,785,35000,Bank Transfer,5G,-999.0,1.0,2.0
CUST00554,SUB00554,PROD005,2348052315304,Customer 554,Male,26-35,Kano,North Central,Standard,2021-01-03,active,POSTPAID,No contract,Nova Starter,Bundle,8000,45000MB,2850.0,304,,Cash,3G,-999.0,5.0,5.0
CUST00555,SUB00555,PROD004,2348042684325,Customer 555,Female,60+,Lagos,South West,Corporate,2022-03-03,cancelled,prepaid,monthly,Nova SME Connect,Business,35000,,,193,35000,Card,,-110.0,2.0,3.0
CUST00556,SUB00556,PROD002,2348035200986,Customer 556, f,26-35,Ibadan,South East,Corporate,2024-04-28,Cancelled,prepaid,Annual,Nova Unlimited Voice,Voice,12000,39811,,455,12000,USSD,4G,-999.0,5.0,2.0
CUST00557,SUB00557,PROD002,2348077108618,Customer 557,Unknown,36-45,Lagos,North West,,2021-06-13,Active,Postpaid,No contract,Nova Unlimited Voice,Voice,12000,45000MB,3817.0,446,,USSD,3G,-999.0,5.0,3.0
CUST00558,SUB00558,PROD003,2348074540007,Customer 558,male,,Lagos,North Central,,2023-03-16,Active,post paid,monthly,Nova Hybrid Plus,Bundle,18000,,,516,,,4G,-97.0,1.0,1.0
CUST00559,SUB00559,PROD004,2348066828551,Customer 559,M,36-45,Ibadan,North Central,STANDARD,2023-08-24,Suspended,Prepaid,Monthly,Nova SME Connect,Business,35000,71976,3845.0,266,35000,Bank Transfer,3G,,,
CUST00560,SUB00560,PROD001,2348026510587, Customer 560 ,M,18-25,Lagos,South East,STANDARD,2022-11-07,cancelled,post paid,No contract,Nova Premium 5G,Data,25000,,,85,25000,bank transfer,4g,,5.0,4.0
CUST00561,SUB00561,PROD004,2348083801819,Customer 561,Male,36-45,LAGOS,North West,Standard,2024-09-22,Cancelled,Prepaid,Monthly,Nova SME Connect,Business,35000,45000MB,,171,,USSD,3G,-65.0,,1.0
CUST00562,SUB00562,PROD001,2348078715077,Customer 562,Male,46-60,,South South,Premium,2021-06-15,Active,POSTPAID,ANNUAL,Nova Premium 5G,Data,25000,,,423,,bank transfer,3G,,1.0,3.0
CUST00563,SUB00563,PROD002,2348039729147,Customer 563,Male,36-45,portharcourt,South West,Standard,2024-01-03,ACTIVE,Prepaid,No contract,Nova Unlimited Voice,Voice,12000,45000MB,1780.0,298,,USSD,4G,-999.0,,3.0
CUST00564,SUB00564,PROD003,2348074992866,Customer 564,FEMALE,60+,Ibadan,North Central,Standard,2022-09-18,Suspended,POSTPAID,Monthly,Nova Hybrid Plus,Bundle,18000,49816,2252.0,132,18000,Bank Transfer,4G,-77.0,1.0,3.0
CUST00565,SUB00565,PROD005,2348028570282,Customer 565,Male,,Abuja,North Central,premium ,2025-10-01,Active,POSTPAID,No contract,Nova Starter,Bundle,8000,45000MB,,607,,Card,4g,,5.0,3.0
CUST00566,SUB00566,PROD003,2348094295583,Customer 566,Female,36-45,Kano,North West,premium ,2022-12-10,active,post paid,Annual,Nova Hybrid Plus,Bundle,18000,,,9,18000,bank transfer,LTE,-54.0,2.0,1.0
CUST00567,SUB00567,PROD002,2348056297057,Customer 567,,26-35,LAGOS,South South,premium ,2025-05-24,Active,POSTPAID,No contract,Nova Unlimited Voice,Voice,12000,,2340.0,113,,Card,4G,-999.0,,3.0
CUST00568,SUB00568,PROD005,2348042567973,Customer 568,MALE,18-25,Abuja,South East,Premium,2024-07-16,Active,post paid,Monthly,Nova Starter,Bundle,8000,85211,864.0,779,,USSD,LTE,,5.0,1.0
CUST00569,SUB00569,PROD001,2348034700480,Customer 569,Male,18-25,Port Harcourt,South East,STANDARD,2021-03-30,Suspended,Prepaid,No contract,Nova Premium 5G,Data,25000,87544,,212,25000,USSD,,-999.0,5.0,
CUST00570,SUB00570,PROD004,2348029349593,Customer 570,M,46-60,Enugu,South East,,2023-05-09,active,Prepaid,ANNUAL,Nova SME Connect,Business,35000,45000MB,,449,,Card,LTE,-99.0,2.0,5.0
CUST00571,SUB00571,PROD001,2348052021416,Customer 571,FEMALE,60+,,South West,STANDARD,2022-11-05,Cancelled,post paid,Annual,Nova Premium 5G,Data,25000,45000MB,2172.0,548,,,3G,-94.0,5.0,4.0
CUST00572,SUB00572,PROD004,2348053373079,Customer 572,Female,60+,Kano,North Central,Standard,2025-01-17,cancelled,prepaid,Annual,Nova SME Connect,Business,35000,38718,3369.0,514,35000,USSD,LTE,,1.0,5.0
CUST00573,SUB00573,PROD001,2348043596155,Customer 573,FEMALE,26-35,Enugu,North Central,Basic,2025-06-30,cancelled,Prepaid,No contract,Nova Premium 5G,Data,25000,,2329.0,478,25000,,3G,-999.0,1.0,1.0
CUST00574,SUB00574,PROD003,2348073520000,Customer 574,Male,18-25,LAGOS,North West,STANDARD,2025-04-21,Active,prepaid,monthly,Nova Hybrid Plus,Bundle,18000,,,606,,USSD,4G,,1.0,2.0
CUST00575,SUB00575,PROD002,2348027455100,Customer 575,Male,,Lagos,South South,premium ,27/05/2023,Active,POSTPAID,No contract,Nova Unlimited Voice,Voice,12000,,3847.0,80,,Card,4g,-999.0,0.0,4.0
CUST00576,SUB00576,PROD001,2348067255862,Customer 576,Female,36-45,Abuja,South East,STANDARD,2021-02-24,ACTIVE,POSTPAID,monthly,Nova Premium 5G,Data,25000,,,653,25000,CARD,4G,,1.0,5.0
CUST00577,SUB00577,PROD004,2348024448493,Customer 577,Male,26-35,Kano,South East,STANDARD,2023-11-01,active,prepaid,Annual,Nova SME Connect,Business,35000,84984,,139,35000,,5G,-101.0,,5.0
CUST00578,SUB00578,PROD004,2348099696833,Customer 578,Female,36-45,Ibadan,North West,Corporate,2022-02-04,active,prepaid,monthly,Nova SME Connect,Business,35000,28139,,195,35000,,LTE,-999.0,1.0,3.0
CUST00579,SUB00579,PROD001,2348040782914,Customer 579,Male,60+,Enugu,North Central,Premium,2022-03-12,Suspended,POSTPAID,Annual,Nova Premium 5G,Data,25000,45000MB,,656,,Cash,3G,-999.0,0.0,2.0
CUST00580,SUB00580,PROD004,2348074473056, Customer 580 ,FEMALE,36-45,portharcourt,South South,Basic,2021-07-22,Active,POSTPAID,ANNUAL,Nova SME Connect,Business,35000,9822,2981.0,194,35000,Card,,-999.0,,3.0
CUST00581,SUB00581,PROD001,2348071577904,Customer 581,,,portharcourt,South East,Premium,2024-05-21,Active,Prepaid,Annual,Nova Premium 5G,Data,25000,,,153,25000,,LTE,-98.0,2.0,4.0
CUST00582,SUB00582,PROD004,2348019319226,Customer 582,Female,,Port Harcourt,South South,Premium,2025-07-24,Cancelled,Postpaid,Monthly,Nova SME Connect,Business,35000,45000MB,,364,35000,,LTE,-107.0,,2.0
CUST00583,SUB00583,PROD005,2348014252422,Customer 583,Male,,LAGOS,South East,STANDARD,2021-08-13,Active,post paid,monthly,Nova Starter,Bundle,8000,,1885.0,425,8000,USSD,3G,-999.0,,1.0
CUST00584,SUB00584,PROD001,2348047161379,Customer 584,F,60+,portharcourt,South East,Basic,2022-04-17,Active,post paid,No contract,Nova Premium 5G,Data,25000,,,570,25000,Cash,3G,-999.0,1.0,3.0
CUST00585,SUB00585,PROD003,2348081596330,Customer 585,M,,Port Harcourt,North West,Premium,2022-08-31,Cancelled,POSTPAID,No contract,Nova Hybrid Plus,Bundle,18000,,,288,,Card,LTE,-999.0,1.0,3.0
CUST00586,SUB00586,PROD001,2348059145700,Customer 586,M,26-35, Abuja ,North West,STANDARD,2024-12-23,Cancelled,Prepaid,monthly,Nova Premium 5G,Data,25000,,,682,25000,Bank Transfer,3G,-999.0,2.0,
CUST00587,SUB00587,PROD004,2348037267116,Customer 587,Male,60+,Lagos,North Central,Premium,2024-04-12,,prepaid,Annual,Nova SME Connect,Business,35000,,,296,35000,,LTE,,1.0,5.0
CUST00588,SUB00588,PROD005,2348016905148,Customer 588,Female,18-25,Port Harcourt,South East,Corporate,2024-09-27,,Prepaid,No contract,Nova Starter,Bundle,8000,45000MB,673.0,207,8000,bank transfer,LTE,-999.0,5.0,3.0
CUST00589,SUB00589,PROD005,2348099036427,Customer 589,Male,26-35, Abuja ,South East,,2023-10-31,Cancelled,prepaid,Monthly,Nova Starter,Bundle,8000,,881.0,293,8000,bank transfer,LTE,-77.0,0.0,3.0
CUST00590,SUB00590,PROD005,2348072948627,Customer 590,,60+,Port Harcourt,North Central,,2024-04-05,Active,Postpaid,Monthly,Nova Starter,Bundle,8000,6873,,195,8000,CARD,3G,,5.0,3.0
CUST00591,SUB00591,PROD002,2348092896255,Customer 591, f,60+,Enugu,South East,Standard,2023-03-11,cancelled,post paid,monthly,Nova Unlimited Voice,Voice,12000,45000MB,3987.0,476,12000,bank transfer,3G,-54.0,5.0,4.0
CUST00592,SUB00592,PROD003,2348029485311,Customer 592,Female,26-35,Kano,South West,Corporate,2023-02-19,Suspended,POSTPAID,Annual,Nova Hybrid Plus,Bundle,18000,,3506.0,666,18000,CARD,4g,,0.0,3.0
CUST00593,SUB00593,PROD001,2348023325069,Customer 593,Male,26-35,Kano,South East,premium ,2023-01-12,cancelled,prepaid,monthly,Nova Premium 5G,Data,25000,,,388,25000,bank transfer,LTE,,0.0,4.0
CUST00594,SUB00594,PROD004,2348063116494,Customer 594,male,60+,LAGOS,South East,premium ,2021-11-10,Cancelled,prepaid,No contract,Nova SME Connect,Business,35000,45000MB,,514,,Bank Transfer,,,5.0,4.0
CUST00595,SUB00595,PROD004,2348029996579,Customer 595,m ,60+,,South West,Premium,2022-12-26,SUSPENDED,prepaid,Monthly,Nova SME Connect,Business,35000,69156,,143,,,5G,-999.0,0.0,
CUST00596,SUB00596,PROD005,2348061072797,Customer 596,F,60+,Abuja,South East,,2022-12-22,Cancelled,prepaid,Annual,Nova Starter,Bundle,8000,21632,,497,,CARD,5G,,0.0,4.0
CUST00597,SUB00597,PROD002,2348023499822,Customer 597,Male,,,North Central,Standard,2024-12-18,SUSPENDED,Prepaid,Annual,Nova Unlimited Voice,Voice,12000,,,96,12000,Cash,,-999.0,0.0,5.0
CUST00598,SUB00598,PROD001,2348040358826,Customer 598,Male,26-35,Port Harcourt,North West,premium ,2022-04-10,active,Prepaid,Monthly,Nova Premium 5G,Data,25000,,910.0,524,25000,Bank Transfer,4G,-999.0,1.0,2.0
CUST00599,SUB00599,PROD002,2348019754414,Customer 599,Male,,Enugu,South East,,2023-04-20,Actv,POSTPAID,Monthly,Nova Unlimited Voice,Voice,12000,,2126.0,163,12000,Bank Transfer,4G,-62.0,2.0,1.0
CUST00600,SUB00600,PROD004,2348052042888, Customer 600 ,Male,18-25,Abuja,South South,Premium,20/09/2024,Cancelled,Prepaid,Annual,Nova SME Connect,Business,35000,,,57,,bank transfer,4g,-999.0,,
CUST00601,SUB00601,PROD005,2348088834909,Customer 601,Female,,LAGOS,South South,,2023-11-11,Cancelled,Prepaid,No contract,Nova Starter,Bundle,8000,84248,,118,,CARD,LTE,,2.0,5.0
CUST00602,SUB00602,PROD005,2348072102522,Customer 602,female,26-35,,South West,Premium,2022-06-11,active,prepaid,monthly,Nova Starter,Bundle,8000,,3338.0,710,,Cash,,-56.0,2.0,4.0
CUST00603,SUB00603,PROD004,2348099102332,Customer 603,M,26-35,LAGOS,South South,Corporate,2023-01-10,Active,POSTPAID,Annual,Nova SME Connect,Business,35000,25301,2064.0,191,,,3G,,2.0,1.0
CUST00604,SUB00604,PROD002,2348078866168,Customer 604,Female,46-60,portharcourt,South South,Standard,2023-07-23,Active,prepaid,monthly,Nova Unlimited Voice,Voice,12000,86910,2485.0,116,12000,Bank Transfer,LTE,-78.0,,
CUST00605,SUB00605,PROD001,2348014819644,Customer 605,female,18-25,lagos,South East,Basic,2025-01-27,cancelled,post paid,Annual,Nova Premium 5G,Data,25000,9541,808.0,561,,Card,LTE,-999.0,0.0,4.0
CUST00606,SUB00606,PROD004,2348032721244,Customer 606,M,26-35,Abuja,South South,,2022-08-28,Active,prepaid,monthly,Nova SME Connect,Business,35000,45000MB,,327,35000,CARD,3G,-90.0,0.0,2.0
CUST00607,SUB00607,PROD001,2348021178566,Customer 607, f,60+,LAGOS,South East,Standard,2021-10-15,cancelled,Prepaid,monthly,Nova Premium 5G,Data,25000,,1253.0,261,25000,bank transfer,4g,,0.0,4.0
CUST00608,SUB00608,PROD005,2348090522738,Customer 608,Female,,Lagos,South East,STANDARD,2022-09-04,Cancelled,POSTPAID,Annual,Nova Starter,Bundle,8000,53237,,755,,CARD,LTE,-999.0,2.0,3.0
CUST00609,SUB00609,PROD003,2348045527208,Customer 609,female,18-25,,North West,Premium,2023-09-05,Active,POSTPAID,Monthly,Nova Hybrid Plus,Bundle,18000,41548,,40,,Cash,,-104.0,0.0,1.0
CUST00610,SUB00610,PROD003,2348026743251,Customer 610,female,,LAGOS,South South,Standard,2022-01-05,Actv,Postpaid,ANNUAL,Nova Hybrid Plus,Bundle,18000,45000MB,,696,18000,Card,3G,-62.0,0.0,
CUST00611,SUB00611,PROD004,2348071464345,Customer 611,F,26-35,,South East,Standard,2023-04-01,Actv,POSTPAID,ANNUAL,Nova SME Connect,Business,35000,8436,3298.0,597,35000,USSD,,-999.0,1.0,1.0
CUST00612,SUB00612,PROD004,2348048445482,Customer 612,Female,,lagos,North Central,Standard,2023-05-02,active,Prepaid,No contract,Nova SME Connect,Business,35000,45000MB,,303,35000,Cash,4G,-999.0,,2.0
CUST00613,SUB00613,PROD002,2348049463889,Customer 613,Female,26-35,,South West,Standard,2025-06-19,cancelled,prepaid,Monthly,Nova Unlimited Voice,Voice,12000,60666,2300.0,764,12000,bank transfer,,,2.0,
CUST00614,SUB00614,PROD003,2348032805534,Customer 614,Female,36-45, Abuja ,North Central,Standard,2022-06-14,Cancelled,prepaid,No contract,Nova Hybrid Plus,Bundle,18000,,960.0,298,,,3G,-58.0,1.0,3.0
CUST00615,SUB00615,PROD003,2348052586593,Customer 615,Female,18-25,Port Harcourt,South West,Basic,2022-12-08,,Postpaid,ANNUAL,Nova Hybrid Plus,Bundle,18000,45000MB,2267.0,397,,USSD,4G,,0.0,5.0
CUST00616,SUB00616,PROD002,2348016521635,Customer 616,M,18-25,Port Harcourt,South West,Premium,2024-01-18,active,Prepaid,Monthly,Nova Unlimited Voice,Voice,12000,10805,2473.0,89,12000,bank transfer,LTE,,5.0,3.0
CUST00617,SUB00617,PROD003,2348090954012,Customer 617,F,36-45,LAGOS,North Central,,2024-12-23,active,post paid,Annual,Nova Hybrid Plus,Bundle,18000,36059,2198.0,582,18000,CARD,LTE,-86.0,,4.0
CUST00618,SUB00618,PROD005,2348032258548,Customer 618,Female,36-45,Enugu,South West,premium ,2021-12-14,Cancelled,POSTPAID,monthly,Nova Starter,Bundle,8000,,3802.0,512,8000,Card,LTE,,1.0,
CUST00619,SUB00619,PROD005,2348070169373,Customer 619,FEMALE,26-35,lagos,South East,Basic,2024-01-26,Suspended,post paid,Annual,Nova Starter,Bundle,8000,,1721.0,611,8000,bank transfer,LTE,-999.0,,1.0
CUST00620,SUB00620,PROD002,2348035305254, Customer 620 ,F,60+,Lagos,North West,Basic,2025-04-23,cancelled,POSTPAID,Monthly,Nova Unlimited Voice,Voice,12000,45000MB,2370.0,30,,Card,LTE,,1.0,5.0
CUST00621,SUB00621,PROD004,2348041980401,Customer 621,Male,36-45,Port Harcourt,South South,Basic,2023-10-03,active,POSTPAID,monthly,Nova SME Connect,Business,35000,,,393,35000,bank transfer,LTE,,,4.0
CUST00622,SUB00622,PROD004,2348086620311,Customer 622,M,36-45,lagos,South South,,2022-10-12,Active,Postpaid,monthly,Nova SME Connect,Business,35000,45000MB,,60,35000,,5G,-100.0,5.0,2.0
CUST00623,SUB00623,PROD001,2348083726461,Customer 623,Male,,Kano,North West,Basic,2021-06-01,,Postpaid,ANNUAL,Nova Premium 5G,Data,25000,13067,1228.0,240,,,LTE,-999.0,1.0,
CUST00624,SUB00624,PROD001,2348063457069,Customer 624,Male,18-25,lagos,South East,Standard,2025-09-30,active,prepaid,ANNUAL,Nova Premium 5G,Data,25000,45000MB,,295,25000,Cash,3G,,5.0,5.0
CUST00625,SUB00625,PROD003,2348082506863,Customer 625,Male,,Lagos,North West,Basic,20/09/2022,Active,prepaid,Monthly,Nova Hybrid Plus,Bundle,18000,,,205,,USSD,4g,-999.0,0.0,1.0
CUST00626,SUB00626,PROD005,2348050564793,Customer 626,Female,60+,Kano,South South,,2025-06-01,,POSTPAID,Monthly,Nova Starter,Bundle,8000,,,244,8000,Bank Transfer,5G,,0.0,3.0
CUST00627,SUB00627,PROD005,2348055962280,Customer 627,Female,26-35,Abuja,South East,STANDARD,2022-10-18,cancelled,POSTPAID,Monthly,Nova Starter,Bundle,8000,45000MB,3283.0,306,8000,bank transfer,4G,,0.0,4.0
CUST00628,SUB00628,PROD003,2348036026244,Customer 628,Male,26-35,Kano,North West,Corporate,2025-04-12,Actv,post paid,Monthly,Nova Hybrid Plus,Bundle,18000,,,704,18000,Card,,-72.0,,1.0
CUST00629,SUB00629,PROD005,2348065789688,Customer 629,Female,36-45,Kano,South South,Premium,2025-11-21,cancelled,POSTPAID,No contract,Nova Starter,Bundle,8000,,,489,8000,Bank Transfer,3G,-97.0,5.0,3.0
CUST00630,SUB00630,PROD003,2348072604471,Customer 630,MALE,18-25, Abuja ,South South,premium ,2025-11-14,Active,prepaid,monthly,Nova Hybrid Plus,Bundle,18000,45000MB,1864.0,58,18000,USSD,4g,-999.0,2.0,3.0
CUST00631,SUB00631,PROD004,2348076753756,Customer 631,MALE,18-25,Abuja,North West,Standard,2024-10-16,SUSPENDED,Prepaid,No contract,Nova SME Connect,Business,35000,68254,3710.0,782,35000,USSD,5G,-109.0,0.0,2.0
CUST00632,SUB00632,PROD002,2348069124208,Customer 632,Male,46-60,portharcourt,South West,Corporate,2024-03-15,SUSPENDED,post paid,Monthly,Nova Unlimited Voice,Voice,12000,18524,,643,,bank transfer,,-999.0,2.0,5.0
CUST00633,SUB00633,PROD005,2348069329788,Customer 633,Female,36-45,Port Harcourt,South South,Premium,2023-11-01,Active,Prepaid,Monthly,Nova Starter,Bundle,8000,11972,3071.0,634,8000,Card,4G,-65.0,2.0,
CUST00634,SUB00634,PROD004,2348093107259,Customer 634,Female,26-35,LAGOS,South East,Premium,2025-03-24,ACTIVE,prepaid,ANNUAL,Nova SME Connect,Business,35000,88561,,506,35000,,4G,,0.0,2.0
CUST00635,SUB00635,PROD004,2348099705676,Customer 635, f,26-35,Port Harcourt,South East,Standard,2023-11-04,Cancelled,Prepaid,Annual,Nova SME Connect,Business,35000,45000MB,,528,35000,Bank Transfer,4G,,5.0,4.0
CUST00636,SUB00636,PROD004,2348058246008,Customer 636,M,46-60,Port Harcourt,South West,Standard,2021-12-05,Suspended,POSTPAID,monthly,Nova SME Connect,Business,35000,45000MB,,685,,USSD,3G,,5.0,1.0
CUST00637,SUB00637,PROD003,2348095863158,Customer 637,Female,60+,portharcourt,South West,Standard,2024-03-22,SUSPENDED,POSTPAID,ANNUAL,Nova Hybrid Plus,Bundle,18000,36877,1877.0,402,,bank transfer,3G,-999.0,2.0,2.0
CUST00638,SUB00638,PROD005,2348099701025,Customer 638, f,60+,LAGOS,North Central,STANDARD,2023-06-09,Cancelled,prepaid,ANNUAL,Nova Starter,Bundle,8000,45000MB,507.0,337,8000,CARD,LTE,-94.0,0.0,
CUST00639,SUB00639,PROD002,2348086301515,Customer 639,Male,26-35,Ibadan,South South,Corporate,2021-07-25,ACTIVE,POSTPAID,monthly,Nova Unlimited Voice,Voice,12000,,,562,12000,USSD,3G,-999.0,0.0,4.0
CUST00640,SUB00640,PROD003,2348037270926, Customer 640 , f,, Abuja ,South South,Standard,2022-09-15,Active,Postpaid,No contract,Nova Hybrid Plus,Bundle,18000,5218,,728,,Card,4g,,0.0,4.0
CUST00641,SUB00641,PROD002,2348094421040,Customer 641,Male,,Port Harcourt,South East,Standard,2022-02-25,Cancelled,prepaid,No contract,Nova Unlimited Voice,Voice,12000,55122,3680.0,697,12000,Cash,4g,-97.0,,1.0
CUST00642,SUB00642,PROD005,2348038528960,Customer 642,female,18-25,lagos,North Central,Basic,2025-11-23,Active,prepaid,Annual,Nova Starter,Bundle,8000,3492,2628.0,199,8000,CARD,4G,,,5.0
CUST00643,SUB00643,PROD004,2348079141796,Customer 643,F,18-25,Abuja,North West,Standard,2021-12-14,,Postpaid,Annual,Nova SME Connect,Business,35000,,,426,35000,bank transfer,LTE,-74.0,5.0,4.0
CUST00644,SUB00644,PROD005,2348056887303,Customer 644,,46-60,lagos,South West,,2022-01-13,Actv,Prepaid,No contract,Nova Starter,Bundle,8000,45000MB,809.0,440,,CARD,4G,-57.0,,1.0
CUST00645,SUB00645,PROD001,2348058530099,Customer 645,Female,46-60,LAGOS,North Central,premium ,2021-11-14,ACTIVE,POSTPAID,monthly,Nova Premium 5G,Data,25000,46084,,175,25000,Cash,4g,-999.0,5.0,4.0
CUST00646,SUB00646,PROD003,2348082628969,Customer 646,Male,46-60, Abuja ,South East,premium ,2022-04-11,Suspended,Prepaid,monthly,Nova Hybrid Plus,Bundle,18000,45000MB,3424.0,363,,Cash,3G,,,4.0
CUST00647,SUB00647,PROD004,2348034464875,Customer 647,Female,,Port Harcourt,South East,Basic,2024-12-24,ACTIVE,post paid,Annual,Nova SME Connect,Business,35000,,391.0,210,,,,-72.0,,1.0
CUST00648,SUB00648,PROD003,2348073366180,Customer 648,Female,60+,,North Central,Premium,2025-09-25,Active,post paid,ANNUAL,Nova Hybrid Plus,Bundle,18000,45000MB,,57,18000,Card,4g,,5.0,4.0
CUST00649,SUB00649,PROD002,2348051626386,Customer 649,F,46-60,Kano,South West,premium ,2025-01-10,Active,Postpaid,No contract,Nova Unlimited Voice,Voice,12000,48434,,295,12000,CARD,,-999.0,,3.0
CUST00650,SUB00650,PROD005,2348046754426,Customer 650,F,,,South East,,23/10/2023,cancelled,Postpaid,Annual,Nova Starter,Bundle,8000,45000MB,,550,8000,bank transfer,,-999.0,5.0,
CUST00651,SUB00651,PROD001,2348037521730,Customer 651,Female,36-45,Abuja,South East,Premium,2023-12-20,cancelled,Prepaid,ANNUAL,Nova Premium 5G,Data,25000,,734.0,269,25000,USSD,3G,-74.0,,3.0
CUST00652,SUB00652,PROD005,2348033215387,Customer 652,male,26-35,Ibadan,North West,,2024-02-09,Cancelled,Postpaid,No contract,Nova Starter,Bundle,8000,,1222.0,375,8000,bank transfer,,-99.0,1.0,1.0
CUST00653,SUB00653,PROD001,2348082184188,Customer 653,M,26-35,Port Harcourt,South West,,2025-07-16,Active,POSTPAID,Monthly,Nova Premium 5G,Data,25000,67721,1489.0,472,,Bank Transfer,5G,-76.0,,2.0
CUST00654,SUB00654,PROD001,2348076995348,Customer 654,M,,Port Harcourt,South South,STANDARD,2021-08-30,Cancelled,Prepaid,ANNUAL,Nova Premium 5G,Data,25000,,3802.0,521,25000,,4g,-89.0,5.0,5.0
CUST00655,SUB00655,PROD004,2348013913835,Customer 655,Male,18-25,Port Harcourt,South West,Premium,2024-04-10,cancelled,post paid,Annual,Nova SME Connect,Business,35000,,,319,35000,Card,4G,-69.0,2.0,2.0
CUST00656,SUB00656,PROD005,2348039939687,Customer 656,F,36-45,LAGOS,North West,Basic,2022-03-03,active,POSTPAID,Monthly,Nova Starter,Bundle,8000,,1234.0,287,8000,Card,,,,4.0
CUST00657,SUB00657,PROD001,2348032031148,Customer 657,Female,46-60,Abuja,North Central,,2024-09-09,Active,POSTPAID,Annual,Nova Premium 5G,Data,25000,70605,3426.0,779,25000,Bank Transfer,3G,,5.0,4.0
CUST00658,SUB00658,PROD005,2348056991601,Customer 658,male,18-25,LAGOS,South East,STANDARD,2021-07-01,Actv,Prepaid,No contract,Nova Starter,Bundle,8000,17430,,136,8000,Cash,4g,-77.0,1.0,2.0
CUST00659,SUB00659,PROD001,2348072910755,Customer 659,male,26-35,,North Central,STANDARD,2022-07-10,Cancelled,POSTPAID,monthly,Nova Premium 5G,Data,25000,,,98,25000,Card,4g,-999.0,0.0,1.0
CUST00660,SUB00660,PROD004,2348052384156, Customer 660 ,m ,36-45, Abuja ,North Central,Premium,2024-12-14,Cancelled,post paid,No contract,Nova SME Connect,Business,35000,,,68,35000,Bank Transfer,,,0.0,4.0
CUST00661,SUB00661,PROD001,2348064786938,Customer 661,Male,26-35,Enugu,South West,,2022-12-30,Active,post paid,Annual,Nova Premium 5G,Data,25000,45000MB,,690,25000,bank transfer,LTE,-65.0,,3.0
CUST00662,SUB00662,PROD005,2348034781205,Customer 662,FEMALE,36-45,Abuja,South East,Premium,2023-11-16,Active,Postpaid,monthly,Nova Starter,Bundle,8000,45000MB,,86,8000,,LTE,-999.0,2.0,1.0
CUST00663,SUB00663,PROD002,2348052559343,Customer 663,F,,Abuja,South South,,2022-01-31,Active,Postpaid,monthly,Nova Unlimited Voice,Voice,12000,45000MB,2966.0,404,12000,Card,LTE,-999.0,1.0,3.0
CUST00664,SUB00664,PROD002,2348067850956,Customer 664,F,,Ibadan,North Central,premium ,2022-12-27,active,post paid,monthly,Nova Unlimited Voice,Voice,12000,70109,2105.0,596,12000,USSD,LTE,,2.0,4.0
CUST00665,SUB00665,PROD002,2348042059830,Customer 665,Unknown,18-25,Ibadan,South West,premium ,2024-04-23,Active,POSTPAID,monthly,Nova Unlimited Voice,Voice,12000,45000MB,486.0,164,12000,bank transfer,4G,-54.0,,3.0
CUST00666,SUB00666,PROD004,2348099037472,Customer 666,Male,26-35,lagos,South South,Premium,2025-05-02,cancelled,POSTPAID,monthly,Nova SME Connect,Business,35000,45000MB,3277.0,307,,USSD,,-999.0,,5.0
CUST00667,SUB00667,PROD004,2348049745087,Customer 667,MALE,,Kano,North Central,premium ,2023-09-28,active,prepaid,Monthly,Nova SME Connect,Business,35000,45000MB,,205,,,5G,-83.0,2.0,3.0
CUST00668,SUB00668,PROD001,2348061975495,Customer 668,Female,60+,portharcourt,South East,Corporate,2022-09-08,Suspended,POSTPAID,Monthly,Nova Premium 5G,Data,25000,,,435,25000,Cash,4g,,1.0,4.0
CUST00669,SUB00669,PROD005,2348051558087,Customer 669, f,60+,Abuja,South East,premium ,2025-05-25,,post paid,monthly,Nova Starter,Bundle,8000,45000MB,2894.0,386,8000,CARD,4G,,5.0,
CUST00670,SUB00670,PROD005,2348011624050,Customer 670,F,, Abuja ,South East,Standard,2021-04-11,Cancelled,Postpaid,monthly,Nova Starter,Bundle,8000,75374,,125,8000,Card,4g,,0.0,2.0
CUST00671,SUB00671,PROD004,2348037359035,Customer 671,female,18-25,Port Harcourt,South South,,2025-11-07,Cancelled,Postpaid,Annual,Nova SME Connect,Business,35000,88404,963.0,569,35000,USSD,LTE,-91.0,0.0,4.0
CUST00672,SUB00672,PROD002,2348045540715,Customer 672,Female,18-25, Abuja ,South West,Standard,2025-11-20,Active,Postpaid,No contract,Nova Unlimited Voice,Voice,12000,,662.0,313,12000,Card,LTE,-999.0,,
CUST00673,SUB00673,PROD001,2348066342177,Customer 673,Male,, Abuja ,North West,Standard,2022-04-23,Suspended,post paid,No contract,Nova Premium 5G,Data,25000,11697,870.0,606,25000,Bank Transfer,LTE,-105.0,5.0,2.0
CUST00674,SUB00674,PROD001,2348029763614,Customer 674,Male,,Ibadan,South South,premium ,2025-08-14,active,prepaid,No contract,Nova Premium 5G,Data,25000,,,330,25000,Bank Transfer,,,2.0,5.0
CUST00675,SUB00675,PROD005,2348096777031,Customer 675,male,26-35,Abuja,North Central,,28/02/2021,Active,POSTPAID,Annual,Nova Starter,Bundle,8000,28312,,153,8000,USSD,3G,-999.0,5.0,4.0
CUST00676,SUB00676,PROD003,2348026627930,Customer 676,Male,60+,Kano,South West,Corporate,2022-07-20,cancelled,POSTPAID,Monthly,Nova Hybrid Plus,Bundle,18000,45000MB,,782,18000,bank transfer,5G,-999.0,0.0,3.0
CUST00677,SUB00677,PROD001,2348037643310,Customer 677,Male,18-25,Enugu,South West,premium ,2025-09-14,Cancelled,prepaid,monthly,Nova Premium 5G,Data,25000,43239,2498.0,404,25000,Bank Transfer,4G,,2.0,4.0
CUST00678,SUB00678,PROD003,2348091637851,Customer 678,Male,60+,Abuja,North Central,Basic,2023-02-26,Active,POSTPAID,ANNUAL,Nova Hybrid Plus,Bundle,18000,45000MB,1801.0,76,18000,Card,LTE,-72.0,,5.0
CUST00679,SUB00679,PROD003,2348068400687,Customer 679,MALE,,,South East,Corporate,2023-01-02,Cancelled,Prepaid,monthly,Nova Hybrid Plus,Bundle,18000,45000MB,,478,18000,USSD,5G,-77.0,,
CUST00680,SUB00680,PROD004,2348060829547, Customer 680 ,female,26-35,Lagos,South South,,2023-09-02,Active,post paid,Monthly,Nova SME Connect,Business,35000,,2408.0,412,35000,bank transfer,3G,,1.0,4.0
CUST00681,SUB00681,PROD004,2348011159991,Customer 681,,,Abuja,South West,Standard,2024-03-02,ACTIVE,Postpaid,monthly,Nova SME Connect,Business,35000,11307,1614.0,304,35000,Bank Transfer,4g,-98.0,5.0,3.0
CUST00682,SUB00682,PROD002,2348089226071,Customer 682,F,36-45,Kano,North West,Premium,2023-06-24,Active,Prepaid,No contract,Nova Unlimited Voice,Voice,12000,45000MB,,579,,Cash,LTE,,5.0,2.0
CUST00683,SUB00683,PROD003,2348028005643,Customer 683,M,36-45, Abuja ,South West,Corporate,2022-09-16,Cancelled,Postpaid,Annual,Nova Hybrid Plus,Bundle,18000,,3564.0,792,18000,bank transfer,LTE,,,
CUST00684,SUB00684,PROD001,2348054133158,Customer 684,Female,46-60,Lagos,North Central,Basic,2021-05-14,,post paid,Annual,Nova Premium 5G,Data,25000,,,347,25000,CARD,4g,,2.0,2.0
CUST00685,SUB00685,PROD004,2348013555211,Customer 685,M,26-35,,South West,STANDARD,2025-08-14,cancelled,POSTPAID,monthly,Nova SME Connect,Business,35000,45000MB,2112.0,106,35000,Cash,3G,-999.0,2.0,1.0
CUST00686,SUB00686,PROD002,2348013854321,Customer 686,male,,Port Harcourt,North Central,,2022-05-03,Cancelled,Postpaid,monthly,Nova Unlimited Voice,Voice,12000,,,101,12000,bank transfer,4G,,0.0,5.0
CUST00687,SUB00687,PROD002,2348060119131,Customer 687,Female,46-60,Enugu,North Central,,2021-05-22,Cancelled,Prepaid,Annual,Nova Unlimited Voice,Voice,12000,,3675.0,253,12000,CARD,5G,-999.0,2.0,2.0
CUST00688,SUB00688,PROD002,2348043686771,Customer 688,M,,Enugu,South West,Basic,2023-08-17,Active,post paid,monthly,Nova Unlimited Voice,Voice,12000,45000MB,3045.0,748,,Cash,,-74.0,2.0,3.0
CUST00689,SUB00689,PROD004,2348056805148,Customer 689,Female,26-35,Ibadan,North West,premium ,2021-10-06,Cancelled,Prepaid,No contract,Nova SME Connect,Business,35000,,,306,,USSD,5G,-90.0,5.0,5.0
CUST00690,SUB00690,PROD004,2348065196816,Customer 690,male,,Enugu,North Central,,2021-07-23,SUSPENDED,prepaid,monthly,Nova SME Connect,Business,35000,25278,,704,35000,USSD,4g,-92.0,1.0,3.0
CUST00691,SUB00691,PROD001,2348083450180,Customer 691,male,36-45,Port Harcourt,North Central,STANDARD,2025-03-23,Suspended,post paid,monthly,Nova Premium 5G,Data,25000,45000MB,1677.0,472,,Card,4G,-74.0,5.0,3.0
CUST00692,SUB00692,PROD004,2348043910309,Customer 692,Female,60+,Abuja,North West,Premium,2025-10-23,Cancelled,post paid,ANNUAL,Nova SME Connect,Business,35000,45000MB,,697,,USSD,4g,,5.0,1.0
CUST00693,SUB00693,PROD003,2348063332113,Customer 693,Female,36-45, Abuja ,North West,premium ,2023-02-18,cancelled,prepaid,Annual,Nova Hybrid Plus,Bundle,18000,25067,,198,18000,bank transfer,LTE,,2.0,3.0
CUST00694,SUB00694,PROD002,2348043993360,Customer 694,Male,, Abuja ,South West,Premium,2024-06-18,active,prepaid,Monthly,Nova Unlimited Voice,Voice,12000,47102,1917.0,745,12000,,LTE,-104.0,1.0,2.0
CUST00695,SUB00695,PROD004,2348093405638,Customer 695,F,36-45,,South East,Basic,2024-04-09,cancelled,post paid,No contract,Nova SME Connect,Business,35000,45000MB,,137,35000,bank transfer,,-81.0,0.0,4.0
CUST00696,SUB00696,PROD002,2348051656971,Customer 696,Female,60+,portharcourt,South West,Standard,2025-08-31,Suspended,Prepaid,ANNUAL,Nova Unlimited Voice,Voice,12000,73527,1720.0,370,12000,USSD,4g,-98.0,5.0,
CUST00697,SUB00697,PROD002,2348024873072,Customer 697,Female,60+,portharcourt,South South,Standard,2023-11-17,Cancelled,post paid,ANNUAL,Nova Unlimited Voice,Voice,12000,45000MB,1021.0,305,12000,Card,5G,-78.0,0.0,2.0
CUST00698,SUB00698,PROD003,2348086324599,Customer 698,Female,,Kano,South West,Standard,2023-12-27,cancelled,Postpaid,No contract,Nova Hybrid Plus,Bundle,18000,,,141,,bank transfer,4g,-103.0,5.0,3.0
CUST00699,SUB00699,PROD004,2348032601398,Customer 699,M,,Lagos,North West,Standard,2021-04-10,Active,POSTPAID,monthly,Nova SME Connect,Business,35000,45000MB,3655.0,647,35000,Bank Transfer,4g,,5.0,5.0
CUST00700,SUB00700,PROD002,2348083330632, Customer 700 ,Female,36-45,Kano,North Central,,09/04/2024,Active,post paid,Monthly,Nova Unlimited Voice,Voice,12000,,,422,12000,,3G,-90.0,2.0,3.0
CUST00701,SUB00701,PROD001,2348024928529,Customer 701,M,18-25,Kano,South South,,2024-06-18,Cancelled,prepaid,ANNUAL,Nova Premium 5G,Data,25000,,,650,25000,USSD,LTE,-92.0,1.0,3.0
CUST00702,SUB00702,PROD003,2348052054040,Customer 702,F,60+,Lagos,North Central,premium ,2023-09-27,ACTIVE,post paid,Annual,Nova Hybrid Plus,Bundle,18000,78877,711.0,66,18000,bank transfer,4g,-999.0,5.0,1.0
CUST00703,SUB00703,PROD001,2348099300984,Customer 703,Female,36-45,LAGOS,South East,,2023-04-24,active,Prepaid,Monthly,Nova Premium 5G,Data,25000,45000MB,3039.0,570,,bank transfer,4G,-999.0,2.0,2.0
CUST00704,SUB00704,PROD005,2348074434657,Customer 704,Female,26-35,lagos,South East,STANDARD,2023-04-24,cancelled,post paid,Monthly,Nova Starter,Bundle,8000,45000MB,,364,8000,Card,LTE,-999.0,,4.0
CUST00705,SUB00705,PROD004,2348011143251,Customer 705,Unknown,46-60,Ibadan,North West,Premium,2021-03-21,Active,Prepaid,ANNUAL,Nova SME Connect,Business,35000,45000MB,,216,35000,bank transfer,3G,-100.0,5.0,2.0
CUST00706,SUB00706,PROD002,2348011156593,Customer 706,Male,18-25,Kano,North Central,premium ,2024-06-03,active,prepaid,No contract,Nova Unlimited Voice,Voice,12000,,,6,12000,Cash,4g,-56.0,0.0,2.0
CUST00707,SUB00707,PROD005,2348035866733,Customer 707,Female,26-35,Abuja,North Central,Premium,2022-11-09,Actv,POSTPAID,Annual,Nova Starter,Bundle,8000,,1832.0,538,8000,Bank Transfer,4g,-999.0,5.0,1.0
CUST00708,SUB00708,PROD004,2348041494237,Customer 708,Male,46-60,Abuja,South East,Standard,2023-03-19,Active,prepaid,No contract,Nova SME Connect,Business,35000,45000MB,,218,,bank transfer,5G,,1.0,
CUST00709,SUB00709,PROD002,2348096529619,Customer 709,Female,18-25,Kano,South South,,2025-08-08,cancelled,post paid,No contract,Nova Unlimited Voice,Voice,12000,45000MB,,114,,Card,,-999.0,5.0,
CUST00710,SUB00710,PROD004,2348075674137,Customer 710,Male,36-45,,North West,,2022-12-19,,POSTPAID,monthly,Nova SME Connect,Business,35000,,3988.0,510,,Card,LTE,-999.0,,4.0
CUST00711,SUB00711,PROD002,2348082258203,Customer 711,Female,26-35,portharcourt,South East,,2023-01-07,active,Prepaid,No contract,Nova Unlimited Voice,Voice,12000,6491,,740,,Cash,5G,-999.0,0.0,2.0
CUST00712,SUB00712,PROD005,2348018753703,Customer 712,Female,46-60,Port Harcourt,South East,Basic,2024-10-13,Active,prepaid,monthly,Nova Starter,Bundle,8000,45000MB,,154,8000,Card,,-999.0,2.0,4.0
CUST00713,SUB00713,PROD005,2348019594074,Customer 713,Male,36-45,lagos,South South,Basic,2021-07-10,Suspended,Postpaid,Annual,Nova Starter,Bundle,8000,68313,1886.0,355,8000,Cash,LTE,,1.0,5.0
CUST00714,SUB00714,PROD003,2348095194878,Customer 714,F,18-25,Kano,South West,,2021-05-30,Active,POSTPAID,Annual,Nova Hybrid Plus,Bundle,18000,51411,1832.0,16,,CARD,4g,-999.0,,4.0
CUST00715,SUB00715,PROD005,2348018967015,Customer 715,Female,60+,Port Harcourt,North Central,,2021-12-08,,post paid,No contract,Nova Starter,Bundle,8000,43528,2112.0,706,8000,USSD,5G,-999.0,0.0,2.0
CUST00716,SUB00716,PROD003,2348082248907,Customer 716,MALE,60+,lagos,South West,Basic,2025-10-21,Active,prepaid,monthly,Nova Hybrid Plus,Bundle,18000,,3290.0,523,18000,bank transfer,,-100.0,5.0,2.0
CUST00717,SUB00717,PROD005,2348021366692,Customer 717,Male,60+,LAGOS,South East,premium ,2024-10-14,Suspended,Postpaid,No contract,Nova Starter,Bundle,8000,67528,1051.0,253,8000,,5G,-82.0,2.0,3.0
CUST00718,SUB00718,PROD002,2348077593266,Customer 718,male,18-25,Enugu,North West,premium ,2023-04-17,active,Postpaid,ANNUAL,Nova Unlimited Voice,Voice,12000,,,656,12000,Card,4g,-75.0,0.0,2.0
CUST00719,SUB00719,PROD003,2348025854029,Customer 719,F,36-45,LAGOS,North West,premium ,2024-12-14,active,post paid,No contract,Nova Hybrid Plus,Bundle,18000,,3286.0,418,18000,Bank Transfer,LTE,,,4.0
CUST00720,SUB00720,PROD005,2348086931394, Customer 720 ,female,36-45,Port Harcourt,South South,Corporate,2025-03-31,Active,Postpaid,No contract,Nova Starter,Bundle,8000,,2539.0,618,8000,bank transfer,5G,,1.0,5.0
CUST00721,SUB00721,PROD001,2348021119210,Customer 721,Female,18-25,portharcourt,South East,Corporate,2023-06-13,Active,prepaid,Monthly,Nova Premium 5G,Data,25000,,2807.0,465,25000,Card,5G,,1.0,5.0
CUST00722,SUB00722,PROD002,2348013957331,Customer 722,m ,36-45,Abuja,North Central,,2023-05-04,Active,Postpaid,Monthly,Nova Unlimited Voice,Voice,12000,,1775.0,605,12000,,,-61.0,,1.0
CUST00723,SUB00723,PROD001,2348040098855,Customer 723,Male,60+,Kano,North West,Standard,2022-12-04,Active,post paid,Annual,Nova Premium 5G,Data,25000,,,475,,Cash,3G,-88.0,,1.0
CUST00724,SUB00724,PROD003,2348067673355,Customer 724,Male,26-35,Port Harcourt,South West,premium ,2021-12-23,Suspended,prepaid,No contract,Nova Hybrid Plus,Bundle,18000,,494.0,184,18000,CARD,5G,,2.0,5.0
CUST00725,SUB00725,PROD004,2348025014950,Customer 725,Male,26-35,LAGOS,South East,Basic,22/09/2024,,Postpaid,ANNUAL,Nova SME Connect,Business,35000,45000MB,,640,35000,Cash,3G,-69.0,,1.0
CUST00726,SUB00726,PROD005,2348075299118,Customer 726,Female,,Lagos,North West,Basic,2021-01-04,Cancelled,prepaid,Annual,Nova Starter,Bundle,8000,52609,,244,,Cash,3G,-999.0,,3.0
CUST00727,SUB00727,PROD002,2348070721805,Customer 727,Male,36-45,lagos,South East,,2023-09-18,cancelled,Prepaid,monthly,Nova Unlimited Voice,Voice,12000,,550.0,437,12000,Bank Transfer,5G,-999.0,,4.0
CUST00728,SUB00728,PROD004,2348082031160,Customer 728,,26-35,,South West,Basic,2021-04-27,ACTIVE,post paid,Annual,Nova SME Connect,Business,35000,57276,,711,35000,USSD,5G,-55.0,,
CUST00729,SUB00729,PROD004,2348024094745,Customer 729,Male,46-60,Enugu,South East,Standard,2025-08-07,Active,prepaid,No contract,Nova SME Connect,Business,35000,45000MB,,180,35000,bank transfer,,-999.0,,2.0
CUST00730,SUB00730,PROD004,2348062837184,Customer 730,F,46-60,lagos,South South,Corporate,2022-08-26,Cancelled,POSTPAID,Monthly,Nova SME Connect,Business,35000,,,561,35000,bank transfer,3G,-999.0,2.0,1.0
CUST00731,SUB00731,PROD002,2348026166825,Customer 731,Male,36-45,Kano,South East,Premium,2021-01-31,Active,Postpaid,Monthly,Nova Unlimited Voice,Voice,12000,60372,3452.0,252,,bank transfer,5G,-999.0,1.0,2.0
CUST00732,SUB00732,PROD004,2348066058229,Customer 732,Female,46-60,lagos,South South,Corporate,2022-11-24,Active,prepaid,Monthly,Nova SME Connect,Business,35000,40488,,740,,Bank Transfer,4g,-62.0,1.0,3.0
CUST00733,SUB00733,PROD001,2348020797243,Customer 733,Female,36-45,Abuja,North West,STANDARD,2021-06-22,Active,Prepaid,monthly,Nova Premium 5G,Data,25000,45000MB,1797.0,662,,Cash,3G,,2.0,4.0
CUST00734,SUB00734,PROD004,2348032052576,Customer 734,M,18-25,Abuja,South East,Premium,2025-03-24,cancelled,post paid,monthly,Nova SME Connect,Business,35000,48038,,757,35000,USSD,LTE,,1.0,3.0
CUST00735,SUB00735,PROD004,2348024415411,Customer 735,Male,18-25,Port Harcourt,North Central,STANDARD,2025-01-24,active,POSTPAID,monthly,Nova SME Connect,Business,35000,45000MB,,432,35000,USSD,3G,-999.0,0.0,3.0
CUST00736,SUB00736,PROD003,2348015447707,Customer 736,Female,,lagos,South East,Standard,2023-09-04,,prepaid,No contract,Nova Hybrid Plus,Bundle,18000,,,409,18000,Cash,,,,3.0
CUST00737,SUB00737,PROD003,2348088115350,Customer 737,Female,60+,portharcourt,South South,Premium,2023-05-18,Cancelled,POSTPAID,monthly,Nova Hybrid Plus,Bundle,18000,45000MB,,597,18000,bank transfer,4G,,,1.0
CUST00738,SUB00738,PROD005,2348017489293,Customer 738,Unknown,46-60,Kano,North West,premium ,2024-04-17,Cancelled,post paid,Monthly,Nova Starter,Bundle,8000,50549,,494,8000,,3G,-85.0,2.0,3.0
CUST00739,SUB00739,PROD002,2348018275708,Customer 739,Male,60+,Enugu,South West,Corporate,2024-06-04,Actv,Prepaid,ANNUAL,Nova Unlimited Voice,Voice,12000,,,220,,CARD,4G,-73.0,,3.0
CUST00740,SUB00740,PROD002,2348090313212, Customer 740 ,Unknown,46-60,,South South,Corporate,2024-05-30,active,Postpaid,Monthly,Nova Unlimited Voice,Voice,12000,37504,1048.0,272,12000,CARD,5G,,0.0,5.0
CUST00741,SUB00741,PROD001,2348052513757,Customer 741,Male,60+,Abuja,South East,Standard,2025-11-25,Active,Postpaid,Annual,Nova Premium 5G,Data,25000,,1465.0,58,25000,Cash,4g,-999.0,0.0,
CUST00742,SUB00742,PROD001,2348062637883,Customer 742,Male,18-25,Port Harcourt,North West,Basic,2022-01-02,Actv,prepaid,ANNUAL,Nova Premium 5G,Data,25000,89485,1146.0,787,,Card,4G,-72.0,0.0,1.0
CUST00743,SUB00743,PROD002,2348023362068,Customer 743,,26-35,Kano,South East,Standard,2021-07-14,Suspended,Prepaid,Annual,Nova Unlimited Voice,Voice,12000,45000MB,,701,12000,Bank Transfer,,-999.0,1.0,4.0
CUST00744,SUB00744,PROD004,2348072671929,Customer 744,male,, Abuja ,South South,,2025-08-14,Active,Postpaid,Annual,Nova SME Connect,Business,35000,46027,,716,35000,Cash,4g,,0.0,2.0
CUST00745,SUB00745,PROD005,2348052780965,Customer 745,F,,Abuja,North West,premium ,2021-12-17,Active,post paid,No contract,Nova Starter,Bundle,8000,45000MB,2211.0,739,,Cash,LTE,,5.0,5.0
CUST00746,SUB00746,PROD002,2348019966125,Customer 746, f,18-25,Port Harcourt,South East,Standard,2021-08-26,Cancelled,prepaid,ANNUAL,Nova Unlimited Voice,Voice,12000,45000MB,1967.0,120,12000,Card,3G,-69.0,1.0,5.0
CUST00747,SUB00747,PROD001,2348062859303,Customer 747,Unknown,36-45,Kano,South West,STANDARD,2022-01-09,Active,Postpaid,ANNUAL,Nova Premium 5G,Data,25000,5660,,368,,CARD,4g,-104.0,5.0,1.0
CUST00748,SUB00748,PROD005,2348049258572,Customer 748,male,,Abuja,South South,Premium,2022-09-26,SUSPENDED,prepaid,Monthly,Nova Starter,Bundle,8000,,2800.0,104,8000,Card,LTE,,,5.0
CUST00749,SUB00749,PROD003,2348025127655,Customer 749,,18-25,portharcourt,North Central,,2025-11-21,active,Postpaid,monthly,Nova Hybrid Plus,Bundle,18000,45000MB,1043.0,405,18000,CARD,3G,-999.0,0.0,3.0
CUST00750,SUB00750,PROD005,2348094954711,Customer 750,Female,26-35,Abuja,South South,,12/09/2023,Active,post paid,No contract,Nova Starter,Bundle,8000,45000MB,112.0,121,8000,Bank Transfer,LTE,,0.0,
CUST00751,SUB00751,PROD004,2348039036827,Customer 751,Unknown,46-60, Abuja ,South South,STANDARD,2025-09-02,Cancelled,POSTPAID,monthly,Nova SME Connect,Business,35000,,,66,,CARD,5G,-53.0,0.0,2.0
CUST00752,SUB00752,PROD003,2348091588867,Customer 752,F,,Lagos,North Central,Standard,2025-03-07,Cancelled,POSTPAID,ANNUAL,Nova Hybrid Plus,Bundle,18000,45000MB,3780.0,273,,Cash,3G,-999.0,,3.0
CUST00753,SUB00753,PROD002,2348090611891,Customer 753,M,26-35,Enugu,South East,Basic,2021-01-13,ACTIVE,post paid,No contract,Nova Unlimited Voice,Voice,12000,,1037.0,794,12000,bank transfer,4G,-999.0,,1.0
CUST00754,SUB00754,PROD003,2348034158296,Customer 754,Male,60+,Enugu,South South,Basic,2024-07-07,active,Postpaid,ANNUAL,Nova Hybrid Plus,Bundle,18000,14136,511.0,751,18000,CARD,5G,-98.0,,2.0
CUST00755,SUB00755,PROD002,2348071500583,Customer 755,Male,46-60,Enugu,South West,Corporate,2021-09-13,Active,post paid,ANNUAL,Nova Unlimited Voice,Voice,12000,45000MB,,606,,,,,2.0,5.0
CUST00756,SUB00756,PROD001,2348050086233,Customer 756,Male,,Kano,South West,Premium,2023-08-09,,Prepaid,Annual,Nova Premium 5G,Data,25000,25893,,283,25000,CARD,LTE,,0.0,1.0
CUST00757,SUB00757,PROD005,2348061122063,Customer 757,MALE,46-60, Abuja ,North West,STANDARD,2025-03-08,,Prepaid,Monthly,Nova Starter,Bundle,8000,,,407,8000,,4g,-999.0,5.0,1.0
CUST00758,SUB00758,PROD002,2348079249131,Customer 758,Female,,LAGOS,South West,premium ,2023-09-14,cancelled,Postpaid,No contract,Nova Unlimited Voice,Voice,12000,1322,,567,12000,Cash,LTE,-103.0,,
CUST00759,SUB00759,PROD004,2348020106846,Customer 759,Female,36-45,Ibadan,South East,STANDARD,2023-12-27,Active,prepaid,Monthly,Nova SME Connect,Business,35000,,3854.0,67,35000,Cash,4G,-999.0,5.0,
CUST00760,SUB00760,PROD004,2348014197018, Customer 760 ,,,Lagos,South South,premium ,2024-12-29,Active,prepaid,ANNUAL,Nova SME Connect,Business,35000,45000MB,3459.0,114,35000,bank transfer,4G,,5.0,5.0
CUST00761,SUB00761,PROD002,2348027020536,Customer 761,,26-35,Abuja,South West,Basic,2022-08-01,Actv,POSTPAID,monthly,Nova Unlimited Voice,Voice,12000,,1585.0,666,,CARD,4G,,1.0,3.0
CUST00762,SUB00762,PROD003,2348012665778,Customer 762,Male,18-25, Abuja ,North Central,Corporate,2021-06-26,,Prepaid,No contract,Nova Hybrid Plus,Bundle,18000,45000MB,3081.0,753,18000,Bank Transfer,LTE,,0.0,1.0
CUST00763,SUB00763,PROD004,2348025179718,Customer 763,Male,60+,Lagos,North Central,premium ,2023-10-17,cancelled,Prepaid,monthly,Nova SME Connect,Business,35000,45000MB,,651,35000,bank transfer,,-93.0,,3.0
CUST00764,SUB00764,PROD003,2348096473881,Customer 764,F,,LAGOS,South South,premium ,2024-05-19,cancelled,POSTPAID,No contract,Nova Hybrid Plus,Bundle,18000,,,486,18000,Cash,LTE,-67.0,,2.0
CUST00765,SUB00765,PROD003,2348082916381,Customer 765,Female,,lagos,South West,Basic,2025-04-29,cancelled,POSTPAID,Annual,Nova Hybrid Plus,Bundle,18000,79352,,341,,Bank Transfer,5G,-60.0,1.0,
CUST00766,SUB00766,PROD004,2348039440491,Customer 766,Female,26-35,portharcourt,North West,,2021-08-01,,POSTPAID,No contract,Nova SME Connect,Business,35000,,,426,35000,bank transfer,LTE,-999.0,1.0,2.0
CUST00767,SUB00767,PROD004,2348064802544,Customer 767,Male,36-45,,South South,,2021-06-05,,Postpaid,No contract,Nova SME Connect,Business,35000,,3554.0,123,,Cash,4G,-90.0,0.0,1.0
CUST00768,SUB00768,PROD002,2348010980431,Customer 768,Male,46-60,Port Harcourt,South West,,2025-05-31,Active,prepaid,monthly,Nova Unlimited Voice,Voice,12000,,1583.0,322,12000,,,,,4.0
CUST00769,SUB00769,PROD004,2348063826021,Customer 769,Female,46-60,LAGOS,South South,Standard,2023-11-09,Cancelled,Postpaid,No contract,Nova SME Connect,Business,35000,4650,,680,35000,CARD,4g,,2.0,2.0
CUST00770,SUB00770,PROD004,2348076212053,Customer 770,Female,60+,Abuja,South West,Standard,2025-11-19,active,POSTPAID,monthly,Nova SME Connect,Business,35000,,,614,,bank transfer,4g,-83.0,0.0,1.0
CUST00771,SUB00771,PROD002,2348058107289,Customer 771,M,36-45, Abuja ,North West,,2021-05-10,Active,POSTPAID,Annual,Nova Unlimited Voice,Voice,12000,,,768,12000,Bank Transfer,5G,,,5.0
CUST00772,SUB00772,PROD002,2348053773371,Customer 772,Male,46-60,LAGOS,South West,premium ,2025-08-24,active,Prepaid,monthly,Nova Unlimited Voice,Voice,12000,11315,1687.0,792,,Card,4G,-98.0,,4.0
CUST00773,SUB00773,PROD005,2348029461913,Customer 773,female,60+,LAGOS,South South,Standard,2024-05-20,Actv,Postpaid,No contract,Nova Starter,Bundle,8000,45000MB,3179.0,163,8000,bank transfer,,-51.0,2.0,3.0
CUST00774,SUB00774,PROD002,2348022439595,Customer 774,F,,Lagos,North Central,,2024-09-17,Cancelled,Prepaid,monthly,Nova Unlimited Voice,Voice,12000,,2099.0,9,12000,Bank Transfer,3G,-100.0,1.0,5.0
CUST00775,SUB00775,PROD005,2348065706799,Customer 775,Female,46-60,,South South,Standard,17/02/2025,Active,Prepaid,ANNUAL,Nova Starter,Bundle,8000,,3995.0,573,,Bank Transfer,,-999.0,,4.0
CUST00776,SUB00776,PROD001,2348057554582,Customer 776,Male,26-35,,South West,STANDARD,2024-10-13,Suspended,post paid,Monthly,Nova Premium 5G,Data,25000,45000MB,3830.0,434,,CARD,LTE,-57.0,1.0,3.0
CUST00777,SUB00777,PROD003,2348094652182,Customer 777,M,36-45,LAGOS,South South,Standard,2025-10-15,Active,Prepaid,ANNUAL,Nova Hybrid Plus,Bundle,18000,45000MB,,79,,USSD,4g,,5.0,1.0
CUST00778,SUB00778,PROD002,2348039908204,Customer 778,Female,60+,Kano,North Central,Basic,2022-05-13,Active,Postpaid,ANNUAL,Nova Unlimited Voice,Voice,12000,74994,773.0,315,12000,USSD,4G,,,4.0
CUST00779,SUB00779,PROD004,2348045633308,Customer 779,M,26-35,Ibadan,South West,premium ,2021-03-21,Active,post paid,monthly,Nova SME Connect,Business,35000,45000MB,,708,35000,USSD,,-999.0,5.0,4.0
CUST00780,SUB00780,PROD001,2348065153272, Customer 780 ,Male,18-25,Lagos,North West,Premium,2021-09-11,,POSTPAID,monthly,Nova Premium 5G,Data,25000,8259,,326,,USSD,4g,,,4.0
CUST00781,SUB00781,PROD002,2348050297034,Customer 781,M,26-35,lagos,South West,Basic,2024-10-09,Cancelled,Postpaid,No contract,Nova Unlimited Voice,Voice,12000,45000MB,,426,,Bank Transfer,3G,-999.0,,2.0
CUST00782,SUB00782,PROD005,2348093593759,Customer 782,Male,,Enugu,North West,premium ,2023-12-27,Active,post paid,monthly,Nova Starter,Bundle,8000,45000MB,710.0,460,8000,Card,LTE,-999.0,0.0,4.0
CUST00783,SUB00783,PROD002,2348084970351,Customer 783,Male,46-60,Abuja,South East,Corporate,2024-01-22,cancelled,post paid,ANNUAL,Nova Unlimited Voice,Voice,12000,,3721.0,763,12000,,LTE,,0.0,2.0
CUST00784,SUB00784,PROD002,2348053427003,Customer 784,Male,,,South South,,2022-02-22,cancelled,post paid,Annual,Nova Unlimited Voice,Voice,12000,45000MB,,782,,bank transfer,4g,-58.0,5.0,
CUST00785,SUB00785,PROD001,2348093021993,Customer 785,M,26-35,Enugu,North Central,STANDARD,2022-09-29,cancelled,POSTPAID,monthly,Nova Premium 5G,Data,25000,45000MB,93.0,135,25000,,5G,-60.0,2.0,4.0
CUST00786,SUB00786,PROD003,2348035169874,Customer 786,Female,26-35,Kano,North West,,2022-06-01,active,post paid,Annual,Nova Hybrid Plus,Bundle,18000,43768,,2,18000,USSD,5G,,2.0,3.0
CUST00787,SUB00787,PROD002,2348038732393,Customer 787,MALE,46-60,Kano,South West,,2023-09-25,Active,Postpaid,Monthly,Nova Unlimited Voice,Voice,12000,45000MB,1827.0,121,12000,bank transfer,,-62.0,0.0,3.0
CUST00788,SUB00788,PROD002,2348098572407,Customer 788,Male,18-25,portharcourt,North Central,STANDARD,2021-11-11,Cancelled,post paid,monthly,Nova Unlimited Voice,Voice,12000,4903,,570,,Bank Transfer,,-107.0,5.0,5.0
CUST00789,SUB00789,PROD002,2348032781530,Customer 789,MALE,36-45, Abuja ,South South,Basic,2023-09-27,active,prepaid,ANNUAL,Nova Unlimited Voice,Voice,12000,49875,280.0,152,,bank transfer,4G,-81.0,2.0,5.0
CUST00790,SUB00790,PROD001,2348073121268,Customer 790,Male,26-35,Lagos,North Central,Basic,2023-12-19,Active,POSTPAID,No contract,Nova Premium 5G,Data,25000,,,72,25000,CARD,5G,,2.0,4.0
CUST00791,SUB00791,PROD002,2348058211391,Customer 791,F,46-60, Abuja ,South West,Corporate,2023-07-07,cancelled,prepaid,monthly,Nova Unlimited Voice,Voice,12000,,3878.0,227,12000,CARD,4G,,,3.0
CUST00792,SUB00792,PROD004,2348051472530,Customer 792,Male,18-25,lagos,South West,STANDARD,2023-10-27,Active,POSTPAID,Monthly,Nova SME Connect,Business,35000,45000MB,,434,35000,Cash,4g,-999.0,5.0,1.0
CUST00793,SUB00793,PROD003,2348029153135,Customer 793,MALE,46-60,Lagos,North Central,Premium,2025-11-07,Active,POSTPAID,monthly,Nova Hybrid Plus,Bundle,18000,45000MB,,790,18000,CARD,LTE,-99.0,,2.0
CUST00794,SUB00794,PROD004,2348053732967,Customer 794,Female,36-45,Kano,South South,Corporate,2024-10-11,Cancelled,Prepaid,No contract,Nova SME Connect,Business,35000,,1532.0,233,,,,-74.0,0.0,1.0
CUST00795,SUB00795,PROD003,2348082987465,Customer 795,,,Lagos,South South,Corporate,2021-12-05,Active,Prepaid,Annual,Nova Hybrid Plus,Bundle,18000,7625,,563,18000,Card,5G,,5.0,5.0
CUST00796,SUB00796,PROD002,2348048148787,Customer 796,Female,36-45,Abuja,North West,Premium,2023-05-30,Cancelled,prepaid,No contract,Nova Unlimited Voice,Voice,12000,6670,1189.0,359,12000,bank transfer,,-999.0,2.0,
CUST00797,SUB00797,PROD003,2348020564078,Customer 797,Male,,Port Harcourt,South West,Premium,2025-07-29,Active,post paid,Annual,Nova Hybrid Plus,Bundle,18000,45000MB,,471,18000,bank transfer,4G,-61.0,1.0,4.0
CUST00798,SUB00798,PROD003,2348086475222,Customer 798,Female,36-45,Enugu,South East,Corporate,2024-09-08,Actv,POSTPAID,Monthly,Nova Hybrid Plus,Bundle,18000,82168,1068.0,690,18000,Card,4g,-92.0,1.0,2.0
CUST00799,SUB00799,PROD005,2348020762464,Customer 799,Male,26-35,Port Harcourt,South South,Premium,2022-12-11,Suspended,Postpaid,monthly,Nova Starter,Bundle,8000,56945,,214,,Card,LTE,-999.0,1.0,
CUST00800,SUB00800,PROD003,2348058138556, Customer 800 ,Male,46-60,LAGOS,North West,Standard,16/06/2024,Active,prepaid,ANNUAL,Nova Hybrid Plus,Bundle,18000,45000MB,1417.0,569,18000,Bank Transfer,5G,-74.0,5.0,2.0
CUST00801,SUB00801,PROD005,2348025802906,Customer 801,F,26-35,LAGOS,South East,Standard,2021-09-06,Cancelled,POSTPAID,No contract,Nova Starter,Bundle,8000,53817,,411,8000,USSD,LTE,-96.0,1.0,3.0
CUST00802,SUB00802,PROD002,2348050288879,Customer 802,F,60+, Abuja ,South South,Corporate,2025-05-07,cancelled,Prepaid,ANNUAL,Nova Unlimited Voice,Voice,12000,3360,3757.0,498,,bank transfer,3G,-999.0,1.0,1.0
CUST00803,SUB00803,PROD001,2348042767228,Customer 803, f,18-25,,North West,Standard,2023-07-31,active,POSTPAID,Monthly,Nova Premium 5G,Data,25000,86236,,702,25000,,4G,,0.0,2.0
CUST00804,SUB00804,PROD002,2348020132906,Customer 804,Female,18-25, Abuja ,South West,Premium,2023-08-07,cancelled,POSTPAID,No contract,Nova Unlimited Voice,Voice,12000,5648,,109,,USSD,4g,-999.0,,2.0
CUST00805,SUB00805,PROD004,2348031591525,Customer 805,M,46-60,LAGOS,North Central,Standard,2022-09-15,SUSPENDED,prepaid,Annual,Nova SME Connect,Business,35000,,3530.0,579,35000,bank transfer,3G,,1.0,2.0
CUST00806,SUB00806,PROD004,2348086285038,Customer 806,Female,26-35, Abuja ,North West,Basic,2022-02-09,ACTIVE,Postpaid,Monthly,Nova SME Connect,Business,35000,84133,,3,35000,USSD,5G,,0.0,3.0
CUST00807,SUB00807,PROD001,2348050387197,Customer 807,Female,36-45,Abuja,North West,Standard,2021-10-03,Active,POSTPAID,Annual,Nova Premium 5G,Data,25000,45000MB,,7,25000,Cash,3G,-53.0,5.0,1.0
CUST00808,SUB00808,PROD005,2348093713596,Customer 808,Male,18-25,,South East,Premium,2021-04-29,cancelled,POSTPAID,Monthly,Nova Starter,Bundle,8000,86835,3509.0,482,8000,Card,5G,,0.0,5.0
CUST00809,SUB00809,PROD001,2348094868522,Customer 809,Female,26-35,Port Harcourt,South South,Premium,2024-05-03,cancelled,Prepaid,monthly,Nova Premium 5G,Data,25000,45000MB,,355,25000,CARD,3G,-105.0,0.0,4.0
CUST00810,SUB00810,PROD003,2348027889129,Customer 810,,18-25,lagos,South East,premium ,2023-02-13,active,Prepaid,monthly,Nova Hybrid Plus,Bundle,18000,,,145,,Card,5G,-999.0,2.0,4.0
CUST00811,SUB00811,PROD001,2348017025261,Customer 811,,26-35,lagos,North Central,Basic,2025-05-30,active,post paid,No contract,Nova Premium 5G,Data,25000,,,492,,Bank Transfer,3G,,1.0,5.0
CUST00812,SUB00812,PROD005,2348099785217,Customer 812,F,46-60,Enugu,South South,Corporate,2021-10-29,Active,POSTPAID,Annual,Nova Starter,Bundle,8000,45000MB,2517.0,4,,Cash,4G,,,4.0
CUST00813,SUB00813,PROD003,2348072086291,Customer 813, f,26-35,lagos,North Central,STANDARD,2021-01-31,Suspended,post paid,No contract,Nova Hybrid Plus,Bundle,18000,,,359,18000,CARD,LTE,-66.0,5.0,4.0
CUST00814,SUB00814,PROD002,2348014029342,Customer 814,Female,18-25,portharcourt,South South,STANDARD,2023-03-05,active,post paid,monthly,Nova Unlimited Voice,Voice,12000,,2739.0,704,,USSD,LTE,-999.0,5.0,1.0
CUST00815,SUB00815,PROD002,2348040639934,Customer 815,Unknown,26-35,portharcourt,South West,STANDARD,2024-07-22,Actv,POSTPAID,monthly,Nova Unlimited Voice,Voice,12000,45000MB,,647,,CARD,4g,,0.0,1.0
CUST00816,SUB00816,PROD001,2348096588321,Customer 816,Male,18-25,Abuja,North Central,,2022-06-15,Suspended,post paid,Monthly,Nova Premium 5G,Data,25000,45000MB,,57,25000,USSD,5G,-104.0,0.0,5.0
CUST00817,SUB00817,PROD003,2348030594027,Customer 817,M,26-35,lagos,South South,Basic,2021-08-10,Active,Postpaid,Monthly,Nova Hybrid Plus,Bundle,18000,45000MB,,111,,bank transfer,5G,-999.0,1.0,4.0
CUST00818,SUB00818,PROD005,2348042556386,Customer 818, f,36-45,lagos,South South,Premium,2023-12-08,,Prepaid,No contract,Nova Starter,Bundle,8000,5988,,159,8000,,4g,,5.0,1.0
CUST00819,SUB00819,PROD003,2348034915573,Customer 819,,18-25,,North West,premium ,2025-08-07,Active,post paid,No contract,Nova Hybrid Plus,Bundle,18000,45000MB,1433.0,375,18000,,4G,-999.0,1.0,
CUST00820,SUB00820,PROD005,2348083736587, Customer 820 ,F,36-45,Kano,South East,Standard,2023-08-24,,prepaid,Monthly,Nova Starter,Bundle,8000,,,608,,Bank Transfer,4g,-999.0,1.0,4.0
CUST00821,SUB00821,PROD002,2348028689498,Customer 821,F,26-35, Abuja ,South South,Basic,2021-05-18,Active,Postpaid,monthly,Nova Unlimited Voice,Voice,12000,45000MB,,22,12000,Cash,,-107.0,,
CUST00822,SUB00822,PROD005,2348079338514,Customer 822,,26-35,Kano,South South,Basic,2025-08-02,Actv,prepaid,monthly,Nova Starter,Bundle,8000,45000MB,2484.0,790,8000,CARD,5G,-104.0,,4.0
CUST00823,SUB00823,PROD001,2348084641220,Customer 823,M,26-35,,North Central,Basic,2022-05-19,Suspended,Postpaid,ANNUAL,Nova Premium 5G,Data,25000,47710,,613,25000,Bank Transfer,4g,,1.0,5.0
CUST00824,SUB00824,PROD004,2348018388180,Customer 824,FEMALE,60+,,North Central,Corporate,2022-08-09,Active,Prepaid,Monthly,Nova SME Connect,Business,35000,64845,2541.0,545,,Card,4G,,0.0,5.0
CUST00825,SUB00825,PROD005,2348058358191,Customer 825,Female,46-60, Abuja ,South West,Premium,22/09/2021,Active,Prepaid,No contract,Nova Starter,Bundle,8000,45000MB,,191,8000,bank transfer,,-999.0,1.0,3.0
CUST00826,SUB00826,PROD003,2348080573536,Customer 826,F,,portharcourt,South West,Premium,2024-04-05,Cancelled,Postpaid,Monthly,Nova Hybrid Plus,Bundle,18000,45000MB,494.0,466,18000,USSD,,-104.0,1.0,3.0
CUST00827,SUB00827,PROD003,2348065741473,Customer 827,Female,36-45,Enugu,South East,Basic,2023-11-28,Active,Prepaid,ANNUAL,Nova Hybrid Plus,Bundle,18000,45000MB,,52,18000,bank transfer,3G,,,4.0
CUST00828,SUB00828,PROD001,2348021934443,Customer 828,Male,60+,portharcourt,North West,premium ,2021-12-05,Cancelled,prepaid,Annual,Nova Premium 5G,Data,25000,,2595.0,536,,Bank Transfer,,-999.0,0.0,2.0
CUST00829,SUB00829,PROD003,2348016542028,Customer 829,Female,26-35,Ibadan,South East,Premium,2024-04-05,Cancelled,post paid,Annual,Nova Hybrid Plus,Bundle,18000,,,499,,,4g,-999.0,,4.0
CUST00830,SUB00830,PROD002,2348036146156,Customer 830,Female,60+,Ibadan,South West,STANDARD,2023-05-20,active,post paid,Annual,Nova Unlimited Voice,Voice,12000,,3519.0,570,,Bank Transfer,LTE,-68.0,1.0,2.0
CUST00831,SUB00831,PROD004,2348095664138,Customer 831,Female,18-25,Kano,South West,,2025-02-12,Suspended,prepaid,monthly,Nova SME Connect,Business,35000,,,10,35000,Cash,,-999.0,1.0,1.0
CUST00832,SUB00832,PROD003,2348084197131,Customer 832,F,36-45,Kano,South South,Premium,2021-06-12,,Prepaid,Monthly,Nova Hybrid Plus,Bundle,18000,45000MB,1269.0,417,,Card,,,5.0,3.0
CUST00833,SUB00833,PROD003,2348081077756,Customer 833,Female,,Lagos,South East,STANDARD,2024-09-03,active,POSTPAID,No contract,Nova Hybrid Plus,Bundle,18000,,,721,18000,CARD,,-999.0,5.0,1.0
CUST00834,SUB00834,PROD005,2348015740706,Customer 834,Female,18-25,portharcourt,South South,,2024-01-31,Active,post paid,Monthly,Nova Starter,Bundle,8000,,1220.0,458,8000,USSD,5G,-94.0,1.0,4.0
CUST00835,SUB00835,PROD003,2348021061153,Customer 835,M,26-35,LAGOS,South South,,2021-05-30,,Prepaid,No contract,Nova Hybrid Plus,Bundle,18000,,,100,,Card,4G,-103.0,5.0,
CUST00836,SUB00836,PROD001,2348059426928,Customer 836,m ,36-45,Ibadan,North West,Premium,2024-10-16,Suspended,post paid,Monthly,Nova Premium 5G,Data,25000,45000MB,,679,25000,Cash,LTE,,1.0,3.0
CUST00837,SUB00837,PROD005,2348097344437,Customer 837,female,18-25,lagos,South South,premium ,2024-08-08,Cancelled,Prepaid,Monthly,Nova Starter,Bundle,8000,16904,2101.0,588,,CARD,LTE,-999.0,5.0,5.0
CUST00838,SUB00838,PROD003,2348038589889,Customer 838,male,18-25,lagos,South West,Premium,2023-04-14,Cancelled,POSTPAID,monthly,Nova Hybrid Plus,Bundle,18000,,,362,18000,bank transfer,5G,-999.0,1.0,2.0
CUST00839,SUB00839,PROD001,2348011367466,Customer 839,F,26-35,Abuja,South South,Standard,2025-04-14,active,Prepaid,monthly,Nova Premium 5G,Data,25000,45000MB,,20,25000,bank transfer,4G,-999.0,0.0,1.0
CUST00840,SUB00840,PROD005,2348028766956, Customer 840 ,M,,lagos,South East,Premium,2024-01-15,Cancelled,post paid,No contract,Nova Starter,Bundle,8000,,3830.0,553,,Card,3G,,2.0,4.0
CUST00841,SUB00841,PROD001,2348091978960,Customer 841,FEMALE,,lagos,North West,,2024-09-03,Active,Postpaid,ANNUAL,Nova Premium 5G,Data,25000,,,121,25000,Cash,5G,,1.0,4.0
CUST00842,SUB00842,PROD003,2348049709133,Customer 842,female,,Enugu,South South,Standard,2024-02-17,Active,Postpaid,No contract,Nova Hybrid Plus,Bundle,18000,,2039.0,455,18000,bank transfer,5G,-999.0,5.0,
CUST00843,SUB00843,PROD003,2348078684198,Customer 843,,60+,,South West,Corporate,2025-02-22,Suspended,Postpaid,Annual,Nova Hybrid Plus,Bundle,18000,,,480,,,3G,,0.0,
CUST00844,SUB00844,PROD005,2348093001908,Customer 844,Female,26-35,portharcourt,South South,STANDARD,2022-11-24,active,Prepaid,Monthly,Nova Starter,Bundle,8000,45000MB,,599,8000,,5G,-59.0,,3.0
CUST00845,SUB00845,PROD004,2348018905091,Customer 845,Female,60+,lagos,North Central,Standard,2022-08-27,Suspended,POSTPAID,Monthly,Nova SME Connect,Business,35000,45000MB,,742,35000,USSD,5G,,,5.0
CUST00846,SUB00846,PROD002,2348090660793,Customer 846,,36-45,Ibadan,South East,Premium,2025-12-03,active,Prepaid,Annual,Nova Unlimited Voice,Voice,12000,57821,770.0,318,12000,Card,3G,-63.0,,3.0
CUST00847,SUB00847,PROD001,2348037844281,Customer 847,Female,36-45,Ibadan,South South,Basic,2024-03-05,Active,Prepaid,Annual,Nova Premium 5G,Data,25000,22117,3989.0,763,25000,,,,5.0,3.0
CUST00848,SUB00848,PROD001,2348013758954,Customer 848,male,18-25,portharcourt,North Central,Basic,2025-04-01,Active,post paid,monthly,Nova Premium 5G,Data,25000,45000MB,1650.0,246,25000,USSD,LTE,-999.0,0.0,4.0
CUST00849,SUB00849,PROD003,2348061213754,Customer 849,Male,18-25,,North Central,Premium,2023-04-26,Suspended,POSTPAID,Annual,Nova Hybrid Plus,Bundle,18000,45000MB,,409,18000,,LTE,,0.0,1.0
CUST00850,SUB00850,PROD002,2348036684924,Customer 850,MALE,, Abuja ,South South,premium ,31/03/2021,Cancelled,prepaid,Annual,Nova Unlimited Voice,Voice,12000,45000MB,900.0,500,12000,Cash,,-54.0,,3.0
CUST00851,SUB00851,PROD005,2348080887894,Customer 851,F,,Port Harcourt,South East,premium ,2025-08-16,,Prepaid,Annual,Nova Starter,Bundle,8000,,,416,,Bank Transfer,4g,,1.0,5.0
CUST00852,SUB00852,PROD001,2348092793708,Customer 852,Female,,lagos,South South,premium ,2025-09-15,Cancelled,Prepaid,Annual,Nova Premium 5G,Data,25000,,1262.0,559,,Cash,4g,-999.0,1.0,3.0
CUST00853,SUB00853,PROD002,2348012714594,Customer 853,MALE,26-35,,South South,premium ,2025-05-20,active,POSTPAID,Monthly,Nova Unlimited Voice,Voice,12000,13538,3498.0,169,,Cash,3G,,,
CUST00854,SUB00854,PROD002,2348063404899,Customer 854,F,26-35,Abuja,South East,Standard,2025-07-03,Cancelled,POSTPAID,Annual,Nova Unlimited Voice,Voice,12000,,,717,12000,Card,,-999.0,1.0,4.0
CUST00855,SUB00855,PROD002,2348032298372,Customer 855,Male,18-25,Kano,North West,,2023-05-20,Active,POSTPAID,monthly,Nova Unlimited Voice,Voice,12000,,511.0,205,,bank transfer,LTE,-92.0,5.0,
CUST00856,SUB00856,PROD005,2348017469828,Customer 856,Male,46-60,Enugu,South South,Standard,2025-07-16,cancelled,post paid,ANNUAL,Nova Starter,Bundle,8000,45000MB,,736,8000,bank transfer,4g,,,3.0
CUST00857,SUB00857,PROD001,2348092204998,Customer 857,female,60+,,South West,STANDARD,2025-07-23,cancelled,Prepaid,ANNUAL,Nova Premium 5G,Data,25000,,,794,25000,bank transfer,3G,-80.0,1.0,1.0
CUST00858,SUB00858,PROD002,2348091162470,Customer 858,F,18-25,Port Harcourt,North West,premium ,2024-07-04,Cancelled,prepaid,No contract,Nova Unlimited Voice,Voice,12000,,,538,12000,CARD,LTE,-101.0,2.0,1.0
CUST00859,SUB00859,PROD004,2348048317451,Customer 859,Female,18-25,portharcourt,South South,Premium,2022-04-16,Actv,post paid,ANNUAL,Nova SME Connect,Business,35000,45000MB,3418.0,74,35000,CARD,LTE,-999.0,0.0,3.0
CUST00860,SUB00860,PROD001,2348011189749, Customer 860 ,female,18-25,,South South,STANDARD,2024-11-08,Active,Postpaid,monthly,Nova Premium 5G,Data,25000,71165,3205.0,78,,bank transfer,4G,-52.0,0.0,
CUST00861,SUB00861,PROD003,2348090625133,Customer 861,F,46-60,Lagos,South West,Premium,2021-11-28,cancelled,post paid,ANNUAL,Nova Hybrid Plus,Bundle,18000,37449,,200,,bank transfer,,-999.0,1.0,5.0
CUST00862,SUB00862,PROD005,2348076531503,Customer 862,Female,46-60,Enugu,South West,Corporate,2024-05-11,SUSPENDED,POSTPAID,ANNUAL,Nova Starter,Bundle,8000,,1210.0,3,8000,,3G,,2.0,
CUST00863,SUB00863,PROD004,2348065875291,Customer 863,Male,18-25,,North West,Corporate,2024-08-12,Suspended,Postpaid,Monthly,Nova SME Connect,Business,35000,,,611,35000,Bank Transfer,,-999.0,,4.0
CUST00864,SUB00864,PROD001,2348085335421,Customer 864,Unknown,60+,Kano,South West,STANDARD,2025-08-07,Active,Prepaid,No contract,Nova Premium 5G,Data,25000,,2977.0,20,25000,Cash,LTE,-999.0,5.0,1.0
CUST00865,SUB00865,PROD003,2348011083492,Customer 865,Male,18-25,,North West,Premium,2024-02-23,Active,post paid,No contract,Nova Hybrid Plus,Bundle,18000,45000MB,3301.0,289,,USSD,,,2.0,2.0
CUST00866,SUB00866,PROD004,2348018140594,Customer 866,FEMALE,18-25,Kano,South South,Standard,2024-03-29,Active,Postpaid,Annual,Nova SME Connect,Business,35000,15242,,25,,CARD,,,5.0,1.0
CUST00867,SUB00867,PROD001,2348013419920,Customer 867,female,46-60,,North Central,Corporate,2023-10-30,Cancelled,Prepaid,ANNUAL,Nova Premium 5G,Data,25000,45000MB,,421,25000,Bank Transfer,,-85.0,0.0,2.0
CUST00868,SUB00868,PROD004,2348062533310,Customer 868,MALE,46-60,Lagos,South East,STANDARD,2024-07-29,active,prepaid,ANNUAL,Nova SME Connect,Business,35000,,3807.0,45,35000,CARD,,-999.0,0.0,5.0
CUST00869,SUB00869,PROD004,2348079815167,Customer 869,Female,60+,Abuja,South West,premium ,2025-10-02,,post paid,No contract,Nova SME Connect,Business,35000,45000MB,2316.0,263,,USSD,LTE,-999.0,1.0,1.0
CUST00870,SUB00870,PROD002,2348063746073,Customer 870,Female,, Abuja ,South West,,2022-02-24,Actv,Prepaid,Annual,Nova Unlimited Voice,Voice,12000,45000MB,,13,,CARD,4g,-61.0,5.0,4.0
CUST00871,SUB00871,PROD003,2348052302809,Customer 871,female,26-35,Lagos,South West,premium ,2021-03-03,Actv,POSTPAID,Annual,Nova Hybrid Plus,Bundle,18000,45000MB,,527,,USSD,4G,-999.0,1.0,3.0
CUST00872,SUB00872,PROD003,2348037414653,Customer 872,Male,60+,Lagos,North Central,STANDARD,2024-05-10,Actv,post paid,No contract,Nova Hybrid Plus,Bundle,18000,,3993.0,679,18000,bank transfer,LTE,-60.0,0.0,5.0
CUST00873,SUB00873,PROD002,2348047774810,Customer 873,Female,36-45,Port Harcourt,South East,premium ,2024-07-10,active,post paid,ANNUAL,Nova Unlimited Voice,Voice,12000,45000MB,,506,12000,bank transfer,4G,-999.0,0.0,
CUST00874,SUB00874,PROD001,2348019652284,Customer 874,Male,26-35,Kano,South West,Standard,2021-03-24,Active,prepaid,Annual,Nova Premium 5G,Data,25000,70105,,495,25000,,4g,,1.0,4.0
CUST00875,SUB00875,PROD001,2348030606194,Customer 875,male,46-60, Abuja ,North Central,Standard,29/09/2025,Active,post paid,monthly,Nova Premium 5G,Data,25000,45000MB,213.0,612,25000,CARD,,,1.0,5.0
CUST00876,SUB00876,PROD004,2348095398295,Customer 876,Male,26-35,,North Central,,2023-11-23,active,post paid,monthly,Nova SME Connect,Business,35000,45000MB,,768,35000,USSD,,-88.0,5.0,1.0
CUST00877,SUB00877,PROD001,2348071168202,Customer 877,Female,36-45,Port Harcourt,South South,Standard,2023-08-24,,Postpaid,Monthly,Nova Premium 5G,Data,25000,,3400.0,588,25000,Card,4g,-85.0,1.0,4.0
CUST00878,SUB00878,PROD003,2348046984880,Customer 878,Male,18-25,portharcourt,North Central,Standard,2023-10-17,Cancelled,post paid,No contract,Nova Hybrid Plus,Bundle,18000,47680,,209,18000,,3G,-95.0,2.0,
CUST00879,SUB00879,PROD005,2348081235727,Customer 879,Male,26-35,,South East,Standard,2023-02-20,Cancelled,prepaid,No contract,Nova Starter,Bundle,8000,45000MB,2971.0,449,,CARD,LTE,-999.0,5.0,2.0
CUST00880,SUB00880,PROD002,2348019173556, Customer 880 , f,,LAGOS,North Central,Basic,2024-02-06,Actv,post paid,ANNUAL,Nova Unlimited Voice,Voice,12000,48700,2988.0,442,12000,bank transfer,3G,-999.0,0.0,
CUST00881,SUB00881,PROD005,2348088439433,Customer 881,Female,36-45,Abuja,North West,,2022-01-21,Cancelled,POSTPAID,No contract,Nova Starter,Bundle,8000,45000MB,,404,8000,USSD,4g,-999.0,1.0,
CUST00882,SUB00882,PROD002,2348052977514,Customer 882,Female,18-25,Lagos,South South,Basic,2022-10-30,Active,Postpaid,No contract,Nova Unlimited Voice,Voice,12000,45000MB,1008.0,182,12000,Cash,,-999.0,2.0,
CUST00883,SUB00883,PROD004,2348020019228,Customer 883,male,18-25, Abuja ,South West,Premium,2021-07-14,Cancelled,Prepaid,ANNUAL,Nova SME Connect,Business,35000,45000MB,,111,35000,Card,4g,-999.0,0.0,3.0
CUST00884,SUB00884,PROD002,2348050052403,Customer 884,Male,18-25,Abuja,North West,Corporate,2021-03-18,active,POSTPAID,No contract,Nova Unlimited Voice,Voice,12000,45000MB,2672.0,225,12000,Cash,3G,-73.0,0.0,5.0
CUST00885,SUB00885,PROD005,2348083993108,Customer 885,Male,46-60,Port Harcourt,North West,Basic,2021-04-16,Suspended,Prepaid,No contract,Nova Starter,Bundle,8000,46016,,173,,CARD,3G,,0.0,
CUST00886,SUB00886,PROD001,2348082836407,Customer 886,Male,,LAGOS,South East,STANDARD,2025-02-20,,post paid,ANNUAL,Nova Premium 5G,Data,25000,39518,3235.0,497,,CARD,LTE,-72.0,2.0,4.0
CUST00887,SUB00887,PROD004,2348087507233,Customer 887,Female,60+, Abuja ,South South,STANDARD,2023-04-20,cancelled,POSTPAID,No contract,Nova SME Connect,Business,35000,,275.0,247,35000,,4g,,5.0,3.0
CUST00888,SUB00888,PROD003,2348045910219,Customer 888,MALE,,Ibadan,South East,Premium,2025-02-09,,POSTPAID,Annual,Nova Hybrid Plus,Bundle,18000,45000MB,,416,,Cash,5G,,0.0,
CUST00889,SUB00889,PROD005,2348067834475,Customer 889,Female,26-35,LAGOS,North Central,Basic,2024-09-29,Active,post paid,monthly,Nova Starter,Bundle,8000,45000MB,,166,8000,Cash,5G,,0.0,5.0
CUST00890,SUB00890,PROD005,2348045170182,Customer 890,,46-60,Abuja,North West,Corporate,2022-11-17,active,prepaid,No contract,Nova Starter,Bundle,8000,,617.0,743,8000,bank transfer,,-999.0,,4.0
CUST00891,SUB00891,PROD004,2348059194434,Customer 891,F,26-35,Enugu,South East,Standard,2021-08-03,ACTIVE,post paid,No contract,Nova SME Connect,Business,35000,,,254,35000,Bank Transfer,,,1.0,4.0
CUST00892,SUB00892,PROD003,2348034825620,Customer 892, f,18-25,Enugu,South West,STANDARD,2023-10-11,Cancelled,Prepaid,No contract,Nova Hybrid Plus,Bundle,18000,45000MB,1525.0,731,18000,Card,4G,-107.0,5.0,4.0
CUST00893,SUB00893,PROD005,2348027890842,Customer 893,Female,60+,,South East,Premium,2021-03-20,Active,Prepaid,Annual,Nova Starter,Bundle,8000,,2269.0,345,8000,USSD,3G,-999.0,1.0,5.0
CUST00894,SUB00894,PROD004,2348098668335,Customer 894,Female,,portharcourt,South West,Corporate,2022-09-16,cancelled,Prepaid,No contract,Nova SME Connect,Business,35000,45000MB,2770.0,473,35000,Card,,-66.0,0.0,1.0
CUST00895,SUB00895,PROD004,2348044928558,Customer 895,M,36-45,,South West,Standard,2024-07-07,Suspended,POSTPAID,ANNUAL,Nova SME Connect,Business,35000,53808,,104,,Card,LTE,-103.0,0.0,2.0
CUST00896,SUB00896,PROD003,2348012346295,Customer 896, f,60+,,South West,STANDARD,2021-02-15,active,POSTPAID,monthly,Nova Hybrid Plus,Bundle,18000,18063,,647,,Cash,4G,-70.0,5.0,5.0
CUST00897,SUB00897,PROD004,2348096215648,Customer 897,female,60+,Abuja,North Central,premium ,2024-03-08,SUSPENDED,post paid,Monthly,Nova SME Connect,Business,35000,,,124,35000,,3G,,2.0,4.0
CUST00898,SUB00898,PROD005,2348048060305,Customer 898, f,18-25,lagos,South South,premium ,2023-02-10,Cancelled,post paid,monthly,Nova Starter,Bundle,8000,12285,,17,8000,Cash,3G,,5.0,2.0
CUST00899,SUB00899,PROD003,2348056914085,Customer 899,F,60+,Ibadan,South East,STANDARD,2024-07-10,Cancelled,post paid,Monthly,Nova Hybrid Plus,Bundle,18000,45000MB,,191,,bank transfer,,-999.0,1.0,4.0
CUST00900,SUB00900,PROD002,2348040745093, Customer 900 ,Male,26-35,Lagos,North Central,STANDARD,26/06/2025,,POSTPAID,monthly,Nova Unlimited Voice,Voice,12000,45000MB,2860.0,298,,Cash,,-86.0,,2.0
CUST00901,SUB00901,PROD005,2348090193484,Customer 901,Female,46-60,Ibadan,North West,Corporate,2024-04-11,Active,Prepaid,ANNUAL,Nova Starter,Bundle,8000,53379,2521.0,175,8000,CARD,LTE,-999.0,2.0,3.0
CUST00902,SUB00902,PROD005,2348017410881,Customer 902,Male,26-35,LAGOS,North Central,,2024-10-12,cancelled,prepaid,monthly,Nova Starter,Bundle,8000,83897,3592.0,303,8000,Card,3G,-92.0,0.0,5.0
CUST00903,SUB00903,PROD003,2348089228612,Customer 903,Female,60+,Ibadan,South East,Corporate,2021-05-22,Cancelled,Prepaid,monthly,Nova Hybrid Plus,Bundle,18000,45000MB,2921.0,435,,CARD,,-999.0,0.0,3.0
CUST00904,SUB00904,PROD002,2348021220599,Customer 904,Female,26-35,lagos,North Central,Standard,2021-12-13,active,Prepaid,Monthly,Nova Unlimited Voice,Voice,12000,49966,,53,12000,USSD,5G,,,
CUST00905,SUB00905,PROD003,2348067939352,Customer 905,Male,60+,,North Central,Corporate,2025-04-12,cancelled,POSTPAID,No contract,Nova Hybrid Plus,Bundle,18000,45000MB,2655.0,36,18000,Bank Transfer,3G,,2.0,
CUST00906,SUB00906,PROD005,2348046990199,Customer 906,FEMALE,18-25,Ibadan,South East,Basic,2025-07-22,cancelled,prepaid,ANNUAL,Nova Starter,Bundle,8000,,2576.0,782,8000,USSD,5G,-999.0,0.0,3.0
CUST00907,SUB00907,PROD004,2348036958204,Customer 907,,36-45,Port Harcourt,South East,Basic,2022-09-23,ACTIVE,POSTPAID,No contract,Nova SME Connect,Business,35000,45000MB,,301,35000,Card,3G,-999.0,2.0,2.0
CUST00908,SUB00908,PROD002,2348087162008,Customer 908,,36-45,Lagos,South East,STANDARD,2022-10-23,Active,post paid,Monthly,Nova Unlimited Voice,Voice,12000,45000MB,,48,12000,Bank Transfer,LTE,,5.0,4.0
CUST00909,SUB00909,PROD001,2348050972164,Customer 909,Male,18-25,lagos,North Central,premium ,2022-08-04,Suspended,post paid,No contract,Nova Premium 5G,Data,25000,,3625.0,431,25000,USSD,5G,-999.0,0.0,2.0
CUST00910,SUB00910,PROD005,2348073389750,Customer 910,Male,36-45,portharcourt,South East,Basic,2024-01-15,Active,prepaid,Monthly,Nova Starter,Bundle,8000,,,325,,USSD,,,2.0,2.0
CUST00911,SUB00911,PROD001,2348052979401,Customer 911, f,18-25,Port Harcourt,North Central,premium ,2023-03-30,cancelled,prepaid,Annual,Nova Premium 5G,Data,25000,,,356,25000,Bank Transfer,5G,-108.0,5.0,1.0
CUST00912,SUB00912,PROD002,2348056917291,Customer 912,Male,60+,portharcourt,South South,,2021-05-18,active,prepaid,No contract,Nova Unlimited Voice,Voice,12000,45000MB,3478.0,462,,CARD,,-67.0,5.0,3.0
CUST00913,SUB00913,PROD001,2348093199433,Customer 913,Female,36-45,Ibadan,North West,Premium,2022-11-18,cancelled,post paid,No contract,Nova Premium 5G,Data,25000,45000MB,,681,25000,Card,3G,-999.0,5.0,
CUST00914,SUB00914,PROD005,2348017500401,Customer 914,male,18-25,Lagos,North Central,Premium,2021-11-09,active,POSTPAID,Annual,Nova Starter,Bundle,8000,10194,1709.0,263,8000,bank transfer,3G,-999.0,0.0,1.0
CUST00915,SUB00915,PROD004,2348018621806,Customer 915, f,46-60,portharcourt,South East,,2023-01-23,Cancelled,post paid,No contract,Nova SME Connect,Business,35000,15851,,246,35000,Card,LTE,,1.0,5.0
CUST00916,SUB00916,PROD002,2348049960142,Customer 916,,26-35,LAGOS,South South,premium ,2022-01-31,Active,post paid,No contract,Nova Unlimited Voice,Voice,12000,1732,,456,12000,Card,LTE,,5.0,4.0
CUST00917,SUB00917,PROD001,2348048860234,Customer 917,female,,Abuja,South South,,2021-04-29,Active,Prepaid,monthly,Nova Premium 5G,Data,25000,,,485,25000,Bank Transfer,,-64.0,0.0,5.0
CUST00918,SUB00918,PROD005,2348075659041,Customer 918,Male,46-60,lagos,South East,STANDARD,2024-11-08,Active,post paid,No contract,Nova Starter,Bundle,8000,84703,,698,8000,CARD,3G,-71.0,0.0,3.0
CUST00919,SUB00919,PROD002,2348058122279,Customer 919,M,26-35, Abuja ,North Central,,2025-03-07,SUSPENDED,prepaid,No contract,Nova Unlimited Voice,Voice,12000,,,220,,,,-81.0,1.0,5.0
CUST00920,SUB00920,PROD005,2348069359075, Customer 920 ,,,,South East,Standard,2025-03-27,,post paid,monthly,Nova Starter,Bundle,8000,,1403.0,168,8000,Bank Transfer,5G,-98.0,1.0,5.0
CUST00921,SUB00921,PROD001,2348018835336,Customer 921,F,46-60,,South South,Standard,2024-10-20,cancelled,Prepaid,Monthly,Nova Premium 5G,Data,25000,45000MB,,479,25000,Card,,,,4.0
CUST00922,SUB00922,PROD003,2348098344092,Customer 922,m ,,lagos,South South,premium ,2023-03-27,Active,post paid,monthly,Nova Hybrid Plus,Bundle,18000,22364,,207,18000,Card,4G,-999.0,,1.0
CUST00923,SUB00923,PROD001,2348024283515,Customer 923,M,26-35,portharcourt,South South,Standard,2024-09-19,,prepaid,ANNUAL,Nova Premium 5G,Data,25000,,1038.0,318,25000,bank transfer,3G,,,3.0
CUST00924,SUB00924,PROD005,2348073057151,Customer 924,m ,,portharcourt,South East,Corporate,2023-10-01,SUSPENDED,Prepaid,No contract,Nova Starter,Bundle,8000,31385,,228,,Card,LTE,-96.0,5.0,2.0
CUST00925,SUB00925,PROD003,2348033976639,Customer 925,Male,36-45,Kano,North West,,25/09/2021,Suspended,Postpaid,Monthly,Nova Hybrid Plus,Bundle,18000,52710,,47,,bank transfer,4g,,0.0,1.0
CUST00926,SUB00926,PROD005,2348057245276,Customer 926,,26-35, Abuja ,South South,Corporate,2022-12-22,Cancelled,POSTPAID,No contract,Nova Starter,Bundle,8000,45000MB,,673,,CARD,LTE,-72.0,0.0,
CUST00927,SUB00927,PROD001,2348029577505,Customer 927,Male,36-45,lagos,South West,premium ,2021-08-13,,prepaid,ANNUAL,Nova Premium 5G,Data,25000,70196,353.0,56,25000,Card,3G,,1.0,3.0
CUST00928,SUB00928,PROD001,2348046456907,Customer 928,Male,,portharcourt,North Central,Premium,2023-12-20,cancelled,Postpaid,No contract,Nova Premium 5G,Data,25000,,1708.0,75,25000,,4g,-999.0,0.0,3.0
CUST00929,SUB00929,PROD003,2348089458325,Customer 929,m ,,lagos,North Central,Premium,2021-06-03,cancelled,Postpaid,Annual,Nova Hybrid Plus,Bundle,18000,45000MB,,57,18000,bank transfer,4g,,5.0,
CUST00930,SUB00930,PROD003,2348092252544,Customer 930, f,36-45,Lagos,North Central,STANDARD,2024-04-21,SUSPENDED,post paid,Annual,Nova Hybrid Plus,Bundle,18000,23236,,427,,USSD,3G,-89.0,2.0,4.0
CUST00931,SUB00931,PROD001,2348073546677,Customer 931,FEMALE,36-45,Abuja,North West,premium ,2021-06-19,Active,POSTPAID,Annual,Nova Premium 5G,Data,25000,,,458,,Cash,4G,,5.0,
CUST00932,SUB00932,PROD003,2348015465523,Customer 932,Female,46-60,Abuja,North West,Basic,2021-10-15,Actv,POSTPAID,No contract,Nova Hybrid Plus,Bundle,18000,45000MB,490.0,702,18000,bank transfer,4g,-78.0,5.0,5.0
CUST00933,SUB00933,PROD001,2348020522553,Customer 933,,60+, Abuja ,North Central,Premium,2021-10-02,SUSPENDED,Prepaid,ANNUAL,Nova Premium 5G,Data,25000,,2492.0,684,25000,USSD,4g,-999.0,0.0,5.0
CUST00934,SUB00934,PROD003,2348077200743,Customer 934,Female,36-45,LAGOS,South South,Basic,2023-07-04,active,Postpaid,Monthly,Nova Hybrid Plus,Bundle,18000,31917,,731,18000,bank transfer,,,2.0,5.0
CUST00935,SUB00935,PROD004,2348026364028,Customer 935,male,60+,Port Harcourt,South East,premium ,2025-11-07,Active,POSTPAID,Annual,Nova SME Connect,Business,35000,,,664,35000,Bank Transfer,4G,-57.0,0.0,3.0
CUST00936,SUB00936,PROD004,2348044805878,Customer 936,Female,60+,Enugu,North Central,,2023-09-14,,POSTPAID,monthly,Nova SME Connect,Business,35000,79112,,82,,Bank Transfer,,-82.0,2.0,4.0
CUST00937,SUB00937,PROD001,2348056258605,Customer 937,Male,36-45, Abuja ,North Central,Corporate,2023-10-28,Active,POSTPAID,monthly,Nova Premium 5G,Data,25000,45000MB,3451.0,72,25000,Bank Transfer,3G,-999.0,0.0,2.0
CUST00938,SUB00938,PROD005,2348057032395,Customer 938,Male,46-60,Lagos,South East,Premium,2024-09-23,Active,Postpaid,ANNUAL,Nova Starter,Bundle,8000,,,445,,USSD,LTE,-51.0,5.0,
CUST00939,SUB00939,PROD002,2348038404651,Customer 939,Female,26-35, Abuja ,South South,Basic,2023-05-23,Active,post paid,Annual,Nova Unlimited Voice,Voice,12000,17552,,423,,USSD,,-999.0,1.0,
CUST00940,SUB00940,PROD001,2348018647757, Customer 940 ,Female,26-35,lagos,North Central,,2025-06-18,Suspended,POSTPAID,ANNUAL,Nova Premium 5G,Data,25000,45000MB,,578,25000,USSD,3G,,,5.0
CUST00941,SUB00941,PROD001,2348049447318,Customer 941,MALE,60+, Abuja ,South West,STANDARD,2023-08-23,Actv,prepaid,ANNUAL,Nova Premium 5G,Data,25000,8759,,49,25000,Cash,4g,-999.0,5.0,4.0
CUST00942,SUB00942,PROD005,2348060892858,Customer 942,Male,36-45,,South West,,2024-09-05,cancelled,prepaid,No contract,Nova Starter,Bundle,8000,,3577.0,667,,bank transfer,3G,,5.0,4.0
CUST00943,SUB00943,PROD002,2348013864037,Customer 943,male,26-35,portharcourt,North Central,premium ,2024-07-18,Cancelled,post paid,Annual,Nova Unlimited Voice,Voice,12000,45000MB,,655,12000,Card,3G,-106.0,0.0,3.0
CUST00944,SUB00944,PROD004,2348057476070,Customer 944,Male,60+,Port Harcourt,North West,Basic,2023-12-25,active,Prepaid,Annual,Nova SME Connect,Business,35000,45000MB,1935.0,601,35000,USSD,5G,-90.0,2.0,4.0
CUST00945,SUB00945,PROD002,2348022193996,Customer 945,Unknown,18-25,LAGOS,North West,STANDARD,2021-02-15,Active,Prepaid,monthly,Nova Unlimited Voice,Voice,12000,45000MB,3965.0,342,12000,Cash,4G,-62.0,2.0,2.0
CUST00946,SUB00946,PROD001,2348018168558,Customer 946,Male,18-25,LAGOS,South West,premium ,2025-06-28,,prepaid,Monthly,Nova Premium 5G,Data,25000,45000MB,,623,25000,USSD,3G,-999.0,5.0,5.0
CUST00947,SUB00947,PROD005,2348090595307,Customer 947,Unknown,36-45,Ibadan,South South,Basic,2023-07-18,Suspended,Postpaid,Monthly,Nova Starter,Bundle,8000,45000MB,3439.0,304,8000,Card,4G,-107.0,5.0,3.0
CUST00948,SUB00948,PROD005,2348091170656,Customer 948,female,,,North Central,Premium,2025-01-31,Active,post paid,Annual,Nova Starter,Bundle,8000,24305,,398,8000,USSD,4g,-75.0,,
CUST00949,SUB00949,PROD005,2348068344650,Customer 949,Female,,,South South,Corporate,2024-03-12,Active,Postpaid,Monthly,Nova Starter,Bundle,8000,,1347.0,206,8000,Cash,LTE,-999.0,2.0,
CUST00950,SUB00950,PROD001,2348012234831,Customer 950,F,36-45,LAGOS,North West,premium ,02/02/2021,SUSPENDED,POSTPAID,monthly,Nova Premium 5G,Data,25000,,,126,25000,Cash,5G,-999.0,,2.0
CUST00951,SUB00951,PROD003,2348016271215,Customer 951,M,18-25, Abuja ,South West,Basic,2024-07-14,Suspended,Postpaid,Annual,Nova Hybrid Plus,Bundle,18000,75110,1049.0,718,18000,Bank Transfer,3G,-74.0,1.0,4.0
CUST00952,SUB00952,PROD004,2348034198562,Customer 952,,60+,Kano,South West,STANDARD,2022-10-19,cancelled,Postpaid,No contract,Nova SME Connect,Business,35000,45000MB,,763,35000,USSD,5G,-999.0,2.0,4.0
CUST00953,SUB00953,PROD005,2348012025653,Customer 953,M,,Kano,South West,Premium,2021-09-16,ACTIVE,post paid,Annual,Nova Starter,Bundle,8000,,,10,8000,,4g,,0.0,3.0
CUST00954,SUB00954,PROD002,2348053677881,Customer 954,Female,60+,Port Harcourt,North West,Corporate,2025-05-08,,prepaid,No contract,Nova Unlimited Voice,Voice,12000,87608,,583,,Bank Transfer,4g,-999.0,0.0,
CUST00955,SUB00955,PROD002,2348072535362,Customer 955,F,26-35, Abuja ,South South,Corporate,2024-11-16,Active,Prepaid,Monthly,Nova Unlimited Voice,Voice,12000,76508,1959.0,49,,Card,4g,,0.0,4.0
CUST00956,SUB00956,PROD002,2348077112249,Customer 956,Female,60+,Kano,South South,Basic,2023-02-24,SUSPENDED,POSTPAID,Monthly,Nova Unlimited Voice,Voice,12000,45000MB,2371.0,403,12000,Card,4G,-999.0,,5.0
CUST00957,SUB00957,PROD001,2348070402550,Customer 957,F,18-25,Lagos,South South,premium ,2025-06-17,,prepaid,monthly,Nova Premium 5G,Data,25000,45000MB,,530,,bank transfer,5G,,0.0,3.0
CUST00958,SUB00958,PROD004,2348011432096,Customer 958,,46-60,portharcourt,South East,Standard,2021-02-27,Cancelled,POSTPAID,ANNUAL,Nova SME Connect,Business,35000,45000MB,,546,35000,Card,,,1.0,4.0
CUST00959,SUB00959,PROD001,2348042069350,Customer 959,Female,46-60,Abuja,North Central,Corporate,2025-02-19,active,post paid,Annual,Nova Premium 5G,Data,25000,37903,,69,25000,CARD,5G,,2.0,1.0
CUST00960,SUB00960,PROD005,2348060343028, Customer 960 ,female,60+,Enugu,North Central,Premium,2022-10-11,,Postpaid,Monthly,Nova Starter,Bundle,8000,,3531.0,330,8000,USSD,,,2.0,5.0
CUST00961,SUB00961,PROD002,2348094213926,Customer 961,m ,46-60,Ibadan,South West,Basic,2021-08-02,cancelled,Postpaid,Annual,Nova Unlimited Voice,Voice,12000,,2188.0,45,12000,Card,3G,,2.0,3.0
CUST00962,SUB00962,PROD005,2348094971975,Customer 962,MALE,46-60,Enugu,South East,Corporate,2021-02-25,,Prepaid,Monthly,Nova Starter,Bundle,8000,35083,,359,8000,Cash,4G,-999.0,,1.0
CUST00963,SUB00963,PROD005,2348071387131,Customer 963,MALE,36-45,lagos,North Central,STANDARD,2021-08-18,,Prepaid,No contract,Nova Starter,Bundle,8000,6786,,327,8000,USSD,,-71.0,0.0,2.0
CUST00964,SUB00964,PROD005,2348085240759,Customer 964,Male,60+,,South South,Corporate,2021-10-21,Active,Postpaid,No contract,Nova Starter,Bundle,8000,45000MB,,641,8000,CARD,5G,,2.0,5.0
CUST00965,SUB00965,PROD002,2348026535567,Customer 965,F,26-35,Ibadan,North Central,premium ,2024-02-06,Active,post paid,Annual,Nova Unlimited Voice,Voice,12000,,,263,12000,Cash,LTE,-999.0,2.0,
CUST00966,SUB00966,PROD003,2348062213124,Customer 966,female,18-25, Abuja ,North West,,2023-02-17,ACTIVE,Postpaid,Annual,Nova Hybrid Plus,Bundle,18000,45000MB,124.0,272,18000,Card,LTE,,,1.0
CUST00967,SUB00967,PROD002,2348048926757,Customer 967,female,26-35,Ibadan,South South,Standard,2024-07-20,Active,POSTPAID,Monthly,Nova Unlimited Voice,Voice,12000,31299,,476,12000,Bank Transfer,5G,-999.0,5.0,3.0
CUST00968,SUB00968,PROD003,2348093923010,Customer 968,Male,,Lagos,North West,premium ,2022-10-07,Actv,Prepaid,monthly,Nova Hybrid Plus,Bundle,18000,45000MB,,611,18000,Bank Transfer,LTE,,5.0,4.0
CUST00969,SUB00969,PROD003,2348032971576,Customer 969,Male,60+, Abuja ,South East,Basic,2025-10-19,,prepaid,Annual,Nova Hybrid Plus,Bundle,18000,,3325.0,301,,bank transfer,3G,,5.0,1.0
CUST00970,SUB00970,PROD001,2348072303144,Customer 970,Male,26-35,LAGOS,South East,STANDARD,2024-04-24,,post paid,monthly,Nova Premium 5G,Data,25000,45000MB,,527,25000,bank transfer,4G,,1.0,1.0
CUST00971,SUB00971,PROD002,2348025967005,Customer 971,Female,60+,Lagos,North Central,Corporate,2024-02-20,Cancelled,POSTPAID,monthly,Nova Unlimited Voice,Voice,12000,45000MB,2937.0,787,,,LTE,-58.0,1.0,
CUST00972,SUB00972,PROD004,2348012128959,Customer 972,Female,18-25,Ibadan,South West,Premium,2025-04-09,Active,post paid,ANNUAL,Nova SME Connect,Business,35000,45000MB,2266.0,598,35000,Bank Transfer,,-73.0,2.0,4.0
CUST00973,SUB00973,PROD004,2348039869076,Customer 973,Male,36-45,Abuja,North West,STANDARD,2023-10-16,cancelled,Prepaid,monthly,Nova SME Connect,Business,35000,49734,917.0,488,35000,Bank Transfer,4G,-58.0,1.0,
CUST00974,SUB00974,PROD003,2348015620351,Customer 974,M,46-60,Kano,South South,Premium,2021-01-13,Actv,POSTPAID,ANNUAL,Nova Hybrid Plus,Bundle,18000,62089,,290,18000,bank transfer,,,5.0,4.0
CUST00975,SUB00975,PROD003,2348061453126,Customer 975,F,26-35,lagos,South South,Basic,13/02/2023,Actv,prepaid,Annual,Nova Hybrid Plus,Bundle,18000,45000MB,,487,18000,Card,,-999.0,2.0,5.0
CUST00976,SUB00976,PROD001,2348046992855,Customer 976,male,36-45,lagos,South South,,2023-01-19,Cancelled,post paid,ANNUAL,Nova Premium 5G,Data,25000,87627,,567,25000,bank transfer,4g,,5.0,3.0
CUST00977,SUB00977,PROD005,2348029092193,Customer 977,Female,60+,Lagos,South West,STANDARD,2022-03-15,cancelled,Postpaid,No contract,Nova Starter,Bundle,8000,,,233,,Card,3G,,1.0,2.0
CUST00978,SUB00978,PROD002,2348059394748,Customer 978,Male,46-60,LAGOS,North Central,Standard,2022-04-18,Active,prepaid,No contract,Nova Unlimited Voice,Voice,12000,45000MB,,125,12000,,4g,-999.0,5.0,2.0
CUST00979,SUB00979,PROD002,2348022886730,Customer 979,Male,26-35,Port Harcourt,South South,Corporate,2022-08-03,Active,Prepaid,No contract,Nova Unlimited Voice,Voice,12000,45000MB,,629,,USSD,5G,,0.0,2.0
CUST00980,SUB00980,PROD004,2348032569925, Customer 980 ,Female,46-60,portharcourt,North West,premium ,2025-02-03,Active,Postpaid,No contract,Nova SME Connect,Business,35000,17988,2855.0,140,35000,bank transfer,4g,,2.0,1.0
CUST00981,SUB00981,PROD003,2348079560182,Customer 981,Male,, Abuja ,South West,Corporate,2021-12-22,Cancelled,post paid,Annual,Nova Hybrid Plus,Bundle,18000,46796,3461.0,736,18000,USSD,LTE,-999.0,2.0,4.0
CUST00982,SUB00982,PROD001,2348079333157,Customer 982,F,26-35,Enugu,South South,STANDARD,2023-12-11,active,prepaid,Monthly,Nova Premium 5G,Data,25000,9723,,799,25000,Card,LTE,,2.0,
CUST00983,SUB00983,PROD002,2348094681184,Customer 983,Male,46-60,,North Central,Standard,2022-04-19,SUSPENDED,prepaid,No contract,Nova Unlimited Voice,Voice,12000,45000MB,1146.0,767,12000,Bank Transfer,LTE,-84.0,5.0,4.0
CUST00984,SUB00984,PROD003,2348057409499,Customer 984,female,46-60,portharcourt,South South,Basic,2021-09-28,Actv,Postpaid,No contract,Nova Hybrid Plus,Bundle,18000,45000MB,2485.0,783,18000,Card,4G,-999.0,0.0,
CUST00985,SUB00985,PROD004,2348014248457,Customer 985,Male,26-35,,North Central,Premium,2025-10-27,Cancelled,POSTPAID,Annual,Nova SME Connect,Business,35000,,,284,,Cash,4G,-999.0,0.0,
CUST00986,SUB00986,PROD005,2348014679042,Customer 986,FEMALE,36-45,portharcourt,South East,STANDARD,2022-05-30,cancelled,Postpaid,Annual,Nova Starter,Bundle,8000,,2188.0,195,8000,CARD,5G,,5.0,4.0
CUST00987,SUB00987,PROD005,2348052360604,Customer 987,,60+,Ibadan,South West,Basic,2025-09-13,ACTIVE,prepaid,Annual,Nova Starter,Bundle,8000,,3149.0,684,8000,,5G,-58.0,5.0,2.0
CUST00988,SUB00988,PROD001,2348093867060,Customer 988,Male,60+,Enugu,South East,premium ,2023-02-28,Suspended,prepaid,Annual,Nova Premium 5G,Data,25000,45000MB,3208.0,683,25000,Cash,4G,-109.0,0.0,
CUST00989,SUB00989,PROD005,2348034969721,Customer 989,M,46-60,Abuja,South East,Corporate,2023-10-29,Suspended,POSTPAID,monthly,Nova Starter,Bundle,8000,,,556,8000,Bank Transfer,4g,-99.0,0.0,1.0
CUST00990,SUB00990,PROD002,2348018229481,Customer 990,F,,LAGOS,North West,Standard,2023-07-20,Suspended,post paid,Monthly,Nova Unlimited Voice,Voice,12000,45000MB,350.0,164,12000,,4G,-999.0,2.0,3.0
CUST00991,SUB00991,PROD001,2348092609462,Customer 991,Female,60+, Abuja ,South East,Corporate,2025-02-16,cancelled,Postpaid,Annual,Nova Premium 5G,Data,25000,45000MB,,25,25000,Card,5G,-109.0,1.0,2.0
CUST00992,SUB00992,PROD005,2348049857270,Customer 992, f,36-45,lagos,South South,Corporate,2021-04-29,Cancelled,post paid,monthly,Nova Starter,Bundle,8000,,415.0,166,8000,bank transfer,LTE,-999.0,2.0,5.0
CUST00993,SUB00993,PROD002,2348064011563,Customer 993,Male,46-60,Port Harcourt,South East,Basic,2022-07-26,Active,POSTPAID,No contract,Nova Unlimited Voice,Voice,12000,36094,,630,12000,bank transfer,LTE,-999.0,,1.0
CUST00994,SUB00994,PROD003,2348098346946,Customer 994,Female,26-35, Abuja ,North West,,2022-07-08,,post paid,Annual,Nova Hybrid Plus,Bundle,18000,85416,1397.0,270,18000,Card,3G,-999.0,5.0,4.0
CUST00995,SUB00995,PROD001,2348066691482,Customer 995,,46-60,LAGOS,North West,Premium,2024-05-10,,post paid,monthly,Nova Premium 5G,Data,25000,45000MB,2775.0,287,25000,Bank Transfer,LTE,-999.0,,2.0
CUST00996,SUB00996,PROD003,2348087152098,Customer 996,M,26-35,Enugu,North West,Standard,2025-12-03,cancelled,Postpaid,Annual,Nova Hybrid Plus,Bundle,18000,45000MB,,387,,Bank Transfer,LTE,,2.0,4.0
CUST00997,SUB00997,PROD001,2348077334201,Customer 997,MALE,60+,LAGOS,North Central,premium ,2025-07-04,Cancelled,Prepaid,monthly,Nova Premium 5G,Data,25000,30134,2704.0,765,,CARD,4G,-73.0,5.0,5.0
CUST00998,SUB00998,PROD005,2348099662555,Customer 998,Female,60+,Kano,North West,Premium,2025-04-12,active,Prepaid,ANNUAL,Nova Starter,Bundle,8000,,2511.0,375,8000,,4G,-90.0,2.0,1.0
CUST00999,SUB00999,PROD001,2348035104652,Customer 999,Male,,Abuja,North Central,Basic,2022-05-13,cancelled,prepaid,monthly,Nova Premium 5G,Data,25000,45000MB,,527,25000,Card,4G,,,4.0
CUST01000,SUB01000,PROD001,2348072812051, Customer 1000 ,Male,60+,Kano,South East,STANDARD,28/05/2023,cancelled,Prepaid,No contract,Nova Premium 5G,Data,25000,20979,728.0,409,25000,USSD,5G,-999.0,2.0,3.0
CUST01001,SUB01001,PROD002,2348074390649,Customer 1001,Female,,Enugu,North Central,Standard,2023-09-03,,Postpaid,Annual,Nova Unlimited Voice,Voice,12000,,,557,12000,bank transfer,4G,-999.0,0.0,1.0
CUST01002,SUB01002,PROD002,2348026093111,Customer 1002,m ,26-35,Lagos,South South,Standard,2024-10-09,Active,POSTPAID,No contract,Nova Unlimited Voice,Voice,12000,,3167.0,778,12000,Bank Transfer,5G,-78.0,2.0,3.0
CUST01003,SUB01003,PROD001,2348056441189,Customer 1003,Female,26-35,Lagos,South West,Basic,2024-09-23,active,prepaid,Annual,Nova Premium 5G,Data,25000,45000MB,3490.0,138,,Cash,4g,-105.0,,2.0
CUST01004,SUB01004,PROD003,2348062084508,Customer 1004,male,18-25,lagos,North Central,premium ,2021-01-20,active,prepaid,No contract,Nova Hybrid Plus,Bundle,18000,,3747.0,751,18000,,,,0.0,5.0
CUST01005,SUB01005,PROD002,2348090209055,Customer 1005,male,,lagos,South South,premium ,2021-09-06,ACTIVE,post paid,Annual,Nova Unlimited Voice,Voice,12000,33206,2122.0,541,12000,,4G,-999.0,1.0,2.0
CUST01006,SUB01006,PROD003,2348043724444,Customer 1006,Male,18-25,Abuja,South West,,2021-04-28,Active,prepaid,ANNUAL,Nova Hybrid Plus,Bundle,18000,,2354.0,123,,,4g,-79.0,5.0,4.0
CUST01007,SUB01007,PROD005,2348028666883,Customer 1007,Male,36-45,Abuja,South West,Standard,2023-04-07,Active,POSTPAID,ANNUAL,Nova Starter,Bundle,8000,45000MB,,383,8000,Cash,5G,-109.0,,1.0
CUST01008,SUB01008,PROD003,2348022379518,Customer 1008,F,,Ibadan,South East,Basic,2022-03-21,Cancelled,POSTPAID,ANNUAL,Nova Hybrid Plus,Bundle,18000,58054,,756,,Cash,,,1.0,
CUST01009,SUB01009,PROD002,2348034370345,Customer 1009,Female,60+,Enugu,North West,Premium,2021-03-06,active,POSTPAID,monthly,Nova Unlimited Voice,Voice,12000,45000MB,987.0,464,12000,Card,,,0.0,5.0
CUST01010,SUB01010,PROD004,2348053613927,Customer 1010,Female,26-35,Port Harcourt,South West,Corporate,2022-06-03,Active,post paid,Annual,Nova SME Connect,Business,35000,35036,,105,35000,CARD,5G,-94.0,,4.0
CUST01011,SUB01011,PROD005,2348086079100,Customer 1011,Female,18-25,portharcourt,North Central,premium ,2023-08-12,active,post paid,No contract,Nova Starter,Bundle,8000,45000MB,2880.0,162,,USSD,4g,,5.0,
CUST01012,SUB01012,PROD002,2348086808090,Customer 1012,F,26-35, Abuja ,South East,premium ,2025-08-12,,Postpaid,ANNUAL,Nova Unlimited Voice,Voice,12000,,,649,,Cash,4G,-999.0,,
CUST01013,SUB01013,PROD004,2348059671300,Customer 1013,male,36-45,Lagos,South South,premium ,2025-05-05,Active,Prepaid,ANNUAL,Nova SME Connect,Business,35000,,,40,35000,Card,3G,,1.0,4.0
CUST01014,SUB01014,PROD002,2348066062382,Customer 1014,Male,26-35,Enugu,South South,premium ,2025-11-15,active,post paid,No contract,Nova Unlimited Voice,Voice,12000,13324,405.0,98,,Card,LTE,,0.0,3.0
CUST01015,SUB01015,PROD002,2348018358102,Customer 1015,M,,Enugu,South East,Corporate,2023-11-09,Active,post paid,monthly,Nova Unlimited Voice,Voice,12000,,3434.0,669,12000,CARD,5G,-54.0,,3.0
CUST01016,SUB01016,PROD003,2348012525246,Customer 1016,Female,46-60,Kano,South West,STANDARD,2024-02-16,SUSPENDED,Postpaid,ANNUAL,Nova Hybrid Plus,Bundle,18000,45000MB,,334,18000,USSD,LTE,-83.0,1.0,1.0
CUST01017,SUB01017,PROD005,2348090384939,Customer 1017,F,26-35,Lagos,South East,premium ,2024-06-17,,Prepaid,Monthly,Nova Starter,Bundle,8000,,3796.0,563,,USSD,4G,-999.0,0.0,5.0
CUST01018,SUB01018,PROD004,2348085533556,Customer 1018,,,Ibadan,South West,Premium,2023-09-13,Active,POSTPAID,ANNUAL,Nova SME Connect,Business,35000,,,84,,Card,LTE,,,1.0
CUST01019,SUB01019,PROD002,2348086127570,Customer 1019,,46-60,,South South,STANDARD,2022-02-17,Cancelled,post paid,ANNUAL,Nova Unlimited Voice,Voice,12000,,,504,12000,CARD,4g,-52.0,1.0,5.0
CUST01020,SUB01020,PROD001,2348016001097, Customer 1020 ,Male,36-45,Port Harcourt,South West,Basic,2023-08-09,Active,prepaid,Annual,Nova Premium 5G,Data,25000,,2100.0,148,25000,Bank Transfer,4g,-999.0,5.0,3.0
CUST01021,SUB01021,PROD005,2348096145517,Customer 1021,Male,26-35,Ibadan,North Central,premium ,2021-03-06,cancelled,post paid,monthly,Nova Starter,Bundle,8000,,274.0,703,8000,USSD,4G,-999.0,5.0,4.0
CUST01022,SUB01022,PROD005,2348063505728,Customer 1022, f,18-25,LAGOS,South South,Corporate,2024-05-14,active,POSTPAID,Monthly,Nova Starter,Bundle,8000,63913,,221,8000,,3G,-62.0,,
CUST01023,SUB01023,PROD004,2348015533556,Customer 1023,Unknown,18-25,lagos,North West,STANDARD,2022-06-12,Active,POSTPAID,Annual,Nova SME Connect,Business,35000,,,741,,Card,LTE,-106.0,,2.0
CUST01024,SUB01024,PROD004,2348074117329,Customer 1024,Female,46-60,Enugu,South East,STANDARD,2022-10-22,active,POSTPAID,Monthly,Nova SME Connect,Business,35000,45000MB,1270.0,700,35000,Card,LTE,,2.0,4.0
CUST01025,SUB01025,PROD003,2348034354301,Customer 1025,Unknown,26-35,LAGOS,South East,Basic,19/01/2022,active,prepaid,Annual,Nova Hybrid Plus,Bundle,18000,45000MB,1146.0,111,,USSD,,-999.0,2.0,1.0
CUST01026,SUB01026,PROD002,2348098151998,Customer 1026,Unknown,26-35,Port Harcourt,North West,,2025-06-21,ACTIVE,prepaid,ANNUAL,Nova Unlimited Voice,Voice,12000,,1571.0,606,12000,,,-999.0,0.0,1.0
CUST01027,SUB01027,PROD003,2348059935725,Customer 1027,Female,36-45,Abuja,South South,Basic,2022-09-16,Cancelled,post paid,monthly,Nova Hybrid Plus,Bundle,18000,45000MB,,547,18000,Bank Transfer,4g,-999.0,5.0,1.0
CUST01028,SUB01028,PROD001,2348072930586,Customer 1028,M,36-45,,South West,Premium,2025-01-14,Cancelled,Postpaid,No contract,Nova Premium 5G,Data,25000,,3014.0,702,25000,Bank Transfer,,-999.0,,2.0
CUST01029,SUB01029,PROD004,2348098625191,Customer 1029,Male,26-35,Enugu,South South,Premium,2023-07-08,Suspended,prepaid,monthly,Nova SME Connect,Business,35000,45000MB,,617,35000,,4G,-999.0,,2.0
CUST01030,SUB01030,PROD001,2348077108569,Customer 1030,Female,26-35,Lagos,North Central,,2023-10-22,Active,prepaid,monthly,Nova Premium 5G,Data,25000,1302,2444.0,6,25000,,4G,-999.0,,4.0
CUST01031,SUB01031,PROD004,2348077933945,Customer 1031,,18-25,Ibadan,North West,Premium,2022-01-19,ACTIVE,POSTPAID,ANNUAL,Nova SME Connect,Business,35000,,1778.0,208,,,,-98.0,0.0,3.0
CUST01032,SUB01032,PROD004,2348069448465,Customer 1032,F,36-45,Lagos,South South,Basic,2023-10-18,cancelled,prepaid,Monthly,Nova SME Connect,Business,35000,21484,,66,35000,USSD,4g,-999.0,5.0,4.0
CUST01033,SUB01033,PROD001,2348019724345,Customer 1033,MALE,18-25,LAGOS,South East,STANDARD,2021-11-26,Cancelled,prepaid,Monthly,Nova Premium 5G,Data,25000,45140,,451,25000,,4G,-999.0,0.0,4.0
CUST01034,SUB01034,PROD005,2348062587363,Customer 1034,Female,26-35,LAGOS,South South,Standard,2022-10-29,,POSTPAID,Monthly,Nova Starter,Bundle,8000,65160,,478,8000,,4g,-999.0,,4.0
CUST01035,SUB01035,PROD005,2348052827309,Customer 1035,M,,portharcourt,South South,Basic,2024-09-02,cancelled,Prepaid,ANNUAL,Nova Starter,Bundle,8000,,2378.0,552,8000,bank transfer,4G,-999.0,0.0,4.0
CUST01036,SUB01036,PROD002,2348073533948,Customer 1036,Male,46-60,,North Central,,2021-12-10,active,Postpaid,Monthly,Nova Unlimited Voice,Voice,12000,32108,,171,,CARD,3G,-100.0,2.0,4.0
CUST01037,SUB01037,PROD004,2348069643764,Customer 1037,Female,46-60,Enugu,South South,premium ,2021-02-11,SUSPENDED,prepaid,Annual,Nova SME Connect,Business,35000,17877,94.0,139,35000,,LTE,,5.0,
CUST01038,SUB01038,PROD001,2348067517203,Customer 1038,male,26-35,LAGOS,South East,Basic,2021-12-30,Suspended,Postpaid,Monthly,Nova Premium 5G,Data,25000,45000MB,,592,25000,USSD,4G,-70.0,,1.0
CUST01039,SUB01039,PROD001,2348054607963,Customer 1039,Male,46-60, Abuja ,South West,premium ,2024-10-27,active,Postpaid,Annual,Nova Premium 5G,Data,25000,45000MB,2794.0,636,,Bank Transfer,4g,-999.0,2.0,
CUST01040,SUB01040,PROD004,2348056686702, Customer 1040 ,FEMALE,60+,LAGOS,South East,premium ,2025-06-04,,POSTPAID,Monthly,Nova SME Connect,Business,35000,70697,1373.0,737,35000,CARD,4G,-71.0,2.0,3.0
CUST01041,SUB01041,PROD003,2348094072185,Customer 1041,F,,Enugu,South East,Basic,2022-08-11,,Prepaid,monthly,Nova Hybrid Plus,Bundle,18000,,129.0,556,18000,USSD,LTE,-999.0,2.0,1.0
CUST01042,SUB01042,PROD002,2348077095386,Customer 1042,,36-45, Abuja ,South West,premium ,2022-10-03,Active,Prepaid,Annual,Nova Unlimited Voice,Voice,12000,,,332,12000,Cash,LTE,-58.0,2.0,3.0
CUST01043,SUB01043,PROD005,2348089365411,Customer 1043,Female,18-25, Abuja ,North West,,2023-02-22,Suspended,POSTPAID,monthly,Nova Starter,Bundle,8000,,,498,8000,USSD,LTE,-999.0,1.0,4.0
CUST01044,SUB01044,PROD004,2348074428679,Customer 1044,Female,26-35,Abuja,North West,STANDARD,2024-08-12,Cancelled,Postpaid,Annual,Nova SME Connect,Business,35000,,,590,35000,USSD,,,2.0,
CUST01045,SUB01045,PROD004,2348049921350,Customer 1045,,36-45,Kano,North Central,,2022-01-27,cancelled,post paid,monthly,Nova SME Connect,Business,35000,,3680.0,784,,USSD,5G,-63.0,2.0,1.0
CUST01046,SUB01046,PROD005,2348090727872,Customer 1046,F,60+,Ibadan,South West,Premium,2023-05-27,Active,prepaid,ANNUAL,Nova Starter,Bundle,8000,13165,,654,8000,Bank Transfer,5G,-75.0,,1.0
CUST01047,SUB01047,PROD003,2348034920754,Customer 1047,Male,26-35,,South West,,2022-09-27,Suspended,Postpaid,Monthly,Nova Hybrid Plus,Bundle,18000,,,78,18000,Bank Transfer,,,2.0,5.0
CUST01048,SUB01048,PROD004,2348020597726,Customer 1048,female,26-35,,South South,premium ,2022-03-07,Suspended,post paid,Monthly,Nova SME Connect,Business,35000,37219,,230,35000,Cash,,-68.0,2.0,4.0
CUST01049,SUB01049,PROD002,2348061628897,Customer 1049,Female,18-25,Ibadan,South South,Basic,2022-08-03,active,POSTPAID,Annual,Nova Unlimited Voice,Voice,12000,,,642,12000,Card,4g,-999.0,5.0,4.0
CUST01050,SUB01050,PROD001,2348069913359,Customer 1050, f,,portharcourt,South East,premium ,16/04/2023,Active,post paid,ANNUAL,Nova Premium 5G,Data,25000,45000MB,587.0,241,,CARD,LTE,-999.0,2.0,3.0
CUST01051,SUB01051,PROD001,2348058475483,Customer 1051,Female,36-45,Abuja,South East,STANDARD,2021-02-23,,prepaid,Monthly,Nova Premium 5G,Data,25000,78740,2015.0,272,25000,,4g,,5.0,5.0
CUST01052,SUB01052,PROD004,2348057368405,Customer 1052,Female,26-35,Ibadan,North Central,Standard,2022-09-08,Active,Postpaid,No contract,Nova SME Connect,Business,35000,41120,3217.0,325,35000,Card,4G,-999.0,,1.0
CUST01053,SUB01053,PROD001,2348051933868,Customer 1053,Female,36-45,Ibadan,South East,premium ,2021-06-10,active,post paid,No contract,Nova Premium 5G,Data,25000,45000MB,1855.0,275,25000,USSD,3G,-999.0,2.0,3.0
CUST01054,SUB01054,PROD004,2348073076010,Customer 1054,Female,46-60,Lagos,North West,Premium,2024-11-04,,Postpaid,No contract,Nova SME Connect,Business,35000,45000MB,,23,35000,Cash,5G,-100.0,0.0,
CUST01055,SUB01055,PROD003,2348024279216,Customer 1055,MALE,60+,portharcourt,South West,,2025-06-15,active,Prepaid,No contract,Nova Hybrid Plus,Bundle,18000,57243,3023.0,228,,bank transfer,LTE,-999.0,,
CUST01056,SUB01056,PROD002,2348024505425,Customer 1056,Male,36-45,Enugu,North Central,Basic,2024-04-14,Cancelled,POSTPAID,Monthly,Nova Unlimited Voice,Voice,12000,,,671,12000,,4G,-999.0,5.0,
CUST01057,SUB01057,PROD005,2348078585712,Customer 1057,,60+,Ibadan,South West,Basic,2023-02-12,Actv,post paid,No contract,Nova Starter,Bundle,8000,54719,,795,8000,USSD,4g,-999.0,,4.0
CUST01058,SUB01058,PROD002,2348096342304,Customer 1058,FEMALE,46-60,portharcourt,South West,Premium,2024-12-08,Active,post paid,ANNUAL,Nova Unlimited Voice,Voice,12000,,,538,12000,,4g,,2.0,5.0
CUST01059,SUB01059,PROD002,2348048704047,Customer 1059,male,46-60,LAGOS,North Central,STANDARD,2021-05-14,,prepaid,ANNUAL,Nova Unlimited Voice,Voice,12000,68193,,459,12000,Card,,,2.0,5.0
CUST01060,SUB01060,PROD001,2348085339364, Customer 1060 ,Female,26-35,Kano,South East,Standard,2025-06-10,Active,Prepaid,ANNUAL,Nova Premium 5G,Data,25000,45000MB,731.0,434,25000,Cash,5G,-64.0,,2.0
CUST01061,SUB01061,PROD005,2348072703472,Customer 1061,Female,18-25,Lagos,North West,STANDARD,2023-06-02,ACTIVE,prepaid,Annual,Nova Starter,Bundle,8000,82983,2306.0,523,8000,bank transfer,LTE,-999.0,0.0,5.0
CUST01062,SUB01062,PROD003,2348027892607,Customer 1062,Male,,lagos,North Central,premium ,2024-06-30,Active,prepaid,Monthly,Nova Hybrid Plus,Bundle,18000,,1330.0,234,18000,USSD,4G,,0.0,5.0
CUST01063,SUB01063,PROD004,2348092296041,Customer 1063,male,36-45,Ibadan,South South,Corporate,2021-01-09,Cancelled,POSTPAID,ANNUAL,Nova SME Connect,Business,35000,,268.0,719,35000,bank transfer,LTE,-999.0,1.0,2.0
CUST01064,SUB01064,PROD003,2348069598350,Customer 1064,Male,46-60,Ibadan,North Central,Premium,2023-07-31,SUSPENDED,Prepaid,Monthly,Nova Hybrid Plus,Bundle,18000,66797,,290,18000,CARD,3G,,5.0,1.0
CUST01065,SUB01065,PROD004,2348094531978,Customer 1065,F,60+,Kano,South South,premium ,2022-10-31,Active,POSTPAID,monthly,Nova SME Connect,Business,35000,41269,,412,,USSD,3G,,2.0,2.0
CUST01066,SUB01066,PROD003,2348051755538,Customer 1066,F,26-35,Ibadan,North Central,premium ,2025-07-09,Active,Prepaid,No contract,Nova Hybrid Plus,Bundle,18000,,2038.0,605,18000,Bank Transfer,,-999.0,,2.0
CUST01067,SUB01067,PROD002,2348098043663,Customer 1067,F,60+,LAGOS,South West,Standard,2023-06-18,,Prepaid,monthly,Nova Unlimited Voice,Voice,12000,,,83,12000,CARD,,,1.0,1.0
CUST01068,SUB01068,PROD002,2348074742976,Customer 1068,Female,36-45, Abuja ,South East,,2025-02-28,SUSPENDED,POSTPAID,monthly,Nova Unlimited Voice,Voice,12000,45000MB,,45,12000,Cash,,-999.0,2.0,3.0
CUST01069,SUB01069,PROD003,2348042507768,Customer 1069,Female,,Port Harcourt,South East,premium ,2022-05-02,Active,prepaid,monthly,Nova Hybrid Plus,Bundle,18000,16244,3548.0,277,18000,USSD,5G,-999.0,5.0,5.0
CUST01070,SUB01070,PROD003,2348042547939,Customer 1070,M,,Port Harcourt,South West,Corporate,2021-01-24,SUSPENDED,post paid,ANNUAL,Nova Hybrid Plus,Bundle,18000,,,82,18000,Cash,3G,,0.0,1.0
CUST01071,SUB01071,PROD002,2348028116543,Customer 1071,Male,,Ibadan,South East,Premium,2023-09-16,Cancelled,Postpaid,Monthly,Nova Unlimited Voice,Voice,12000,30918,,774,12000,Bank Transfer,4g,,5.0,5.0
CUST01072,SUB01072,PROD001,2348082777319,Customer 1072, f,46-60,Port Harcourt,South West,Corporate,2021-09-02,Cancelled,prepaid,Monthly,Nova Premium 5G,Data,25000,45000MB,,552,25000,Cash,4G,-999.0,0.0,1.0
CUST01073,SUB01073,PROD001,2348029597749,Customer 1073,Female,26-35, Abuja ,South South,STANDARD,2023-03-07,ACTIVE,Prepaid,Annual,Nova Premium 5G,Data,25000,,,419,25000,Bank Transfer,,-104.0,,1.0
CUST01074,SUB01074,PROD002,2348090948382,Customer 1074,M,36-45, Abuja ,North Central,Corporate,2025-10-15,Suspended,Postpaid,ANNUAL,Nova Unlimited Voice,Voice,12000,,3870.0,523,12000,,4g,,2.0,1.0
CUST01075,SUB01075,PROD005,2348018556091,Customer 1075,Female,,,North West,Corporate,12/05/2023,Active,Postpaid,ANNUAL,Nova Starter,Bundle,8000,47297,,190,8000,USSD,5G,,0.0,
CUST01076,SUB01076,PROD002,2348077013965,Customer 1076,MALE,,Lagos,South East,,2022-05-19,active,Prepaid,monthly,Nova Unlimited Voice,Voice,12000,22755,2782.0,564,,USSD,,-56.0,5.0,3.0
CUST01077,SUB01077,PROD005,2348017490974,Customer 1077,male,60+,portharcourt,North West,Corporate,2025-02-27,Suspended,post paid,Annual,Nova Starter,Bundle,8000,,,307,8000,Bank Transfer,4G,-999.0,0.0,4.0
CUST01078,SUB01078,PROD003,2348087906947,Customer 1078,Male,,LAGOS,North West,Standard,2023-06-03,Active,prepaid,ANNUAL,Nova Hybrid Plus,Bundle,18000,,399.0,93,18000,Bank Transfer,4G,-90.0,5.0,
CUST01079,SUB01079,PROD001,2348050694617,Customer 1079,M,46-60,Ibadan,North Central,premium ,2021-03-19,ACTIVE,POSTPAID,Monthly,Nova Premium 5G,Data,25000,50454,3060.0,178,,Bank Transfer,LTE,,0.0,5.0
CUST01080,SUB01080,PROD002,2348085372655, Customer 1080 ,Female,36-45,portharcourt,North West,Premium,2024-09-23,Suspended,prepaid,Monthly,Nova Unlimited Voice,Voice,12000,26558,2638.0,407,12000,Bank Transfer,LTE,-999.0,2.0,3.0
CUST01081,SUB01081,PROD005,2348088248691,Customer 1081,F,60+,,North Central,STANDARD,2021-06-18,cancelled,prepaid,No contract,Nova Starter,Bundle,8000,45000MB,3945.0,780,8000,,3G,-100.0,2.0,1.0
CUST01082,SUB01082,PROD002,2348039865209,Customer 1082,male,,LAGOS,South East,STANDARD,2025-09-02,cancelled,prepaid,monthly,Nova Unlimited Voice,Voice,12000,15352,2451.0,304,12000,Card,3G,,,5.0
CUST01083,SUB01083,PROD005,2348056140268,Customer 1083, f,26-35,portharcourt,South West,Standard,2024-08-20,,post paid,monthly,Nova Starter,Bundle,8000,45000MB,1194.0,220,,Cash,5G,-96.0,,1.0
CUST01084,SUB01084,PROD004,2348096896002,Customer 1084,Male,46-60,portharcourt,South East,,2022-06-13,Cancelled,Prepaid,ANNUAL,Nova SME Connect,Business,35000,41125,2635.0,735,35000,Bank Transfer,5G,,0.0,2.0
CUST01085,SUB01085,PROD004,2348010408165,Customer 1085,Female,26-35,portharcourt,South East,Standard,2023-06-13,Active,Prepaid,Annual,Nova SME Connect,Business,35000,,3773.0,262,,CARD,LTE,-81.0,2.0,5.0
CUST01086,SUB01086,PROD002,2348049908411,Customer 1086,male,46-60,Lagos,South South,STANDARD,2021-01-03,Cancelled,Postpaid,Monthly,Nova Unlimited Voice,Voice,12000,12861,,386,12000,Card,,,0.0,3.0
CUST01087,SUB01087,PROD003,2348062146023,Customer 1087,male,,LAGOS,North Central,Corporate,2025-10-20,active,Postpaid,No contract,Nova Hybrid Plus,Bundle,18000,65780,52.0,213,18000,CARD,,-999.0,1.0,
CUST01088,SUB01088,PROD003,2348090233418,Customer 1088,Female,36-45,Kano,North West,Premium,2022-02-18,SUSPENDED,POSTPAID,Annual,Nova Hybrid Plus,Bundle,18000,82123,,667,,,3G,,0.0,3.0
CUST01089,SUB01089,PROD001,2348063991190,Customer 1089,male,36-45,Kano,North Central,Corporate,2024-03-17,,Prepaid,No contract,Nova Premium 5G,Data,25000,55553,,293,25000,USSD,,,2.0,
CUST01090,SUB01090,PROD003,2348032472777,Customer 1090,Female,26-35, Abuja ,South South,Standard,2024-02-23,cancelled,POSTPAID,No contract,Nova Hybrid Plus,Bundle,18000,45000MB,159.0,798,18000,Card,LTE,,,5.0
CUST01091,SUB01091,PROD004,2348022957671,Customer 1091,Male,60+,Ibadan,South South,,2024-04-10,active,Prepaid,monthly,Nova SME Connect,Business,35000,22084,,153,35000,Bank Transfer,4G,-78.0,1.0,2.0
CUST01092,SUB01092,PROD003,2348033818969,Customer 1092,Male,26-35,Ibadan,North West,Basic,2022-11-22,Actv,prepaid,ANNUAL,Nova Hybrid Plus,Bundle,18000,45000MB,3112.0,132,18000,USSD,4G,-85.0,2.0,5.0
CUST01093,SUB01093,PROD002,2348060983608,Customer 1093,,46-60,,North West,Standard,2024-08-21,SUSPENDED,POSTPAID,Annual,Nova Unlimited Voice,Voice,12000,40617,2770.0,145,12000,bank transfer,3G,-999.0,1.0,4.0
CUST01094,SUB01094,PROD004,2348061457709,Customer 1094,Female,36-45,Port Harcourt,South East,Standard,2022-04-02,Suspended,Prepaid,ANNUAL,Nova SME Connect,Business,35000,,,91,,USSD,5G,,2.0,3.0
CUST01095,SUB01095,PROD001,2348013224671,Customer 1095,male,36-45,Port Harcourt,South West,Premium,2024-01-22,,prepaid,Annual,Nova Premium 5G,Data,25000,45000MB,122.0,303,,bank transfer,4g,,,5.0
CUST01096,SUB01096,PROD001,2348029810512,Customer 1096,,26-35,Enugu,North Central,,2024-12-15,ACTIVE,post paid,monthly,Nova Premium 5G,Data,25000,45000MB,,637,25000,bank transfer,4G,,,5.0
CUST01097,SUB01097,PROD003,2348047574380,Customer 1097,Unknown,26-35,Ibadan,North West,Corporate,2021-10-17,Cancelled,POSTPAID,No contract,Nova Hybrid Plus,Bundle,18000,,3206.0,462,,,LTE,,0.0,
CUST01098,SUB01098,PROD001,2348039437909,Customer 1098,Unknown,,lagos,South South,Corporate,2025-10-25,cancelled,Prepaid,Annual,Nova Premium 5G,Data,25000,45000MB,2300.0,174,25000,CARD,LTE,,,2.0
CUST01099,SUB01099,PROD001,2348037611483,Customer 1099,m ,18-25,Lagos,South West,STANDARD,2023-08-31,Active,Prepaid,No contract,Nova Premium 5G,Data,25000,45000MB,,593,25000,bank transfer,,-59.0,,2.0
CUST01100,SUB01100,PROD004,2348097451053, Customer 1100 ,MALE,, Abuja ,South South,,09/07/2023,,Postpaid,No contract,Nova SME Connect,Business,35000,45000MB,173.0,571,35000,bank transfer,5G,-999.0,,
CUST01101,SUB01101,PROD004,2348014911233,Customer 1101,F,26-35,Lagos,North Central,STANDARD,2021-10-08,Active,Postpaid,Annual,Nova SME Connect,Business,35000,50167,2846.0,137,35000,bank transfer,4g,,,4.0
CUST01102,SUB01102,PROD004,2348071638137,Customer 1102,FEMALE,18-25,LAGOS,North Central,Corporate,2022-12-19,SUSPENDED,Postpaid,Annual,Nova SME Connect,Business,35000,,,320,35000,,3G,-999.0,5.0,4.0
CUST01103,SUB01103,PROD002,2348099020119,Customer 1103,m ,,Ibadan,South East,Basic,2022-04-20,Suspended,Prepaid,Monthly,Nova Unlimited Voice,Voice,12000,71214,1076.0,303,12000,,4G,-52.0,2.0,2.0
CUST01104,SUB01104,PROD004,2348022596665,Customer 1104,Male,46-60,Abuja,South East,Basic,2023-09-28,ACTIVE,prepaid,Annual,Nova SME Connect,Business,35000,64448,,80,35000,bank transfer,,,5.0,2.0
CUST01105,SUB01105,PROD004,2348055469226,Customer 1105,MALE,36-45,,South South,Standard,2025-07-14,Active,Postpaid,Monthly,Nova SME Connect,Business,35000,45000MB,2633.0,395,35000,USSD,LTE,,5.0,4.0
CUST01106,SUB01106,PROD001,2348064065644,Customer 1106,male,18-25,Lagos,South East,Corporate,2022-03-06,Cancelled,POSTPAID,monthly,Nova Premium 5G,Data,25000,45000MB,1293.0,655,25000,bank transfer,LTE,-999.0,,2.0
CUST01107,SUB01107,PROD001,2348029293552,Customer 1107,Female,,portharcourt,North West,Corporate,2023-10-17,SUSPENDED,prepaid,Annual,Nova Premium 5G,Data,25000,,2797.0,523,25000,Card,5G,,2.0,5.0
CUST01108,SUB01108,PROD002,2348016047786,Customer 1108,Female,26-35,lagos,North West,Corporate,2025-07-12,cancelled,POSTPAID,ANNUAL,Nova Unlimited Voice,Voice,12000,33596,1471.0,185,,USSD,5G,-57.0,5.0,4.0
CUST01109,SUB01109,PROD005,2348094402496,Customer 1109,Male,26-35, Abuja ,North West,Corporate,2023-05-05,Cancelled,POSTPAID,No contract,Nova Starter,Bundle,8000,45000MB,,474,,Card,LTE,,2.0,5.0
CUST01110,SUB01110,PROD003,2348051686272,Customer 1110,Male,60+,LAGOS,North West,premium ,2024-04-26,Suspended,POSTPAID,monthly,Nova Hybrid Plus,Bundle,18000,9817,694.0,401,18000,USSD,5G,-999.0,2.0,4.0
CUST01111,SUB01111,PROD003,2348013584585,Customer 1111,Female,46-60,,South South,Basic,2021-05-22,Active,Prepaid,No contract,Nova Hybrid Plus,Bundle,18000,,2625.0,648,,CARD,4g,,5.0,2.0
CUST01112,SUB01112,PROD001,2348063909282,Customer 1112,F,18-25,Lagos,South South,STANDARD,2022-01-09,cancelled,Prepaid,No contract,Nova Premium 5G,Data,25000,45000MB,2953.0,546,25000,Card,5G,-999.0,0.0,
CUST01113,SUB01113,PROD005,2348033913417,Customer 1113,Male,26-35,,South East,Standard,2025-07-25,,Postpaid,No contract,Nova Starter,Bundle,8000,45000MB,3016.0,347,,USSD,LTE,-999.0,1.0,4.0
CUST01114,SUB01114,PROD001,2348016829060,Customer 1114,Male,46-60,Enugu,South South,,2024-06-06,active,prepaid,monthly,Nova Premium 5G,Data,25000,45000MB,,438,25000,Bank Transfer,,,0.0,
CUST01115,SUB01115,PROD003,2348091081420,Customer 1115,,,LAGOS,South West,Standard,2023-04-01,cancelled,prepaid,No contract,Nova Hybrid Plus,Bundle,18000,45000MB,,154,18000,Cash,,-999.0,2.0,2.0
CUST01116,SUB01116,PROD001,2348051543205,Customer 1116,Male,36-45,Enugu,South West,Premium,2023-12-20,active,POSTPAID,ANNUAL,Nova Premium 5G,Data,25000,68109,,376,25000,bank transfer,LTE,-999.0,2.0,3.0
CUST01117,SUB01117,PROD003,2348092486420,Customer 1117,M,36-45,Port Harcourt,South South,Standard,2021-11-09,cancelled,Postpaid,No contract,Nova Hybrid Plus,Bundle,18000,45000MB,,510,18000,bank transfer,,,5.0,4.0
CUST01118,SUB01118,PROD002,2348062808275,Customer 1118,female,,lagos,South West,Standard,2025-02-06,Cancelled,POSTPAID,No contract,Nova Unlimited Voice,Voice,12000,45000MB,,44,,,LTE,-999.0,0.0,
CUST01119,SUB01119,PROD001,2348046846495,Customer 1119,female,26-35,Lagos,South East,Premium,2023-02-28,Cancelled,prepaid,ANNUAL,Nova Premium 5G,Data,25000,64724,2796.0,650,25000,USSD,4g,-83.0,2.0,
CUST01120,SUB01120,PROD005,2348054100476, Customer 1120 ,M,36-45,LAGOS,South East,Standard,2024-07-27,,Postpaid,Annual,Nova Starter,Bundle,8000,45000MB,837.0,559,,bank transfer,LTE,-999.0,2.0,
CUST01121,SUB01121,PROD003,2348037588611,Customer 1121,Unknown,26-35,,North West,Standard,2022-05-31,ACTIVE,Postpaid,monthly,Nova Hybrid Plus,Bundle,18000,,3039.0,32,18000,Card,4G,,,2.0
CUST01122,SUB01122,PROD001,2348078214180,Customer 1122,Male,26-35,LAGOS,North Central,Premium,2024-11-20,cancelled,prepaid,Annual,Nova Premium 5G,Data,25000,,,377,,Card,4g,-999.0,2.0,5.0
CUST01123,SUB01123,PROD005,2348054636166,Customer 1123,M,18-25,,South East,STANDARD,2022-08-11,,Prepaid,monthly,Nova Starter,Bundle,8000,,564.0,89,8000,,3G,-89.0,1.0,3.0
CUST01124,SUB01124,PROD001,2348099122600,Customer 1124,FEMALE,60+,Kano,South South,Corporate,2024-05-07,active,Postpaid,Monthly,Nova Premium 5G,Data,25000,45000MB,,677,25000,Card,3G,,5.0,2.0
CUST01125,SUB01125,PROD003,2348027308862,Customer 1125,F,, Abuja ,South East,Corporate,24/06/2022,Cancelled,post paid,ANNUAL,Nova Hybrid Plus,Bundle,18000,45000MB,,754,18000,CARD,5G,,,1.0
CUST01126,SUB01126,PROD005,2348092832957,Customer 1126,,,Abuja,South West,Premium,2025-01-18,ACTIVE,post paid,ANNUAL,Nova Starter,Bundle,8000,44787,,35,8000,Bank Transfer,5G,-86.0,0.0,1.0
CUST01127,SUB01127,PROD002,2348082380225,Customer 1127,Male,60+,Ibadan,South East,Premium,2025-02-08,cancelled,Postpaid,Monthly,Nova Unlimited Voice,Voice,12000,41339,2774.0,55,12000,CARD,4g,-999.0,2.0,3.0
CUST01128,SUB01128,PROD002,2348032584212,Customer 1128,male,46-60,portharcourt,South East,Premium,2025-05-25,,prepaid,monthly,Nova Unlimited Voice,Voice,12000,45000MB,451.0,508,,,,,0.0,4.0
CUST01129,SUB01129,PROD002,2348092701333,Customer 1129,Female,46-60,lagos,South East,Standard,2022-10-31,Active,Postpaid,ANNUAL,Nova Unlimited Voice,Voice,12000,45000MB,,678,,bank transfer,4G,,0.0,2.0
CUST01130,SUB01130,PROD004,2348012957136,Customer 1130,M,18-25,Enugu,North West,,2021-05-24,Active,post paid,monthly,Nova SME Connect,Business,35000,45000MB,,775,,Bank Transfer,,-88.0,0.0,5.0
CUST01131,SUB01131,PROD002,2348048855943,Customer 1131,M,18-25,Port Harcourt,South West,premium ,2022-04-15,Active,POSTPAID,ANNUAL,Nova Unlimited Voice,Voice,12000,11218,,516,12000,Bank Transfer,LTE,-107.0,5.0,2.0
CUST01132,SUB01132,PROD003,2348026879887,Customer 1132,M,18-25,Ibadan,North West,Corporate,2024-01-15,cancelled,Prepaid,ANNUAL,Nova Hybrid Plus,Bundle,18000,65512,2599.0,661,18000,Card,4g,-999.0,0.0,
CUST01133,SUB01133,PROD004,2348070192061,Customer 1133,Female,, Abuja ,North West,,2021-07-26,,prepaid,No contract,Nova SME Connect,Business,35000,38292,3680.0,294,,CARD,LTE,-91.0,1.0,3.0
CUST01134,SUB01134,PROD001,2348078485262,Customer 1134,Female,,portharcourt,North West,,2022-07-02,Suspended,prepaid,Annual,Nova Premium 5G,Data,25000,45000MB,3326.0,552,,USSD,3G,,1.0,4.0
CUST01135,SUB01135,PROD005,2348076430237,Customer 1135,female,36-45, Abuja ,South South,,2023-04-09,Cancelled,Prepaid,Monthly,Nova Starter,Bundle,8000,,,446,8000,Cash,4g,,1.0,2.0
CUST01136,SUB01136,PROD001,2348066235968,Customer 1136,Female,,portharcourt,South East,Premium,2021-08-06,Active,Postpaid,monthly,Nova Premium 5G,Data,25000,,98.0,724,25000,CARD,4G,-999.0,2.0,5.0
CUST01137,SUB01137,PROD005,2348011484279,Customer 1137,,26-35,Abuja,South East,,2023-02-09,cancelled,POSTPAID,Monthly,Nova Starter,Bundle,8000,,728.0,712,8000,Cash,LTE,,,5.0
CUST01138,SUB01138,PROD003,2348056993553,Customer 1138,,36-45,,North Central,Basic,2023-08-31,active,prepaid,ANNUAL,Nova Hybrid Plus,Bundle,18000,75467,2127.0,567,18000,USSD,5G,-999.0,,5.0
CUST01139,SUB01139,PROD002,2348043330489,Customer 1139,Unknown,46-60,Kano,South South,Corporate,2025-08-28,,POSTPAID,monthly,Nova Unlimited Voice,Voice,12000,,1480.0,178,12000,,3G,,5.0,5.0
CUST01140,SUB01140,PROD003,2348080648416, Customer 1140 ,,18-25,Lagos,South South,Premium,2025-04-27,Active,Prepaid,monthly,Nova Hybrid Plus,Bundle,18000,45000MB,,732,,Cash,5G,-999.0,0.0,1.0
CUST01141,SUB01141,PROD004,2348064012349,Customer 1141,Female,,Port Harcourt,North West,premium ,2023-11-09,ACTIVE,POSTPAID,Annual,Nova SME Connect,Business,35000,,2290.0,787,35000,bank transfer,4G,-999.0,,2.0
CUST01142,SUB01142,PROD004,2348031726364,Customer 1142,Male,36-45,Enugu,South South,Basic,2024-04-06,cancelled,post paid,No contract,Nova SME Connect,Business,35000,45000MB,,449,35000,USSD,,-54.0,0.0,5.0
CUST01143,SUB01143,PROD004,2348043696920,Customer 1143,Male,,Lagos,North West,Standard,2024-08-18,Active,prepaid,monthly,Nova SME Connect,Business,35000,45000MB,1608.0,334,35000,,4G,-999.0,2.0,2.0
CUST01144,SUB01144,PROD005,2348016044289,Customer 1144,,,Ibadan,South East,premium ,2022-06-07,,POSTPAID,Monthly,Nova Starter,Bundle,8000,,,157,8000,USSD,4G,-999.0,0.0,2.0
CUST01145,SUB01145,PROD004,2348082878300,Customer 1145,F,60+, Abuja ,South West,Premium,2023-06-25,Active,Prepaid,monthly,Nova SME Connect,Business,35000,,,361,35000,USSD,,-999.0,2.0,2.0
CUST01146,SUB01146,PROD004,2348057185221,Customer 1146,Female,,LAGOS,South South,Corporate,2023-04-24,,post paid,No contract,Nova SME Connect,Business,35000,24056,,383,,Card,3G,,5.0,2.0
CUST01147,SUB01147,PROD001,2348086998873,Customer 1147,F,,Abuja,South East,,2025-02-02,,post paid,Monthly,Nova Premium 5G,Data,25000,58562,,88,25000,USSD,5G,-58.0,,1.0
CUST01148,SUB01148,PROD001,2348032522359,Customer 1148, f,18-25,Ibadan,South East,,2024-09-20,Cancelled,post paid,monthly,Nova Premium 5G,Data,25000,45000MB,2974.0,483,,bank transfer,4G,,2.0,2.0
CUST01149,SUB01149,PROD002,2348041324862,Customer 1149,Male,,Lagos,South West,premium ,2021-08-15,Active,Postpaid,Annual,Nova Unlimited Voice,Voice,12000,45000MB,2229.0,389,,Card,LTE,-96.0,2.0,5.0
CUST01150,SUB01150,PROD004,2348038433516,Customer 1150,male,46-60,Port Harcourt,North West,Corporate,07/10/2024,cancelled,Postpaid,Monthly,Nova SME Connect,Business,35000,45000MB,,768,,Card,5G,,5.0,2.0
CUST01151,SUB01151,PROD005,2348027639039,Customer 1151,,26-35,LAGOS,South South,,2023-08-11,Active,prepaid,No contract,Nova Starter,Bundle,8000,45000MB,1370.0,732,8000,CARD,5G,-999.0,1.0,4.0
CUST01152,SUB01152,PROD003,2348017311602,Customer 1152,F,60+,Port Harcourt,North West,Basic,2023-07-01,Suspended,Postpaid,No contract,Nova Hybrid Plus,Bundle,18000,37997,2742.0,647,18000,,,-999.0,5.0,5.0
CUST01153,SUB01153,PROD004,2348093360129,Customer 1153,Male,18-25, Abuja ,South East,,2023-11-27,active,Postpaid,Monthly,Nova SME Connect,Business,35000,37164,,223,35000,,4G,,5.0,
CUST01154,SUB01154,PROD003,2348097845869,Customer 1154,,26-35,portharcourt,South South,Premium,2024-11-16,cancelled,Prepaid,Monthly,Nova Hybrid Plus,Bundle,18000,23130,,132,18000,,4G,-999.0,2.0,5.0
CUST01155,SUB01155,PROD004,2348028464236,Customer 1155,,26-35,Port Harcourt,North West,Corporate,2022-08-26,Active,Postpaid,Monthly,Nova SME Connect,Business,35000,45000MB,2934.0,135,35000,USSD,3G,,2.0,2.0
CUST01156,SUB01156,PROD003,2348028575945,Customer 1156,,36-45,Ibadan,South West,premium ,2021-02-16,,prepaid,monthly,Nova Hybrid Plus,Bundle,18000,84931,,455,,CARD,4g,-999.0,2.0,3.0
CUST01157,SUB01157,PROD003,2348063114588,Customer 1157,M,18-25,Lagos,North Central,Corporate,2024-07-02,ACTIVE,Postpaid,No contract,Nova Hybrid Plus,Bundle,18000,73556,3604.0,267,,CARD,LTE,-999.0,,
CUST01158,SUB01158,PROD004,2348096792424,Customer 1158,Male,26-35,LAGOS,South South,Basic,2021-10-17,Cancelled,POSTPAID,Annual,Nova SME Connect,Business,35000,45000MB,795.0,690,35000,Bank Transfer,5G,-999.0,5.0,5.0
CUST01159,SUB01159,PROD003,2348042132845,Customer 1159,Male,18-25,Port Harcourt,South East,Standard,2021-09-18,cancelled,Prepaid,monthly,Nova Hybrid Plus,Bundle,18000,,,714,,Bank Transfer,4g,,0.0,1.0
CUST01160,SUB01160,PROD003,2348073048045, Customer 1160 ,Female,46-60,Lagos,North West,Basic,2023-10-21,Active,Prepaid,monthly,Nova Hybrid Plus,Bundle,18000,,,323,18000,Bank Transfer,3G,-69.0,5.0,5.0
CUST01161,SUB01161,PROD003,2348056149652,Customer 1161,m ,36-45,Port Harcourt,South West,STANDARD,2025-06-28,Active,Postpaid,Monthly,Nova Hybrid Plus,Bundle,18000,45000MB,,441,18000,USSD,LTE,,1.0,2.0
CUST01162,SUB01162,PROD001,2348078980326,Customer 1162,Male,46-60,LAGOS,South West,Premium,2021-01-17,Cancelled,POSTPAID,monthly,Nova Premium 5G,Data,25000,24771,2619.0,172,25000,bank transfer,3G,-89.0,,3.0
CUST01163,SUB01163,PROD004,2348073019217,Customer 1163,male,46-60,Lagos,North Central,STANDARD,2023-05-27,Cancelled,Postpaid,Monthly,Nova SME Connect,Business,35000,1260,478.0,185,35000,bank transfer,3G,,5.0,3.0
CUST01164,SUB01164,PROD001,2348051869602,Customer 1164,F,60+,Ibadan,North West,premium ,2022-09-05,Active,prepaid,No contract,Nova Premium 5G,Data,25000,,,132,25000,Cash,3G,-999.0,2.0,2.0
CUST01165,SUB01165,PROD001,2348035597522,Customer 1165,,36-45,Ibadan,South West,STANDARD,2023-06-13,active,Prepaid,Monthly,Nova Premium 5G,Data,25000,45000MB,2323.0,614,25000,,LTE,-999.0,5.0,
CUST01166,SUB01166,PROD004,2348078487363,Customer 1166,Male,,Port Harcourt,South South,Basic,2024-05-15,Actv,prepaid,No contract,Nova SME Connect,Business,35000,45000MB,3020.0,159,35000,Bank Transfer,LTE,-66.0,,
CUST01167,SUB01167,PROD001,2348081891771,Customer 1167,Female,46-60,Kano,South South,Corporate,2021-05-09,ACTIVE,Prepaid,Annual,Nova Premium 5G,Data,25000,,3588.0,677,,,5G,-83.0,,5.0
CUST01168,SUB01168,PROD004,2348021290742,Customer 1168,female,46-60,portharcourt,South East,Premium,2023-12-18,Active,Prepaid,ANNUAL,Nova SME Connect,Business,35000,,1597.0,651,35000,Card,4G,-87.0,,4.0
CUST01169,SUB01169,PROD005,2348027460996,Customer 1169,,,LAGOS,South East,premium ,2025-04-12,,POSTPAID,Annual,Nova Starter,Bundle,8000,62435,3894.0,429,,USSD,4g,-90.0,1.0,4.0
CUST01170,SUB01170,PROD003,2348080406809,Customer 1170,,,lagos,South South,Corporate,2022-06-15,Cancelled,Postpaid,Annual,Nova Hybrid Plus,Bundle,18000,21332,2119.0,213,18000,Bank Transfer,3G,-999.0,5.0,4.0
CUST01171,SUB01171,PROD001,2348020585554,Customer 1171,,,Ibadan,North West,Basic,2022-11-28,Actv,Postpaid,Annual,Nova Premium 5G,Data,25000,,,568,25000,USSD,4G,-67.0,,2.0
CUST01172,SUB01172,PROD004,2348026032450,Customer 1172,M,, Abuja ,South East,Standard,2025-09-04,Active,Postpaid,Annual,Nova SME Connect,Business,35000,82561,2367.0,222,35000,Card,LTE,-68.0,2.0,4.0
CUST01173,SUB01173,PROD002,2348086963153,Customer 1173,F,46-60,LAGOS,South East,Basic,2021-04-27,Active,prepaid,monthly,Nova Unlimited Voice,Voice,12000,43897,1274.0,124,,Bank Transfer,5G,-64.0,1.0,5.0
CUST01174,SUB01174,PROD004,2348074476975,Customer 1174,Female,,Port Harcourt,South South,Standard,2022-11-22,ACTIVE,prepaid,Monthly,Nova SME Connect,Business,35000,,1605.0,742,35000,,3G,-999.0,1.0,5.0
CUST01175,SUB01175,PROD003,2348095058952,Customer 1175,female,46-60,Enugu,North Central,Corporate,20/02/2023,cancelled,Prepaid,Annual,Nova Hybrid Plus,Bundle,18000,45000MB,,657,,CARD,5G,,1.0,2.0
CUST01176,SUB01176,PROD002,2348011481545,Customer 1176,FEMALE,36-45,Port Harcourt,South East,premium ,2025-08-29,,Prepaid,No contract,Nova Unlimited Voice,Voice,12000,45000MB,1940.0,51,12000,CARD,4g,-999.0,,1.0
CUST01177,SUB01177,PROD004,2348058823878,Customer 1177,Male,60+,lagos,South West,,2022-12-05,Active,POSTPAID,Monthly,Nova SME Connect,Business,35000,,2707.0,180,35000,,5G,-86.0,1.0,2.0
CUST01178,SUB01178,PROD002,2348010865914,Customer 1178,,,Ibadan,South East,premium ,2025-07-31,Suspended,post paid,ANNUAL,Nova Unlimited Voice,Voice,12000,45000MB,424.0,483,,bank transfer,5G,-999.0,0.0,1.0
CUST01179,SUB01179,PROD003,2348044544421,Customer 1179,Male,26-35,portharcourt,South West,Basic,2023-01-02,Suspended,POSTPAID,Annual,Nova Hybrid Plus,Bundle,18000,45000MB,,266,,CARD,3G,-106.0,,5.0
CUST01180,SUB01180,PROD001,2348068352837, Customer 1180 ,Male,60+, Abuja ,South East,Standard,2023-01-17,Cancelled,POSTPAID,monthly,Nova Premium 5G,Data,25000,,,346,25000,Bank Transfer,4G,-99.0,5.0,5.0
CUST01181,SUB01181,PROD004,2348044329278,Customer 1181,,,lagos,North Central,Standard,2022-04-28,cancelled,Prepaid,Annual,Nova SME Connect,Business,35000,45000MB,3351.0,33,35000,Cash,5G,-999.0,1.0,1.0
CUST01182,SUB01182,PROD004,2348025581517,Customer 1182,female,18-25,LAGOS,North Central,premium ,2023-06-15,SUSPENDED,Postpaid,ANNUAL,Nova SME Connect,Business,35000,11833,589.0,24,,USSD,LTE,-999.0,1.0,1.0
CUST01183,SUB01183,PROD004,2348085266706,Customer 1183,Female,36-45,portharcourt,South South,Premium,2023-12-19,Cancelled,Postpaid,monthly,Nova SME Connect,Business,35000,45000MB,,382,35000,bank transfer,4g,,0.0,3.0
CUST01184,SUB01184,PROD005,2348017963039,Customer 1184,Female,18-25, Abuja ,North West,premium ,2024-02-15,Active,post paid,Annual,Nova Starter,Bundle,8000,45000MB,1910.0,740,8000,bank transfer,LTE,-999.0,,1.0
CUST01185,SUB01185,PROD003,2348041351435,Customer 1185,Male,60+, Abuja ,South South,Standard,2021-04-19,Active,Prepaid,Monthly,Nova Hybrid Plus,Bundle,18000,31138,,728,,bank transfer,3G,-999.0,2.0,4.0
CUST01186,SUB01186,PROD005,2348019769722,Customer 1186,Female,18-25,portharcourt,North West,STANDARD,2022-05-22,Suspended,Prepaid,ANNUAL,Nova Starter,Bundle,8000,45000MB,,282,8000,Cash,5G,-999.0,1.0,4.0
CUST01187,SUB01187,PROD005,2348051609415,Customer 1187,M,36-45,Ibadan,North Central,STANDARD,2021-10-08,cancelled,prepaid,Monthly,Nova Starter,Bundle,8000,32623,47.0,441,8000,USSD,3G,,2.0,2.0
CUST01188,SUB01188,PROD004,2348070149256,Customer 1188,F,46-60,,South South,Basic,2024-05-17,Cancelled,prepaid,ANNUAL,Nova SME Connect,Business,35000,45000MB,2673.0,533,35000,Card,5G,,2.0,2.0
CUST01189,SUB01189,PROD004,2348091056371,Customer 1189,Female,60+,portharcourt,South East,,2024-10-14,,Prepaid,Monthly,Nova SME Connect,Business,35000,45000MB,,121,35000,,4G,,,2.0
CUST01190,SUB01190,PROD004,2348072657378,Customer 1190,MALE,18-25,Ibadan,South East,Corporate,2022-01-02,Active,Postpaid,No contract,Nova SME Connect,Business,35000,33566,,656,35000,CARD,5G,,,1.0
CUST01191,SUB01191,PROD004,2348047815685,Customer 1191,Unknown,26-35,portharcourt,South West,Standard,2023-07-09,Actv,POSTPAID,No contract,Nova SME Connect,Business,35000,66870,659.0,327,35000,,3G,,1.0,4.0
CUST01192,SUB01192,PROD005,2348017790324,Customer 1192,Male,36-45,Enugu,South West,Basic,2024-05-02,cancelled,post paid,No contract,Nova Starter,Bundle,8000,89578,,419,8000,bank transfer,5G,-108.0,2.0,3.0
CUST01193,SUB01193,PROD005,2348090760728,Customer 1193,Male,18-25,portharcourt,North Central,Corporate,2025-04-06,active,Postpaid,monthly,Nova Starter,Bundle,8000,45000MB,1941.0,794,8000,bank transfer,5G,-81.0,5.0,2.0
CUST01194,SUB01194,PROD005,2348079426998,Customer 1194,Male,46-60,Port Harcourt,South West,STANDARD,2025-02-19,cancelled,POSTPAID,No contract,Nova Starter,Bundle,8000,2253,,722,8000,Card,4g,-999.0,1.0,4.0
CUST01195,SUB01195,PROD002,2348049565900,Customer 1195,Male,60+,portharcourt,South East,Basic,2023-07-31,,POSTPAID,Annual,Nova Unlimited Voice,Voice,12000,61475,2482.0,32,12000,USSD,5G,,2.0,5.0
CUST01196,SUB01196,PROD002,2348033314553,Customer 1196,m ,26-35,Abuja,South South,STANDARD,2021-01-25,SUSPENDED,Prepaid,Monthly,Nova Unlimited Voice,Voice,12000,45000MB,,593,,Bank Transfer,4G,-108.0,0.0,2.0
CUST01197,SUB01197,PROD003,2348015496576,Customer 1197,Female,,portharcourt,South West,,2022-07-15,Actv,post paid,Monthly,Nova Hybrid Plus,Bundle,18000,45000MB,,199,18000,CARD,,,0.0,5.0
CUST01198,SUB01198,PROD002,2348099510947,Customer 1198,Male,18-25,Port Harcourt,North Central,Corporate,2025-06-16,,prepaid,Annual,Nova Unlimited Voice,Voice,12000,45000MB,463.0,570,12000,USSD,,-999.0,5.0,3.0
CUST01199,SUB01199,PROD002,2348037794729,Customer 1199,male,,Ibadan,South South,,2022-10-04,SUSPENDED,Prepaid,Annual,Nova Unlimited Voice,Voice,12000,45000MB,2094.0,686,,Cash,5G,,,3.0
CUST01200,SUB01200,PROD002,2348016167108, Customer 1200 ,Unknown,36-45,Lagos,South West,Premium,29/04/2023,Suspended,prepaid,ANNUAL,Nova Unlimited Voice,Voice,12000,45000MB,1403.0,102,12000,CARD,4G,-62.0,5.0,1.0
CUST01201,SUB01201,PROD001,2348079111726,Customer 1201,Male,60+,lagos,South South,Standard,2024-11-13,active,POSTPAID,No contract,Nova Premium 5G,Data,25000,10183,2254.0,426,,USSD,4g,,5.0,3.0
CUST01202,SUB01202,PROD003,2348025955964,Customer 1202,Female,18-25,portharcourt,South East,STANDARD,2021-10-29,ACTIVE,prepaid,No contract,Nova Hybrid Plus,Bundle,18000,,2709.0,663,18000,Bank Transfer,4g,,,
CUST01203,SUB01203,PROD004,2348055943614,Customer 1203,F,18-25,Kano,South West,Standard,2021-05-08,active,Prepaid,monthly,Nova SME Connect,Business,35000,,,765,35000,Bank Transfer,LTE,-999.0,2.0,5.0
CUST01204,SUB01204,PROD001,2348016828905,Customer 1204,M,36-45,,South West,Basic,2021-09-16,Active,prepaid,Monthly,Nova Premium 5G,Data,25000,45000MB,,210,25000,Bank Transfer,,-52.0,0.0,5.0
CUST01205,SUB01205,PROD004,2348073393733,Customer 1205,F,36-45,Ibadan,North Central,Basic,2022-10-08,Actv,Prepaid,Annual,Nova SME Connect,Business,35000,45000MB,3642.0,153,,Cash,,-999.0,1.0,4.0
CUST01206,SUB01206,PROD004,2348038768870,Customer 1206,FEMALE,18-25,Abuja,North West,STANDARD,2021-10-30,Actv,post paid,Monthly,Nova SME Connect,Business,35000,,,318,35000,,,-76.0,2.0,3.0
CUST01207,SUB01207,PROD001,2348051488960,Customer 1207,Male,18-25,Ibadan,South East,Basic,2023-08-15,Actv,Postpaid,Monthly,Nova Premium 5G,Data,25000,45000MB,3969.0,647,25000,USSD,4G,-999.0,2.0,1.0
CUST01208,SUB01208,PROD005,2348065592933,Customer 1208,Male,,Enugu,South East,Standard,2024-12-21,active,Postpaid,monthly,Nova Starter,Bundle,8000,45000MB,,560,8000,Card,LTE,,0.0,2.0
CUST01209,SUB01209,PROD005,2348063949134,Customer 1209,F,26-35,Enugu,North Central,STANDARD,2023-01-21,active,Prepaid,monthly,Nova Starter,Bundle,8000,,1981.0,726,8000,Cash,3G,-63.0,2.0,1.0
CUST01210,SUB01210,PROD002,2348095744339,Customer 1210,Male,46-60,lagos,North Central,Basic,2021-05-02,Active,prepaid,No contract,Nova Unlimited Voice,Voice,12000,14832,2573.0,568,12000,bank transfer,5G,-999.0,2.0,2.0
CUST01211,SUB01211,PROD001,2348015420850,Customer 1211,Male,18-25,Lagos,South East,,2024-08-11,Suspended,post paid,Annual,Nova Premium 5G,Data,25000,45000MB,,764,25000,,LTE,-64.0,1.0,
CUST01212,SUB01212,PROD005,2348091822238,Customer 1212,,36-45,portharcourt,North West,STANDARD,2022-09-11,Cancelled,Postpaid,No contract,Nova Starter,Bundle,8000,8895,,93,,CARD,3G,-999.0,5.0,4.0
CUST01213,SUB01213,PROD003,2348068251675,Customer 1213,Female,60+,Ibadan,South West,premium ,2021-01-29,Active,POSTPAID,Monthly,Nova Hybrid Plus,Bundle,18000,,383.0,570,,CARD,4g,-62.0,2.0,4.0
CUST01214,SUB01214,PROD003,2348095440696,Customer 1214,female,, Abuja ,South South,Standard,2022-01-30,active,POSTPAID,monthly,Nova Hybrid Plus,Bundle,18000,,,558,18000,,,-999.0,2.0,1.0
CUST01215,SUB01215,PROD001,2348060344406,Customer 1215,Male,60+,Ibadan,South South,Standard,2025-03-19,Active,Prepaid,No contract,Nova Premium 5G,Data,25000,45000MB,418.0,241,25000,Bank Transfer,,-999.0,1.0,1.0
CUST01216,SUB01216,PROD001,2348045246790,Customer 1216,Male,,portharcourt,South East,STANDARD,2024-01-03,Active,prepaid,Monthly,Nova Premium 5G,Data,25000,58637,1961.0,61,25000,Bank Transfer,,,2.0,4.0
CUST01217,SUB01217,PROD002,2348081504437,Customer 1217,M,,Ibadan,North Central,Basic,2022-06-28,active,post paid,ANNUAL,Nova Unlimited Voice,Voice,12000,30037,,489,12000,Cash,LTE,,0.0,2.0
CUST01218,SUB01218,PROD003,2348055371595,Customer 1218,Male,,,South West,Corporate,2021-11-10,Active,prepaid,No contract,Nova Hybrid Plus,Bundle,18000,45000MB,,749,18000,Cash,5G,-999.0,5.0,5.0
CUST01219,SUB01219,PROD004,2348045363982,Customer 1219,Male,60+,lagos,South West,Corporate,2025-07-02,Actv,POSTPAID,monthly,Nova SME Connect,Business,35000,45000MB,,482,35000,Bank Transfer,4g,-71.0,,
CUST01220,SUB01220,PROD005,2348060278065, Customer 1220 ,Female,18-25, Abuja ,South West,Corporate,2022-01-22,ACTIVE,Prepaid,monthly,Nova Starter,Bundle,8000,,519.0,255,,,4G,,5.0,1.0
CUST01221,SUB01221,PROD001,2348043448683,Customer 1221,Male,,Lagos,North West,Standard,2025-12-02,active,POSTPAID,No contract,Nova Premium 5G,Data,25000,45000MB,,333,25000,Card,4g,-999.0,,4.0
CUST01222,SUB01222,PROD005,2348014879670,Customer 1222,Female,26-35,Lagos,North West,Basic,2025-06-22,Cancelled,POSTPAID,ANNUAL,Nova Starter,Bundle,8000,45000MB,,563,,bank transfer,5G,-99.0,1.0,5.0
CUST01223,SUB01223,PROD005,2348052306563,Customer 1223,Female,18-25,Kano,South South,Premium,2022-02-26,active,prepaid,No contract,Nova Starter,Bundle,8000,44191,3125.0,765,,Cash,,-100.0,,3.0
CUST01224,SUB01224,PROD001,2348068831916,Customer 1224,Male,18-25, Abuja ,South West,,2025-06-01,Active,prepaid,Monthly,Nova Premium 5G,Data,25000,,,503,25000,,LTE,-999.0,0.0,
CUST01225,SUB01225,PROD003,2348019452271,Customer 1225,F,60+,Port Harcourt,North West,Premium,07/04/2022,Active,Postpaid,monthly,Nova Hybrid Plus,Bundle,18000,,2061.0,799,,Cash,,,0.0,
CUST01226,SUB01226,PROD004,2348012373985,Customer 1226,F,26-35,Kano,North Central,premium ,2023-09-20,Active,post paid,monthly,Nova SME Connect,Business,35000,,1646.0,50,35000,bank transfer,3G,-91.0,5.0,1.0
CUST01227,SUB01227,PROD002,2348053864943,Customer 1227,,,portharcourt,South East,STANDARD,2021-07-13,,Prepaid,ANNUAL,Nova Unlimited Voice,Voice,12000,,,274,12000,Bank Transfer,4G,-84.0,2.0,3.0
CUST01228,SUB01228,PROD003,2348088761765,Customer 1228,Female,60+,Lagos,North West,Corporate,2024-05-28,Suspended,post paid,Monthly,Nova Hybrid Plus,Bundle,18000,45000MB,,316,18000,Card,3G,-91.0,1.0,
CUST01229,SUB01229,PROD005,2348013506747,Customer 1229,Male,18-25,Kano,North West,Premium,2023-04-11,Cancelled,POSTPAID,No contract,Nova Starter,Bundle,8000,66523,,452,8000,bank transfer,3G,,5.0,
CUST01230,SUB01230,PROD003,2348020973152,Customer 1230,MALE,18-25,Kano,North West,premium ,2023-12-01,Actv,Postpaid,ANNUAL,Nova Hybrid Plus,Bundle,18000,28063,3956.0,629,,Cash,,-103.0,0.0,4.0
CUST01231,SUB01231,PROD004,2348080375549,Customer 1231,Male,26-35,LAGOS,South East,Basic,2021-07-12,Active,post paid,No contract,Nova SME Connect,Business,35000,,1801.0,579,35000,Card,5G,,2.0,4.0
CUST01232,SUB01232,PROD001,2348016635881,Customer 1232,Female,46-60,Kano,South West,Basic,2023-03-10,active,post paid,monthly,Nova Premium 5G,Data,25000,87267,,388,25000,bank transfer,3G,-999.0,1.0,2.0
CUST01233,SUB01233,PROD002,2348036041483,Customer 1233,M,46-60,Port Harcourt,North Central,premium ,2023-05-14,active,prepaid,Annual,Nova Unlimited Voice,Voice,12000,,3897.0,22,12000,CARD,LTE,,0.0,1.0
CUST01234,SUB01234,PROD001,2348011892848,Customer 1234,Female,26-35,,South South,Standard,2022-03-07,active,Postpaid,ANNUAL,Nova Premium 5G,Data,25000,45000MB,,431,25000,CARD,4g,-999.0,,4.0
CUST01235,SUB01235,PROD004,2348035509897,Customer 1235,,26-35,lagos,South East,,2023-10-04,,Postpaid,No contract,Nova SME Connect,Business,35000,45000MB,,398,35000,USSD,3G,,,
CUST01236,SUB01236,PROD002,2348071530297,Customer 1236,M,46-60,lagos,North Central,,2023-09-01,Active,post paid,monthly,Nova Unlimited Voice,Voice,12000,45000MB,18.0,229,12000,Bank Transfer,4G,-99.0,2.0,2.0
CUST01237,SUB01237,PROD002,2348075903106,Customer 1237,Unknown,60+,LAGOS,South West,STANDARD,2025-09-08,Active,post paid,Monthly,Nova Unlimited Voice,Voice,12000,,1980.0,217,12000,CARD,4G,-91.0,1.0,4.0
CUST01238,SUB01238,PROD005,2348072011761,Customer 1238,,36-45,Port Harcourt,North West,STANDARD,2023-12-26,,Prepaid,monthly,Nova Starter,Bundle,8000,56179,180.0,189,8000,Card,3G,,0.0,4.0
CUST01239,SUB01239,PROD002,2348012489264,Customer 1239,Male,60+,Abuja,South South,Standard,2023-12-30,active,prepaid,ANNUAL,Nova Unlimited Voice,Voice,12000,,3638.0,443,,USSD,LTE,,0.0,5.0
CUST01240,SUB01240,PROD001,2348029128736, Customer 1240 ,Female,36-45,Enugu,South East,Corporate,2023-01-15,cancelled,Postpaid,No contract,Nova Premium 5G,Data,25000,30516,2410.0,166,25000,,,-999.0,0.0,3.0
CUST01241,SUB01241,PROD005,2348043446082,Customer 1241,MALE,36-45,portharcourt,South East,STANDARD,2025-08-31,active,post paid,ANNUAL,Nova Starter,Bundle,8000,9941,,430,8000,Cash,5G,-999.0,1.0,
CUST01242,SUB01242,PROD003,2348061204047,Customer 1242,,18-25,,North West,Basic,2021-08-13,Suspended,prepaid,No contract,Nova Hybrid Plus,Bundle,18000,15908,401.0,47,18000,Cash,3G,-999.0,1.0,2.0
CUST01243,SUB01243,PROD001,2348052123244,Customer 1243,Female,18-25,portharcourt,South South,Premium,2022-10-23,Cancelled,post paid,Monthly,Nova Premium 5G,Data,25000,45000MB,,613,,CARD,5G,-66.0,0.0,1.0
CUST01244,SUB01244,PROD001,2348096418100,Customer 1244,Female,18-25,LAGOS,South East,Premium,2024-01-29,,Prepaid,Annual,Nova Premium 5G,Data,25000,58254,,20,,CARD,LTE,-90.0,5.0,4.0
CUST01245,SUB01245,PROD005,2348091373654,Customer 1245,,46-60,,South East,STANDARD,2023-08-20,Suspended,Postpaid,ANNUAL,Nova Starter,Bundle,8000,,,128,8000,bank transfer,LTE,-56.0,,
CUST01246,SUB01246,PROD003,2348086445453,Customer 1246,F,26-35,Port Harcourt,South East,premium ,2022-05-30,,POSTPAID,monthly,Nova Hybrid Plus,Bundle,18000,45000MB,,475,18000,bank transfer,3G,-90.0,,
CUST01247,SUB01247,PROD002,2348085478791,Customer 1247,,36-45,Kano,South West,STANDARD,2024-07-17,Cancelled,prepaid,Monthly,Nova Unlimited Voice,Voice,12000,45000MB,3433.0,281,,Bank Transfer,3G,,2.0,4.0
CUST01248,SUB01248,PROD003,2348057249089,Customer 1248,female,18-25, Abuja ,North West,STANDARD,2023-11-05,active,prepaid,monthly,Nova Hybrid Plus,Bundle,18000,45000MB,,565,18000,CARD,4g,-999.0,,
CUST01249,SUB01249,PROD002,2348090987681,Customer 1249,Unknown,46-60,Kano,South South,STANDARD,2021-03-10,Suspended,Prepaid,Monthly,Nova Unlimited Voice,Voice,12000,45000MB,,325,,bank transfer,4g,-999.0,0.0,5.0
CUST01250,SUB01250,PROD003,2348011448287,Customer 1250,MALE,18-25,LAGOS,South East,premium ,30/11/2023,cancelled,Prepaid,ANNUAL,Nova Hybrid Plus,Bundle,18000,44036,,575,18000,,LTE,,5.0,
CUST01251,SUB01251,PROD003,2348030033596,Customer 1251,m ,26-35,Kano,South East,Standard,2024-09-07,Suspended,Prepaid,Monthly,Nova Hybrid Plus,Bundle,18000,,,247,,Bank Transfer,3G,-999.0,5.0,3.0
CUST01252,SUB01252,PROD005,2348044742077,Customer 1252,Female,18-25, Abuja ,North Central,STANDARD,2022-10-20,Active,Prepaid,ANNUAL,Nova Starter,Bundle,8000,28229,,178,,Card,5G,-78.0,2.0,2.0
CUST01253,SUB01253,PROD005,2348045019393,Customer 1253,,36-45,Kano,South South,STANDARD,2024-03-19,SUSPENDED,POSTPAID,Monthly,Nova Starter,Bundle,8000,56075,,396,8000,bank transfer,5G,-999.0,,2.0
CUST01254,SUB01254,PROD005,2348090101499,Customer 1254,Female,36-45,Abuja,South East,Basic,2022-03-10,Active,prepaid,Monthly,Nova Starter,Bundle,8000,45168,,253,8000,Card,4G,,5.0,
CUST01255,SUB01255,PROD001,2348079149770,Customer 1255,Male,, Abuja ,South West,Standard,2024-01-19,Active,POSTPAID,Monthly,Nova Premium 5G,Data,25000,29848,269.0,241,,Bank Transfer,4g,-83.0,5.0,2.0
CUST01256,SUB01256,PROD004,2348035415658,Customer 1256, f,36-45,Ibadan,South East,Corporate,2023-08-28,Active,Postpaid,ANNUAL,Nova SME Connect,Business,35000,1206,3928.0,188,,Cash,,-70.0,0.0,3.0
CUST01257,SUB01257,PROD002,2348070534742,Customer 1257,m ,18-25,,North Central,premium ,2022-01-24,Cancelled,POSTPAID,No contract,Nova Unlimited Voice,Voice,12000,45000MB,,375,12000,Cash,5G,-999.0,5.0,4.0
CUST01258,SUB01258,PROD001,2348015466761,Customer 1258,Female,,Enugu,South South,STANDARD,2022-05-30,Suspended,Postpaid,Monthly,Nova Premium 5G,Data,25000,,3051.0,281,25000,Card,4g,-94.0,1.0,2.0
CUST01259,SUB01259,PROD002,2348073993108,Customer 1259,Female,60+,Lagos,South South,STANDARD,2022-09-07,Active,Prepaid,monthly,Nova Unlimited Voice,Voice,12000,45000MB,,102,12000,USSD,4g,,5.0,
CUST01260,SUB01260,PROD004,2348087922737, Customer 1260 ,,26-35,,South South,Standard,2023-09-10,Cancelled,Prepaid,Annual,Nova SME Connect,Business,35000,71519,604.0,63,35000,USSD,LTE,,0.0,2.0
CUST01261,SUB01261,PROD002,2348061043809,Customer 1261,Male,46-60,Ibadan,North West,STANDARD,2022-09-22,,Prepaid,monthly,Nova Unlimited Voice,Voice,12000,,,282,,Cash,LTE,-61.0,5.0,1.0
CUST01262,SUB01262,PROD001,2348078882972,Customer 1262,Female,26-35,,North Central,STANDARD,2021-05-07,Suspended,POSTPAID,monthly,Nova Premium 5G,Data,25000,84267,,691,25000,bank transfer,LTE,-108.0,,4.0
CUST01263,SUB01263,PROD002,2348041192394,Customer 1263,Male,,Kano,South West,STANDARD,2021-02-17,Active,prepaid,Monthly,Nova Unlimited Voice,Voice,12000,45000MB,,547,12000,Bank Transfer,LTE,-999.0,5.0,1.0
CUST01264,SUB01264,PROD004,2348050099810,Customer 1264,M,18-25,,North West,Corporate,2021-06-06,Active,Postpaid,Monthly,Nova SME Connect,Business,35000,12698,2378.0,4,,Card,3G,-999.0,1.0,5.0
CUST01265,SUB01265,PROD002,2348063402520,Customer 1265,,18-25,lagos,South East,Premium,2023-06-18,active,prepaid,ANNUAL,Nova Unlimited Voice,Voice,12000,45000MB,,103,,CARD,4G,-67.0,2.0,
CUST01266,SUB01266,PROD001,2348085847338,Customer 1266,female,46-60, Abuja ,South West,,2022-07-04,,post paid,Annual,Nova Premium 5G,Data,25000,20240,1938.0,581,,,3G,,1.0,4.0
CUST01267,SUB01267,PROD002,2348076491132,Customer 1267,,18-25,LAGOS,South East,Premium,2024-05-04,Active,Prepaid,Annual,Nova Unlimited Voice,Voice,12000,36054,3390.0,524,12000,CARD,4g,-71.0,5.0,5.0
CUST01268,SUB01268,PROD002,2348050982656,Customer 1268,Female,26-35,Abuja,North West,Standard,2022-04-15,Cancelled,POSTPAID,No contract,Nova Unlimited Voice,Voice,12000,45000MB,764.0,762,12000,bank transfer,3G,-84.0,0.0,4.0
CUST01269,SUB01269,PROD004,2348092805968,Customer 1269,Male,26-35,Abuja,North West,Standard,2021-01-28,,Prepaid,ANNUAL,Nova SME Connect,Business,35000,,2726.0,533,35000,Card,3G,-999.0,2.0,4.0
CUST01270,SUB01270,PROD001,2348056277845,Customer 1270,,18-25,Port Harcourt,North Central,Premium,2023-10-27,Active,POSTPAID,Annual,Nova Premium 5G,Data,25000,27802,,415,25000,Bank Transfer,3G,-999.0,,5.0
CUST01271,SUB01271,PROD002,2348016420748,Customer 1271,Female,60+,portharcourt,South West,Corporate,2024-12-17,,POSTPAID,Annual,Nova Unlimited Voice,Voice,12000,45000MB,879.0,742,,,LTE,-100.0,,1.0
CUST01272,SUB01272,PROD003,2348077199993,Customer 1272,F,,LAGOS,South East,Corporate,2022-01-20,Actv,Prepaid,ANNUAL,Nova Hybrid Plus,Bundle,18000,,1321.0,166,,USSD,4g,,2.0,
CUST01273,SUB01273,PROD003,2348070107468,Customer 1273,Male,36-45,Kano,North West,,2022-07-11,Actv,prepaid,ANNUAL,Nova Hybrid Plus,Bundle,18000,30311,109.0,539,18000,CARD,4G,-999.0,2.0,5.0
CUST01274,SUB01274,PROD004,2348032144908,Customer 1274,female,46-60,LAGOS,South East,STANDARD,2024-01-03,active,prepaid,No contract,Nova SME Connect,Business,35000,45000MB,,673,35000,USSD,3G,,1.0,1.0
CUST01275,SUB01275,PROD001,2348085523309,Customer 1275,Unknown,26-35,Kano,North West,,13/02/2021,active,Prepaid,Annual,Nova Premium 5G,Data,25000,49769,,106,,Bank Transfer,,,2.0,1.0
CUST01276,SUB01276,PROD002,2348027527063,Customer 1276,,26-35,,North Central,premium ,2024-08-11,Active,post paid,monthly,Nova Unlimited Voice,Voice,12000,944,,179,12000,CARD,3G,,1.0,5.0
CUST01277,SUB01277,PROD003,2348089834160,Customer 1277,Female,18-25,Ibadan,South East,STANDARD,2021-11-22,ACTIVE,post paid,Annual,Nova Hybrid Plus,Bundle,18000,26130,2049.0,774,,Cash,3G,-91.0,5.0,5.0
CUST01278,SUB01278,PROD003,2348025811036,Customer 1278,Female,46-60,LAGOS,South East,STANDARD,2022-10-25,Cancelled,Postpaid,ANNUAL,Nova Hybrid Plus,Bundle,18000,,,270,18000,Bank Transfer,4G,-999.0,5.0,2.0
CUST01279,SUB01279,PROD001,2348096220419,Customer 1279,Male,60+,Lagos,North West,Standard,2023-09-01,cancelled,Postpaid,ANNUAL,Nova Premium 5G,Data,25000,79792,,535,,bank transfer,4G,-999.0,5.0,
CUST01280,SUB01280,PROD004,2348081980981, Customer 1280 ,Female,46-60,Port Harcourt,North West,,2025-07-08,,POSTPAID,monthly,Nova SME Connect,Business,35000,45000MB,,93,35000,CARD,4G,-60.0,5.0,1.0
CUST01281,SUB01281,PROD004,2348030093380,Customer 1281,Male,26-35,portharcourt,South South,Basic,2022-09-20,active,POSTPAID,Monthly,Nova SME Connect,Business,35000,11312,384.0,398,35000,CARD,,-109.0,0.0,4.0
CUST01282,SUB01282,PROD003,2348078318882,Customer 1282,,36-45,Lagos,South South,Basic,2021-09-25,Actv,post paid,Annual,Nova Hybrid Plus,Bundle,18000,63439,1439.0,502,,Bank Transfer,LTE,,1.0,
CUST01283,SUB01283,PROD005,2348027850055,Customer 1283,Male,26-35,Abuja,South East,Standard,2022-09-22,,Postpaid,monthly,Nova Starter,Bundle,8000,63953,2187.0,167,,Card,,-68.0,,1.0
CUST01284,SUB01284,PROD003,2348063033608,Customer 1284,Female,26-35,lagos,South East,Basic,2022-08-29,active,prepaid,No contract,Nova Hybrid Plus,Bundle,18000,,,261,18000,Cash,4g,-999.0,5.0,5.0
CUST01285,SUB01285,PROD003,2348056428762,Customer 1285,Male,26-35,Port Harcourt,South West,Basic,2023-09-03,,Postpaid,monthly,Nova Hybrid Plus,Bundle,18000,15954,1493.0,171,18000,Card,3G,-999.0,2.0,5.0
CUST01286,SUB01286,PROD002,2348086931478,Customer 1286,M,36-45,Enugu,South West,Basic,2022-03-12,SUSPENDED,post paid,No contract,Nova Unlimited Voice,Voice,12000,67220,,204,12000,bank transfer,5G,-63.0,2.0,2.0
CUST01287,SUB01287,PROD001,2348015042715,Customer 1287,,26-35,portharcourt,North West,Premium,2024-12-05,Cancelled,POSTPAID,Monthly,Nova Premium 5G,Data,25000,69311,3809.0,191,25000,bank transfer,LTE,-98.0,5.0,5.0
CUST01288,SUB01288,PROD002,2348047460599,Customer 1288,Male,,Enugu,North West,premium ,2025-08-09,Cancelled,prepaid,Annual,Nova Unlimited Voice,Voice,12000,,,302,12000,CARD,4G,,,
CUST01289,SUB01289,PROD005,2348067992449,Customer 1289,Male,26-35,Lagos,North Central,Basic,2022-11-04,Cancelled,POSTPAID,monthly,Nova Starter,Bundle,8000,19064,1444.0,461,8000,,,-79.0,0.0,4.0
CUST01290,SUB01290,PROD005,2348047722981,Customer 1290,,60+,lagos,South West,,2021-10-11,Active,POSTPAID,Annual,Nova Starter,Bundle,8000,45000MB,,748,,bank transfer,5G,,1.0,4.0
CUST01291,SUB01291,PROD005,2348024994119,Customer 1291,,18-25,Abuja,North Central,premium ,2025-06-18,Active,prepaid,ANNUAL,Nova Starter,Bundle,8000,,1244.0,348,8000,Bank Transfer,LTE,-999.0,5.0,
CUST01292,SUB01292,PROD001,2348060350437,Customer 1292,,36-45,Kano,South South,premium ,2025-09-30,Active,prepaid,No contract,Nova Premium 5G,Data,25000,51760,3241.0,269,,Cash,5G,,0.0,
CUST01293,SUB01293,PROD001,2348013012513,Customer 1293,,46-60,Abuja,South West,Premium,2023-05-22,cancelled,prepaid,monthly,Nova Premium 5G,Data,25000,,603.0,453,25000,Bank Transfer,5G,-75.0,0.0,2.0
CUST01294,SUB01294,PROD003,2348097277790,Customer 1294,Male,26-35,Lagos,North Central,Premium,2025-02-09,Suspended,Prepaid,monthly,Nova Hybrid Plus,Bundle,18000,45000MB,,145,,Card,4G,,0.0,3.0
CUST01295,SUB01295,PROD004,2348060949541,Customer 1295,F,26-35,portharcourt,South South,,2021-12-14,active,Prepaid,Annual,Nova SME Connect,Business,35000,78689,253.0,262,35000,CARD,3G,-58.0,0.0,
CUST01296,SUB01296,PROD003,2348027219743,Customer 1296,FEMALE,36-45,LAGOS,South South,Corporate,2025-10-23,active,Postpaid,ANNUAL,Nova Hybrid Plus,Bundle,18000,67958,666.0,734,,,3G,,5.0,4.0
CUST01297,SUB01297,PROD001,2348045500476,Customer 1297,m ,60+,portharcourt,North Central,,2023-07-02,Active,POSTPAID,monthly,Nova Premium 5G,Data,25000,,3103.0,452,25000,bank transfer,5G,-71.0,2.0,5.0
CUST01298,SUB01298,PROD003,2348098805092,Customer 1298,female,26-35,Lagos,North Central,Basic,2021-06-22,active,Postpaid,monthly,Nova Hybrid Plus,Bundle,18000,45000MB,,315,18000,CARD,5G,-80.0,1.0,2.0
CUST01299,SUB01299,PROD004,2348077895715,Customer 1299,Male,,lagos,South South,Basic,2024-08-29,cancelled,Postpaid,monthly,Nova SME Connect,Business,35000,16760,1568.0,524,35000,CARD,LTE,-999.0,5.0,4.0
CUST01300,SUB01300,PROD002,2348092195483, Customer 1300 , f,46-60,Ibadan,North West,Basic,09/03/2024,cancelled,post paid,ANNUAL,Nova Unlimited Voice,Voice,12000,48147,,121,,Card,3G,,,2.0
CUST01301,SUB01301,PROD005,2348070389745,Customer 1301,Male,36-45, Abuja ,South West,Corporate,2024-12-06,ACTIVE,prepaid,monthly,Nova Starter,Bundle,8000,,,198,8000,bank transfer,LTE,,5.0,3.0
CUST01302,SUB01302,PROD002,2348061053748,Customer 1302,Male,46-60,Abuja,South West,,2025-11-09,Active,POSTPAID,No contract,Nova Unlimited Voice,Voice,12000,,3993.0,495,12000,bank transfer,,-999.0,0.0,1.0
CUST01303,SUB01303,PROD001,2348015670648,Customer 1303,Male,46-60,Enugu,South South,Standard,2025-07-16,Active,post paid,No contract,Nova Premium 5G,Data,25000,,,312,,Bank Transfer,,,5.0,1.0
CUST01304,SUB01304,PROD005,2348041937471,Customer 1304,Male,36-45,Kano,South West,Standard,2023-08-22,Suspended,post paid,Monthly,Nova Starter,Bundle,8000,30221,3346.0,473,,Bank Transfer,4g,-89.0,1.0,1.0
CUST01305,SUB01305,PROD005,2348080614883,Customer 1305,Male,,Ibadan,North Central,STANDARD,2022-09-02,ACTIVE,Prepaid,ANNUAL,Nova Starter,Bundle,8000,35815,2445.0,231,,,LTE,-70.0,5.0,
CUST01306,SUB01306,PROD005,2348031834882,Customer 1306,Female,18-25,Abuja,North West,premium ,2025-05-10,Actv,prepaid,monthly,Nova Starter,Bundle,8000,45407,3900.0,534,,Cash,4g,-999.0,5.0,
CUST01307,SUB01307,PROD001,2348039855235,Customer 1307,Female,60+,lagos,South West,STANDARD,2021-05-01,Active,post paid,monthly,Nova Premium 5G,Data,25000,66253,2120.0,668,25000,bank transfer,,-999.0,0.0,1.0
CUST01308,SUB01308,PROD001,2348013885424,Customer 1308, f,46-60,LAGOS,South West,,2023-06-03,Active,POSTPAID,Annual,Nova Premium 5G,Data,25000,45000MB,3218.0,572,25000,Cash,LTE,-66.0,1.0,4.0
CUST01309,SUB01309,PROD002,2348074845749,Customer 1309,Female,46-60,lagos,North West,Basic,2022-05-11,ACTIVE,Prepaid,No contract,Nova Unlimited Voice,Voice,12000,45000MB,1434.0,31,12000,Bank Transfer,4g,-90.0,1.0,2.0
CUST01310,SUB01310,PROD002,2348097966218,Customer 1310,male,18-25,Port Harcourt,South East,Corporate,2023-09-08,Suspended,prepaid,ANNUAL,Nova Unlimited Voice,Voice,12000,52277,3395.0,253,12000,bank transfer,LTE,-999.0,1.0,3.0
CUST01311,SUB01311,PROD001,2348097380890,Customer 1311,Male,60+,Lagos,North West,Corporate,2025-02-23,Suspended,Prepaid,monthly,Nova Premium 5G,Data,25000,45000MB,2931.0,202,,CARD,LTE,-105.0,1.0,1.0
CUST01312,SUB01312,PROD005,2348074998697,Customer 1312,F,60+,portharcourt,South East,Corporate,2022-06-01,Cancelled,Postpaid,No contract,Nova Starter,Bundle,8000,3891,,396,8000,Card,,-999.0,0.0,3.0
CUST01313,SUB01313,PROD004,2348047724008,Customer 1313,,46-60,Abuja,South South,Standard,2024-09-08,cancelled,Postpaid,monthly,Nova SME Connect,Business,35000,,3421.0,210,35000,bank transfer,,-60.0,2.0,
CUST01314,SUB01314,PROD005,2348070661908,Customer 1314,FEMALE,18-25,Lagos,North West,Basic,2021-04-27,Active,post paid,No contract,Nova Starter,Bundle,8000,,1740.0,363,8000,USSD,4g,-94.0,2.0,4.0
CUST01315,SUB01315,PROD002,2348060265192,Customer 1315,Female,36-45,Ibadan,North Central,Premium,2023-04-08,Suspended,prepaid,No contract,Nova Unlimited Voice,Voice,12000,,957.0,629,,Bank Transfer,LTE,,2.0,1.0
CUST01316,SUB01316,PROD003,2348032354795,Customer 1316,Male,18-25,LAGOS,North West,Standard,2021-02-12,Suspended,prepaid,ANNUAL,Nova Hybrid Plus,Bundle,18000,36465,,682,18000,Cash,LTE,-999.0,5.0,5.0
CUST01317,SUB01317,PROD004,2348052757465,Customer 1317,M,36-45,Enugu,North Central,premium ,2021-02-13,Active,Prepaid,Annual,Nova SME Connect,Business,35000,,,159,35000,Cash,5G,,5.0,2.0
CUST01318,SUB01318,PROD003,2348091667553,Customer 1318,m ,46-60,LAGOS,South West,Standard,2023-09-23,SUSPENDED,prepaid,No contract,Nova Hybrid Plus,Bundle,18000,45000MB,,617,,,5G,,,3.0
CUST01319,SUB01319,PROD004,2348061881630,Customer 1319,Female,,LAGOS,North Central,Premium,2022-01-17,SUSPENDED,Prepaid,No contract,Nova SME Connect,Business,35000,45000MB,,675,,bank transfer,5G,-999.0,1.0,
CUST01320,SUB01320,PROD003,2348043035574, Customer 1320 ,Male,60+,Ibadan,South East,Corporate,2022-08-13,ACTIVE,Prepaid,monthly,Nova Hybrid Plus,Bundle,18000,45000MB,,666,,bank transfer,LTE,-999.0,,1.0
CUST01321,SUB01321,PROD003,2348059927516,Customer 1321,F,60+,LAGOS,North Central,Basic,2025-03-06,,post paid,Annual,Nova Hybrid Plus,Bundle,18000,,,479,18000,Cash,,,1.0,1.0
CUST01322,SUB01322,PROD004,2348054289199,Customer 1322,,,portharcourt,South East,Corporate,2024-06-28,active,Prepaid,monthly,Nova SME Connect,Business,35000,45000MB,,780,35000,bank transfer,4g,-999.0,,3.0
CUST01323,SUB01323,PROD004,2348028540991,Customer 1323,MALE,60+,LAGOS,South East,Premium,2024-04-13,Cancelled,post paid,No contract,Nova SME Connect,Business,35000,,,550,,USSD,LTE,-999.0,2.0,4.0
CUST01324,SUB01324,PROD005,2348069183387,Customer 1324,female,36-45,Kano,South South,Corporate,2022-04-15,active,prepaid,No contract,Nova Starter,Bundle,8000,21445,2556.0,549,8000,bank transfer,4g,-999.0,,2.0
CUST01325,SUB01325,PROD003,2348025154294,Customer 1325,female,26-35,Enugu,South East,,04/07/2025,cancelled,Prepaid,ANNUAL,Nova Hybrid Plus,Bundle,18000,,,323,,CARD,4G,-999.0,5.0,3.0
CUST01326,SUB01326,PROD002,2348088937321,Customer 1326,female,, Abuja ,South South,Premium,2023-08-02,active,prepaid,Monthly,Nova Unlimited Voice,Voice,12000,,3481.0,693,12000,Bank Transfer,,-87.0,0.0,
CUST01327,SUB01327,PROD005,2348020818647,Customer 1327,female,18-25, Abuja ,North Central,Premium,2022-07-07,Cancelled,Prepaid,Annual,Nova Starter,Bundle,8000,45000MB,788.0,171,,bank transfer,LTE,,5.0,5.0
CUST01328,SUB01328,PROD002,2348099134534,Customer 1328,Male,26-35,Abuja,South West,Standard,2025-07-17,cancelled,prepaid,Monthly,Nova Unlimited Voice,Voice,12000,45000MB,3769.0,229,12000,USSD,4g,-999.0,1.0,1.0
CUST01329,SUB01329,PROD002,2348064853550,Customer 1329,MALE,,Kano,North Central,Standard,2023-09-02,ACTIVE,Prepaid,Annual,Nova Unlimited Voice,Voice,12000,,,5,,USSD,4g,-999.0,2.0,5.0
CUST01330,SUB01330,PROD005,2348037816980,Customer 1330,Male,18-25,Port Harcourt,South South,Premium,2022-11-24,ACTIVE,POSTPAID,ANNUAL,Nova Starter,Bundle,8000,10766,1225.0,692,8000,Card,LTE,-84.0,2.0,5.0
CUST01331,SUB01331,PROD005,2348049328343,Customer 1331,M,26-35,LAGOS,South South,Corporate,2021-08-22,Actv,POSTPAID,Annual,Nova Starter,Bundle,8000,45000MB,3160.0,230,8000,bank transfer,3G,-999.0,,4.0
CUST01332,SUB01332,PROD003,2348079496366,Customer 1332,M,,LAGOS,North West,Premium,2022-06-06,cancelled,POSTPAID,ANNUAL,Nova Hybrid Plus,Bundle,18000,,155.0,749,,USSD,LTE,-102.0,0.0,3.0
CUST01333,SUB01333,PROD002,2348034082871,Customer 1333,F,18-25,Ibadan,South East,,2025-07-23,,POSTPAID,Monthly,Nova Unlimited Voice,Voice,12000,15222,,537,,USSD,5G,-52.0,2.0,2.0
CUST01334,SUB01334,PROD002,2348048874238,Customer 1334,Female,18-25,,North West,,2022-02-27,active,Postpaid,No contract,Nova Unlimited Voice,Voice,12000,45000MB,265.0,214,12000,USSD,LTE,,0.0,3.0
CUST01335,SUB01335,PROD005,2348011374555,Customer 1335,Unknown,36-45,Abuja,North West,Standard,2024-06-14,,Postpaid,ANNUAL,Nova Starter,Bundle,8000,50628,1868.0,163,8000,CARD,LTE,-999.0,,3.0
CUST01336,SUB01336,PROD001,2348095711612,Customer 1336,Male,60+,Kano,North West,Premium,2022-09-16,cancelled,POSTPAID,Annual,Nova Premium 5G,Data,25000,,378.0,336,25000,USSD,,-82.0,2.0,4.0
CUST01337,SUB01337,PROD004,2348083999511,Customer 1337,Female,26-35,portharcourt,North Central,Standard,2021-03-31,active,prepaid,ANNUAL,Nova SME Connect,Business,35000,4510,,763,35000,USSD,,-102.0,2.0,
CUST01338,SUB01338,PROD004,2348091131564,Customer 1338,Male,,,South South,,2022-09-02,active,prepaid,monthly,Nova SME Connect,Business,35000,,1488.0,152,35000,Cash,4g,-999.0,5.0,1.0
CUST01339,SUB01339,PROD002,2348093614513,Customer 1339,,36-45,,South South,Corporate,2025-04-09,Actv,POSTPAID,monthly,Nova Unlimited Voice,Voice,12000,23535,3612.0,514,12000,CARD,LTE,-999.0,1.0,3.0
CUST01340,SUB01340,PROD002,2348085118642, Customer 1340 ,male,60+,Ibadan,South South,Premium,2024-07-15,Actv,Prepaid,Monthly,Nova Unlimited Voice,Voice,12000,,,353,12000,,3G,-999.0,5.0,3.0
CUST01341,SUB01341,PROD004,2348056711609,Customer 1341,F,60+,Port Harcourt,North Central,Corporate,2021-03-29,cancelled,POSTPAID,No contract,Nova SME Connect,Business,35000,,,66,35000,Card,5G,-999.0,5.0,4.0
CUST01342,SUB01342,PROD003,2348051643019,Customer 1342,FEMALE,26-35,Lagos,South East,,2025-04-19,Actv,POSTPAID,Monthly,Nova Hybrid Plus,Bundle,18000,,2228.0,206,18000,USSD,,-999.0,1.0,1.0
CUST01343,SUB01343,PROD003,2348084356907,Customer 1343,Female,18-25,Kano,South West,Basic,2022-03-03,Actv,Postpaid,monthly,Nova Hybrid Plus,Bundle,18000,45000MB,,748,,,4G,-999.0,1.0,3.0
CUST01344,SUB01344,PROD003,2348065990961,Customer 1344,M,,Ibadan,North West,Basic,2025-02-16,Suspended,post paid,Monthly,Nova Hybrid Plus,Bundle,18000,45000MB,,350,18000,,4G,-63.0,1.0,4.0
CUST01345,SUB01345,PROD001,2348044763456,Customer 1345,Female,60+,LAGOS,North West,STANDARD,2023-09-02,cancelled,prepaid,Monthly,Nova Premium 5G,Data,25000,45000MB,904.0,18,25000,bank transfer,3G,-58.0,0.0,1.0
CUST01346,SUB01346,PROD004,2348057429123,Customer 1346,Male,60+,Lagos,South West,Corporate,2025-05-03,Active,Prepaid,monthly,Nova SME Connect,Business,35000,45000MB,3203.0,500,,CARD,4g,,1.0,4.0
CUST01347,SUB01347,PROD003,2348061985025,Customer 1347,Female,,Enugu,South West,STANDARD,2022-11-24,cancelled,Postpaid,ANNUAL,Nova Hybrid Plus,Bundle,18000,45000MB,3224.0,341,,Cash,4g,-999.0,1.0,1.0
CUST01348,SUB01348,PROD004,2348033956817,Customer 1348,,26-35,portharcourt,South South,premium ,2021-09-20,Active,Postpaid,Monthly,Nova SME Connect,Business,35000,79765,,683,35000,USSD,5G,-999.0,0.0,2.0
CUST01349,SUB01349,PROD001,2348034400264,Customer 1349,Female,,,North Central,Corporate,2021-05-17,ACTIVE,prepaid,Annual,Nova Premium 5G,Data,25000,,,485,,CARD,4g,-77.0,2.0,1.0
CUST01350,SUB01350,PROD003,2348027007183,Customer 1350,Male,36-45,Abuja,North West,Standard,17/10/2023,Cancelled,POSTPAID,Annual,Nova Hybrid Plus,Bundle,18000,74094,2070.0,544,18000,USSD,4G,-102.0,,1.0
CUST01351,SUB01351,PROD001,2348089734353,Customer 1351,Male,60+,Enugu,South West,Premium,2021-02-12,,Prepaid,Monthly,Nova Premium 5G,Data,25000,14918,2734.0,114,25000,Bank Transfer,4g,-999.0,0.0,1.0
CUST01352,SUB01352,PROD002,2348052405354,Customer 1352,Male,26-35,portharcourt,North West,,2024-12-17,cancelled,prepaid,Monthly,Nova Unlimited Voice,Voice,12000,,,377,12000,CARD,LTE,,,5.0
CUST01353,SUB01353,PROD001,2348096122421,Customer 1353,Male,26-35,lagos,North West,premium ,2025-10-23,ACTIVE,prepaid,ANNUAL,Nova Premium 5G,Data,25000,,,91,25000,Card,,-108.0,5.0,4.0
CUST01354,SUB01354,PROD004,2348052498923,Customer 1354,Male,,lagos,North Central,,2024-02-22,Cancelled,POSTPAID,monthly,Nova SME Connect,Business,35000,,,193,35000,Bank Transfer,4G,-68.0,0.0,5.0
CUST01355,SUB01355,PROD004,2348090298396,Customer 1355,Female,36-45,Abuja,South West,Basic,2023-03-26,Actv,POSTPAID,ANNUAL,Nova SME Connect,Business,35000,,2407.0,164,35000,Cash,4G,,1.0,4.0
CUST01356,SUB01356,PROD003,2348062512556,Customer 1356,Female,18-25,,South South,,2025-03-01,active,prepaid,monthly,Nova Hybrid Plus,Bundle,18000,,,16,,Bank Transfer,5G,-999.0,2.0,5.0
CUST01357,SUB01357,PROD005,2348077422234,Customer 1357,,46-60,Kano,South South,premium ,2024-06-09,Active,POSTPAID,ANNUAL,Nova Starter,Bundle,8000,,302.0,490,8000,Bank Transfer,3G,,0.0,4.0
CUST01358,SUB01358,PROD005,2348021583137,Customer 1358,female,18-25,lagos,South West,STANDARD,2025-07-20,Suspended,post paid,monthly,Nova Starter,Bundle,8000,19380,3155.0,558,8000,Card,3G,,5.0,4.0
CUST01359,SUB01359,PROD004,2348095441975,Customer 1359,Female,36-45,Lagos,South West,Basic,2021-12-14,active,post paid,Monthly,Nova SME Connect,Business,35000,45000MB,1319.0,393,35000,USSD,5G,,2.0,
CUST01360,SUB01360,PROD001,2348083780769, Customer 1360 ,FEMALE,,portharcourt,North West,STANDARD,2023-07-16,Active,POSTPAID,No contract,Nova Premium 5G,Data,25000,22898,,14,25000,bank transfer,LTE,-110.0,,4.0
CUST01361,SUB01361,PROD002,2348029772623,Customer 1361,m ,18-25,LAGOS,South West,,2025-05-15,Suspended,Postpaid,No contract,Nova Unlimited Voice,Voice,12000,45000MB,792.0,101,12000,,,-999.0,0.0,3.0
CUST01362,SUB01362,PROD003,2348025858787,Customer 1362,,,lagos,North West,Corporate,2023-07-12,active,POSTPAID,ANNUAL,Nova Hybrid Plus,Bundle,18000,,,136,18000,Card,4g,-95.0,1.0,4.0
CUST01363,SUB01363,PROD004,2348054018280,Customer 1363,,26-35,Enugu,North Central,Standard,2021-08-21,Active,prepaid,ANNUAL,Nova SME Connect,Business,35000,45000MB,1524.0,471,,Card,4G,-999.0,2.0,
CUST01364,SUB01364,PROD005,2348073180998,Customer 1364,female,60+,Enugu,South West,Premium,2023-11-13,Cancelled,post paid,monthly,Nova Starter,Bundle,8000,45000MB,,112,8000,USSD,4G,-999.0,2.0,
CUST01365,SUB01365,PROD002,2348085316686,Customer 1365,Male,,LAGOS,South South,premium ,2021-08-31,active,Postpaid,Monthly,Nova Unlimited Voice,Voice,12000,45000MB,2994.0,427,12000,Card,5G,-51.0,2.0,1.0
CUST01366,SUB01366,PROD003,2348096446783,Customer 1366,Male,36-45,Lagos,North West,Standard,2025-03-15,cancelled,POSTPAID,No contract,Nova Hybrid Plus,Bundle,18000,31031,2087.0,704,,,LTE,-72.0,2.0,3.0
CUST01367,SUB01367,PROD002,2348076297442,Customer 1367,Female,36-45,Kano,South East,Corporate,2022-06-15,Active,Prepaid,ANNUAL,Nova Unlimited Voice,Voice,12000,45000MB,,724,12000,Card,4G,-999.0,1.0,3.0
CUST01368,SUB01368,PROD002,2348039027872,Customer 1368,MALE,18-25,Lagos,North Central,STANDARD,2025-11-15,Active,Prepaid,monthly,Nova Unlimited Voice,Voice,12000,14245,,162,12000,Cash,5G,-62.0,1.0,5.0
CUST01369,SUB01369,PROD003,2348014947518,Customer 1369,Female,18-25,Lagos,North Central,Basic,2024-04-07,active,post paid,monthly,Nova Hybrid Plus,Bundle,18000,45000MB,,156,18000,USSD,4g,-63.0,2.0,3.0
CUST01370,SUB01370,PROD003,2348075434346,Customer 1370,male,46-60,LAGOS,North Central,Premium,2024-02-18,Active,post paid,Monthly,Nova Hybrid Plus,Bundle,18000,,3163.0,171,18000,Card,,-999.0,2.0,5.0
CUST01371,SUB01371,PROD001,2348095464237,Customer 1371,,26-35,Lagos,South South,Corporate,2022-05-31,Suspended,Prepaid,monthly,Nova Premium 5G,Data,25000,45000MB,2345.0,158,25000,bank transfer,4G,-999.0,0.0,2.0
CUST01372,SUB01372,PROD004,2348025923524,Customer 1372,MALE,,Lagos,South South,,2024-01-02,cancelled,POSTPAID,monthly,Nova SME Connect,Business,35000,76523,2411.0,209,35000,Card,4g,-999.0,1.0,2.0
CUST01373,SUB01373,PROD004,2348033528231,Customer 1373,Male,26-35,Enugu,South South,,2022-10-23,Suspended,POSTPAID,monthly,Nova SME Connect,Business,35000,,,650,,Bank Transfer,5G,-999.0,5.0,
CUST01374,SUB01374,PROD003,2348047206825,Customer 1374,female,60+,Port Harcourt,South South,premium ,2022-01-15,Active,POSTPAID,Monthly,Nova Hybrid Plus,Bundle,18000,45000MB,,198,18000,Cash,LTE,,5.0,4.0
CUST01375,SUB01375,PROD005,2348096526498,Customer 1375,Male,36-45,Kano,South West,Corporate,01/10/2023,,POSTPAID,No contract,Nova Starter,Bundle,8000,,3874.0,292,,USSD,4g,-999.0,5.0,1.0
CUST01376,SUB01376,PROD005,2348092161021,Customer 1376,Male,36-45,portharcourt,North Central,premium ,2022-03-20,Cancelled,Prepaid,Annual,Nova Starter,Bundle,8000,45000MB,,429,8000,USSD,4G,,0.0,2.0
CUST01377,SUB01377,PROD001,2348059955477,Customer 1377,F,,Kano,North Central,STANDARD,2021-09-18,,post paid,No contract,Nova Premium 5G,Data,25000,8742,,750,,bank transfer,,-54.0,5.0,5.0
CUST01378,SUB01378,PROD004,2348093336926,Customer 1378,Male,36-45,Port Harcourt,South East,Standard,2024-04-14,SUSPENDED,Postpaid,Monthly,Nova SME Connect,Business,35000,39183,,270,35000,Bank Transfer,LTE,,,1.0
CUST01379,SUB01379,PROD002,2348086863164,Customer 1379,FEMALE,36-45,lagos,South South,Standard,2024-11-05,Active,POSTPAID,Monthly,Nova Unlimited Voice,Voice,12000,45000MB,,275,12000,USSD,4G,-999.0,,4.0
CUST01380,SUB01380,PROD004,2348039869845, Customer 1380 , f,46-60, Abuja ,South East,STANDARD,2022-04-07,Cancelled,POSTPAID,Monthly,Nova SME Connect,Business,35000,1273,1301.0,576,35000,USSD,4g,,,2.0
CUST01381,SUB01381,PROD004,2348019273535,Customer 1381,Male,26-35,Ibadan,South East,Standard,2025-10-06,Active,Prepaid,monthly,Nova SME Connect,Business,35000,,3937.0,428,,Cash,,-999.0,1.0,5.0
CUST01382,SUB01382,PROD002,2348044821128,Customer 1382,female,26-35,Kano,North West,Premium,2022-07-06,cancelled,POSTPAID,No contract,Nova Unlimited Voice,Voice,12000,,2471.0,32,12000,Bank Transfer,5G,-999.0,,5.0
CUST01383,SUB01383,PROD001,2348056705880,Customer 1383,Female,,portharcourt,North Central,premium ,2025-05-15,active,prepaid,Monthly,Nova Premium 5G,Data,25000,45000MB,1966.0,665,25000,CARD,4g,-999.0,5.0,3.0
CUST01384,SUB01384,PROD003,2348033854564,Customer 1384,Female,60+,Kano,North West,Corporate,2021-12-24,ACTIVE,Prepaid,Annual,Nova Hybrid Plus,Bundle,18000,58469,3043.0,241,,USSD,3G,-999.0,1.0,
CUST01385,SUB01385,PROD005,2348034726027,Customer 1385,MALE,36-45,Port Harcourt,South East,Premium,2023-09-13,Cancelled,prepaid,No contract,Nova Starter,Bundle,8000,45000MB,,677,8000,bank transfer,4g,,5.0,5.0
CUST01386,SUB01386,PROD002,2348090941710,Customer 1386,Male,36-45,Ibadan,South West,,2021-03-31,active,post paid,Annual,Nova Unlimited Voice,Voice,12000,2445,,743,12000,Cash,4G,-86.0,5.0,3.0
CUST01387,SUB01387,PROD003,2348024923097,Customer 1387, f,26-35,portharcourt,North Central,premium ,2023-06-12,Cancelled,post paid,Monthly,Nova Hybrid Plus,Bundle,18000,45000MB,3276.0,360,,bank transfer,3G,,,4.0
CUST01388,SUB01388,PROD003,2348043720915,Customer 1388,Male,60+,Ibadan,North West,STANDARD,2024-01-03,Active,POSTPAID,Annual,Nova Hybrid Plus,Bundle,18000,,,396,18000,Cash,4G,,5.0,
CUST01389,SUB01389,PROD002,2348079020113,Customer 1389,Unknown,26-35,Lagos,North Central,Standard,2025-07-30,ACTIVE,POSTPAID,No contract,Nova Unlimited Voice,Voice,12000,74581,53.0,570,12000,bank transfer,,-999.0,,4.0
CUST01390,SUB01390,PROD004,2348022898173,Customer 1390,F,,LAGOS,North West,STANDARD,2021-05-17,Cancelled,Prepaid,No contract,Nova SME Connect,Business,35000,45000MB,2675.0,5,,CARD,3G,,5.0,2.0
CUST01391,SUB01391,PROD001,2348038790467,Customer 1391,M,,,South East,Standard,2021-02-25,Active,Postpaid,Monthly,Nova Premium 5G,Data,25000,45000MB,1442.0,161,25000,bank transfer,4G,,1.0,
CUST01392,SUB01392,PROD002,2348070172368,Customer 1392,,,Enugu,North Central,STANDARD,2024-02-08,Active,POSTPAID,ANNUAL,Nova Unlimited Voice,Voice,12000,21931,809.0,19,12000,USSD,LTE,,,4.0
CUST01393,SUB01393,PROD004,2348025742930,Customer 1393,,46-60, Abuja ,South East,,2024-06-22,cancelled,Prepaid,Annual,Nova SME Connect,Business,35000,,1842.0,216,35000,Bank Transfer,4G,,1.0,3.0
CUST01394,SUB01394,PROD003,2348056435567,Customer 1394,Female,46-60,Port Harcourt,South South,premium ,2022-01-07,ACTIVE,post paid,monthly,Nova Hybrid Plus,Bundle,18000,55461,1357.0,641,18000,CARD,5G,,5.0,4.0
CUST01395,SUB01395,PROD001,2348026731441,Customer 1395,Male,,Enugu,North West,,2022-02-12,active,prepaid,ANNUAL,Nova Premium 5G,Data,25000,85271,,322,,CARD,4G,-999.0,1.0,
CUST01396,SUB01396,PROD005,2348098231005,Customer 1396,Female,36-45,Ibadan,North West,premium ,2022-03-11,Actv,Prepaid,ANNUAL,Nova Starter,Bundle,8000,45000MB,,41,,bank transfer,4G,-107.0,2.0,
CUST01397,SUB01397,PROD002,2348030410039,Customer 1397,Male,36-45,lagos,South West,Basic,2023-04-19,Cancelled,prepaid,Annual,Nova Unlimited Voice,Voice,12000,,899.0,298,,CARD,4g,,,4.0
CUST01398,SUB01398,PROD002,2348070098871,Customer 1398,Male,,Lagos,North West,Premium,2025-11-03,Active,POSTPAID,ANNUAL,Nova Unlimited Voice,Voice,12000,81973,640.0,548,12000,Bank Transfer,,-85.0,2.0,3.0
CUST01399,SUB01399,PROD004,2348020288017,Customer 1399,Male,,,South East,Basic,2023-06-10,Cancelled,POSTPAID,monthly,Nova SME Connect,Business,35000,,,489,35000,bank transfer,3G,-108.0,1.0,2.0
CUST01400,SUB01400,PROD001,2348055717351, Customer 1400 ,Male,60+,portharcourt,North Central,Basic,17/02/2023,Cancelled,Prepaid,Monthly,Nova Premium 5G,Data,25000,15765,,558,25000,Cash,4g,-999.0,0.0,3.0
CUST01401,SUB01401,PROD003,2348053450736,Customer 1401,Female,46-60, Abuja ,North Central,premium ,2023-06-23,Active,post paid,monthly,Nova Hybrid Plus,Bundle,18000,,,785,,CARD,4G,,,
CUST01402,SUB01402,PROD001,2348080494633,Customer 1402,,18-25, Abuja ,South West,Standard,2023-12-06,,prepaid,monthly,Nova Premium 5G,Data,25000,,3631.0,109,25000,USSD,3G,,0.0,
CUST01403,SUB01403,PROD003,2348011718352,Customer 1403,FEMALE,26-35,Abuja,North Central,Basic,2022-04-24,active,Postpaid,ANNUAL,Nova Hybrid Plus,Bundle,18000,45000MB,24.0,298,,,,-59.0,,
CUST01404,SUB01404,PROD002,2348045094672,Customer 1404,Male,26-35,,South South,premium ,2022-08-21,Active,Prepaid,No contract,Nova Unlimited Voice,Voice,12000,12257,3163.0,628,,CARD,LTE,-999.0,2.0,5.0
CUST01405,SUB01405,PROD001,2348025823264,Customer 1405,,36-45,Ibadan,South East,,2023-03-14,Cancelled,POSTPAID,Monthly,Nova Premium 5G,Data,25000,45000MB,,144,25000,CARD,LTE,-999.0,5.0,5.0
CUST01406,SUB01406,PROD005,2348090208112,Customer 1406,m ,60+,Ibadan,South West,Premium,2022-03-21,Active,Postpaid,monthly,Nova Starter,Bundle,8000,70438,227.0,470,8000,bank transfer,3G,,,4.0
CUST01407,SUB01407,PROD005,2348090144138,Customer 1407,,,Kano,South East,premium ,2025-06-30,active,prepaid,Annual,Nova Starter,Bundle,8000,,1619.0,109,8000,,4g,-999.0,0.0,5.0
CUST01408,SUB01408,PROD001,2348098306441,Customer 1408,F,36-45,LAGOS,North Central,STANDARD,2024-09-19,cancelled,post paid,Annual,Nova Premium 5G,Data,25000,50697,2226.0,113,,Cash,3G,-999.0,,5.0
CUST01409,SUB01409,PROD003,2348087915737,Customer 1409,Female,26-35,Ibadan,South South,STANDARD,2023-12-06,cancelled,Prepaid,Monthly,Nova Hybrid Plus,Bundle,18000,45000MB,3485.0,620,18000,bank transfer,4g,,2.0,5.0
CUST01410,SUB01410,PROD001,2348044899563,Customer 1410,,36-45,Enugu,South East,Standard,2024-12-12,Actv,POSTPAID,Monthly,Nova Premium 5G,Data,25000,80198,,344,25000,USSD,5G,-88.0,1.0,5.0
CUST01411,SUB01411,PROD002,2348024155251,Customer 1411,FEMALE,26-35,Kano,South South,Basic,2024-09-23,Suspended,Postpaid,Annual,Nova Unlimited Voice,Voice,12000,,2571.0,752,12000,Bank Transfer,LTE,-81.0,,3.0
CUST01412,SUB01412,PROD005,2348086751046,Customer 1412,Female,46-60,Kano,South East,STANDARD,2025-05-19,,Prepaid,ANNUAL,Nova Starter,Bundle,8000,,1360.0,704,,USSD,LTE,,,
CUST01413,SUB01413,PROD001,2348053689780,Customer 1413,Female,46-60,Ibadan,North West,Standard,2024-07-22,SUSPENDED,Postpaid,No contract,Nova Premium 5G,Data,25000,,,412,25000,CARD,LTE,-57.0,1.0,1.0
CUST01414,SUB01414,PROD002,2348069128438,Customer 1414,female,46-60,lagos,South East,Corporate,2022-08-26,Suspended,prepaid,monthly,Nova Unlimited Voice,Voice,12000,45000MB,,85,12000,bank transfer,4g,,5.0,2.0
CUST01415,SUB01415,PROD005,2348021621099,Customer 1415,,46-60,,North Central,Basic,2024-10-23,,post paid,monthly,Nova Starter,Bundle,8000,45000MB,,181,8000,,LTE,-76.0,5.0,2.0
CUST01416,SUB01416,PROD002,2348097161056,Customer 1416,,26-35,LAGOS,South East,Corporate,2021-11-24,,Prepaid,Monthly,Nova Unlimited Voice,Voice,12000,45000MB,,22,12000,CARD,4g,-67.0,1.0,4.0
CUST01417,SUB01417,PROD005,2348045332407,Customer 1417,F,46-60,,South West,,2025-06-18,active,POSTPAID,monthly,Nova Starter,Bundle,8000,,,468,,CARD,LTE,,5.0,2.0
CUST01418,SUB01418,PROD002,2348090623219,Customer 1418,MALE,36-45, Abuja ,South East,Standard,2025-05-20,cancelled,POSTPAID,Monthly,Nova Unlimited Voice,Voice,12000,17836,2294.0,174,12000,Cash,,-100.0,1.0,2.0
CUST01419,SUB01419,PROD005,2348067765814,Customer 1419,M,26-35,lagos,South West,premium ,2023-02-02,Active,prepaid,Monthly,Nova Starter,Bundle,8000,,3241.0,599,8000,Bank Transfer,4g,,0.0,1.0
CUST01420,SUB01420,PROD004,2348013308331, Customer 1420 ,m ,,Enugu,North Central,STANDARD,2024-12-04,,prepaid,Annual,Nova SME Connect,Business,35000,,,649,,Card,3G,-58.0,1.0,3.0
CUST01421,SUB01421,PROD004,2348051266793,Customer 1421,Female,26-35,Port Harcourt,North West,,2025-10-25,Active,POSTPAID,Monthly,Nova SME Connect,Business,35000,,2336.0,378,35000,Bank Transfer,3G,,1.0,3.0
CUST01422,SUB01422,PROD003,2348017077428,Customer 1422,M,,Lagos,South South,,2021-12-31,cancelled,post paid,ANNUAL,Nova Hybrid Plus,Bundle,18000,45000MB,,637,18000,bank transfer,3G,-999.0,1.0,3.0
CUST01423,SUB01423,PROD004,2348031626245,Customer 1423,F,36-45,Abuja,South South,premium ,2023-12-14,ACTIVE,post paid,ANNUAL,Nova SME Connect,Business,35000,45000MB,2147.0,63,,bank transfer,LTE,-59.0,0.0,
CUST01424,SUB01424,PROD005,2348089005111,Customer 1424,Male,18-25,Ibadan,North West,STANDARD,2023-09-01,Active,POSTPAID,No contract,Nova Starter,Bundle,8000,,,240,8000,Bank Transfer,5G,-999.0,,4.0
CUST01425,SUB01425,PROD001,2348094315253,Customer 1425,Male,26-35,Lagos,South West,Premium,01/02/2022,cancelled,Postpaid,Annual,Nova Premium 5G,Data,25000,70903,1760.0,107,,Card,4g,,0.0,2.0
CUST01426,SUB01426,PROD001,2348078085460,Customer 1426,Male,36-45,Lagos,North West,Basic,2023-03-18,Active,POSTPAID,Monthly,Nova Premium 5G,Data,25000,45000MB,3513.0,35,,Card,4G,-96.0,5.0,4.0
CUST01427,SUB01427,PROD003,2348064949554,Customer 1427,Female,,Enugu,North West,STANDARD,2021-03-22,Cancelled,Prepaid,monthly,Nova Hybrid Plus,Bundle,18000,64627,898.0,433,,Cash,4G,-999.0,0.0,1.0
CUST01428,SUB01428,PROD004,2348075097666,Customer 1428,Male,60+,Port Harcourt,North West,premium ,2022-12-06,,POSTPAID,Monthly,Nova SME Connect,Business,35000,,2999.0,663,35000,CARD,LTE,-999.0,1.0,2.0
CUST01429,SUB01429,PROD001,2348017505014,Customer 1429,Male,36-45,LAGOS,South South,Corporate,2022-12-22,Active,POSTPAID,Annual,Nova Premium 5G,Data,25000,53582,,2,25000,,3G,,,5.0
CUST01430,SUB01430,PROD004,2348097816771,Customer 1430,,26-35, Abuja ,South South,premium ,2024-12-13,Suspended,Prepaid,monthly,Nova SME Connect,Business,35000,23225,3700.0,25,35000,CARD,4G,-99.0,5.0,
CUST01431,SUB01431,PROD004,2348028256037,Customer 1431,female,26-35,Abuja,South East,STANDARD,2022-03-07,Actv,Postpaid,Monthly,Nova SME Connect,Business,35000,,,466,35000,USSD,4g,-82.0,,4.0
CUST01432,SUB01432,PROD001,2348050877892,Customer 1432,female,46-60,portharcourt,North West,Basic,2024-10-24,Active,Prepaid,No contract,Nova Premium 5G,Data,25000,,,594,25000,USSD,5G,,5.0,3.0
CUST01433,SUB01433,PROD001,2348083860120,Customer 1433,FEMALE,18-25,Ibadan,South East,,2024-10-25,Suspended,Prepaid,No contract,Nova Premium 5G,Data,25000,45000MB,2216.0,87,25000,bank transfer,3G,-999.0,2.0,
CUST01434,SUB01434,PROD002,2348099630803,Customer 1434,F,18-25,Enugu,North Central,Premium,2024-03-23,Cancelled,POSTPAID,ANNUAL,Nova Unlimited Voice,Voice,12000,,,62,,Card,3G,-86.0,0.0,
CUST01435,SUB01435,PROD005,2348061712043,Customer 1435,Female,18-25,lagos,South South,Corporate,2022-01-09,cancelled,POSTPAID,ANNUAL,Nova Starter,Bundle,8000,,1262.0,14,8000,CARD,3G,-51.0,2.0,4.0
CUST01436,SUB01436,PROD004,2348078980633,Customer 1436,Female,,lagos,North Central,,2024-10-03,active,prepaid,monthly,Nova SME Connect,Business,35000,45000MB,2276.0,112,35000,,4G,-72.0,2.0,2.0
CUST01437,SUB01437,PROD005,2348020003652,Customer 1437,Female,26-35,Kano,South South,Premium,2023-01-14,Active,POSTPAID,Monthly,Nova Starter,Bundle,8000,45000MB,796.0,203,8000,bank transfer,4G,-103.0,2.0,4.0
CUST01438,SUB01438,PROD003,2348067282770,Customer 1438,MALE,60+,Lagos,South East,STANDARD,2022-06-15,Active,prepaid,ANNUAL,Nova Hybrid Plus,Bundle,18000,,,570,18000,Bank Transfer,5G,-85.0,0.0,1.0
CUST01439,SUB01439,PROD003,2348050444826,Customer 1439,Female,60+,lagos,South East,Premium,2025-09-30,Active,Postpaid,Annual,Nova Hybrid Plus,Bundle,18000,,3769.0,192,18000,USSD,LTE,-73.0,5.0,2.0
CUST01440,SUB01440,PROD005,2348074666467, Customer 1440 ,Unknown,26-35,Abuja,South West,,2024-08-29,,POSTPAID,ANNUAL,Nova Starter,Bundle,8000,,,323,8000,Cash,5G,-83.0,0.0,4.0
CUST01441,SUB01441,PROD004,2348067217362,Customer 1441,m ,60+,Abuja,South East,Standard,2023-05-19,Active,POSTPAID,Annual,Nova SME Connect,Business,35000,45000MB,1682.0,255,,,4G,,2.0,4.0
CUST01442,SUB01442,PROD005,2348085770383,Customer 1442,Male,18-25,Abuja,South South,premium ,2023-09-18,Actv,POSTPAID,Monthly,Nova Starter,Bundle,8000,,,636,8000,bank transfer,,-62.0,2.0,2.0
CUST01443,SUB01443,PROD001,2348033974751,Customer 1443,F,26-35,lagos,South East,STANDARD,2022-04-02,active,Prepaid,Monthly,Nova Premium 5G,Data,25000,45000MB,,436,,,5G,-102.0,2.0,2.0
CUST01444,SUB01444,PROD002,2348019148789,Customer 1444,Male,46-60,Port Harcourt,South South,,2021-02-02,cancelled,post paid,No contract,Nova Unlimited Voice,Voice,12000,45000MB,,728,12000,,LTE,,2.0,2.0
CUST01445,SUB01445,PROD004,2348088063486,Customer 1445,Male,18-25,LAGOS,South South,Basic,2025-02-12,Cancelled,POSTPAID,monthly,Nova SME Connect,Business,35000,,506.0,695,35000,Cash,4g,-999.0,,3.0
CUST01446,SUB01446,PROD001,2348029172048,Customer 1446,Male,26-35,Kano,North Central,Standard,2023-08-31,Active,post paid,Annual,Nova Premium 5G,Data,25000,,,26,25000,USSD,LTE,,0.0,4.0
CUST01447,SUB01447,PROD004,2348025505930,Customer 1447,male,,Port Harcourt,South South,STANDARD,2021-09-09,cancelled,Postpaid,No contract,Nova SME Connect,Business,35000,,440.0,669,,Bank Transfer,,-999.0,,
CUST01448,SUB01448,PROD002,2348043126155,Customer 1448,F,26-35,Enugu,North West,Basic,2021-09-25,cancelled,Postpaid,Monthly,Nova Unlimited Voice,Voice,12000,,,437,12000,CARD,5G,,5.0,1.0
CUST01449,SUB01449,PROD003,2348056571351,Customer 1449,FEMALE,,Abuja,North Central,Standard,2021-10-18,cancelled,prepaid,Monthly,Nova Hybrid Plus,Bundle,18000,45000MB,1557.0,4,18000,bank transfer,LTE,-91.0,,3.0
CUST01450,SUB01450,PROD002,2348037596345,Customer 1450,Male,,,South South,Standard,04/04/2021,active,prepaid,Annual,Nova Unlimited Voice,Voice,12000,,198.0,77,,,4G,,,4.0
CUST01451,SUB01451,PROD005,2348071694773,Customer 1451,Male,,lagos,South East,Basic,2024-08-03,Suspended,POSTPAID,Annual,Nova Starter,Bundle,8000,,,676,8000,CARD,4g,-999.0,1.0,5.0
CUST01452,SUB01452,PROD003,2348068596697,Customer 1452,Male,26-35,LAGOS,North Central,Basic,2024-02-23,cancelled,prepaid,Annual,Nova Hybrid Plus,Bundle,18000,67183,2800.0,522,18000,,3G,-67.0,5.0,5.0
CUST01453,SUB01453,PROD001,2348086255880,Customer 1453,M,26-35,Lagos,North West,STANDARD,2022-11-16,active,prepaid,ANNUAL,Nova Premium 5G,Data,25000,83459,377.0,410,25000,bank transfer,3G,-999.0,0.0,1.0
CUST01454,SUB01454,PROD001,2348052204671,Customer 1454,,36-45,Port Harcourt,South West,,2021-12-11,Cancelled,post paid,ANNUAL,Nova Premium 5G,Data,25000,,1338.0,744,,USSD,5G,-104.0,2.0,2.0
CUST01455,SUB01455,PROD004,2348084466389,Customer 1455,,26-35,Kano,North West,Premium,2023-07-14,Active,post paid,Monthly,Nova SME Connect,Business,35000,52821,2202.0,77,35000,USSD,4G,-999.0,5.0,5.0
CUST01456,SUB01456,PROD004,2348054360337,Customer 1456,Female,36-45,Port Harcourt,South South,Premium,2022-08-11,,Prepaid,Monthly,Nova SME Connect,Business,35000,45000MB,,51,35000,,3G,-999.0,5.0,1.0
CUST01457,SUB01457,PROD005,2348057927974,Customer 1457,,36-45,Enugu,South East,Standard,2025-04-11,SUSPENDED,Postpaid,No contract,Nova Starter,Bundle,8000,37371,1779.0,603,8000,bank transfer,4g,-999.0,,
CUST01458,SUB01458,PROD004,2348015855938,Customer 1458, f,36-45,Lagos,South East,Basic,2023-04-21,Actv,prepaid,No contract,Nova SME Connect,Business,35000,,,373,35000,Cash,4g,-999.0,2.0,5.0
CUST01459,SUB01459,PROD001,2348014118225,Customer 1459,female,60+,Port Harcourt,South East,Basic,2022-05-29,Cancelled,Postpaid,ANNUAL,Nova Premium 5G,Data,25000,45000MB,2794.0,695,25000,,5G,-108.0,1.0,2.0
CUST01460,SUB01460,PROD003,2348050818391, Customer 1460 ,female,26-35,Abuja,South South,STANDARD,2023-01-19,active,Postpaid,Monthly,Nova Hybrid Plus,Bundle,18000,45000MB,,77,,Cash,4g,,1.0,2.0
CUST01461,SUB01461,PROD002,2348011175168,Customer 1461,,60+,Kano,South West,Corporate,2025-08-28,active,post paid,ANNUAL,Nova Unlimited Voice,Voice,12000,,,20,12000,CARD,4G,-999.0,,
CUST01462,SUB01462,PROD005,2348015683067,Customer 1462,Male,,Lagos,South South,Basic,2024-03-02,Active,prepaid,ANNUAL,Nova Starter,Bundle,8000,,838.0,698,,Card,3G,-97.0,5.0,3.0
CUST01463,SUB01463,PROD002,2348027821255,Customer 1463,F,26-35,Ibadan,North West,,2024-08-18,Cancelled,post paid,monthly,Nova Unlimited Voice,Voice,12000,38946,,248,12000,bank transfer,3G,-72.0,0.0,5.0
CUST01464,SUB01464,PROD004,2348066125577,Customer 1464,Unknown,46-60,Ibadan,South West,Basic,2021-11-22,Active,prepaid,monthly,Nova SME Connect,Business,35000,45000MB,2863.0,678,35000,CARD,LTE,-999.0,5.0,2.0
CUST01465,SUB01465,PROD004,2348033646749,Customer 1465,Male,36-45,Kano,South West,Premium,2024-01-11,Actv,prepaid,Monthly,Nova SME Connect,Business,35000,64486,2441.0,17,35000,,LTE,-999.0,0.0,
CUST01466,SUB01466,PROD001,2348090923138,Customer 1466,Male,,Port Harcourt,North Central,Premium,2022-12-07,active,Prepaid,Annual,Nova Premium 5G,Data,25000,9740,,98,25000,bank transfer,4g,-999.0,0.0,4.0
CUST01467,SUB01467,PROD004,2348034952437,Customer 1467,F,36-45, Abuja ,South South,Premium,2025-02-26,active,POSTPAID,Annual,Nova SME Connect,Business,35000,45000MB,,144,35000,Cash,LTE,-56.0,2.0,
CUST01468,SUB01468,PROD002,2348022059057,Customer 1468,male,36-45,portharcourt,North Central,Basic,2021-10-23,Active,post paid,Monthly,Nova Unlimited Voice,Voice,12000,45000MB,1946.0,406,,Card,,-999.0,1.0,5.0
CUST01469,SUB01469,PROD001,2348065265294,Customer 1469,Male,46-60, Abuja ,South South,Corporate,2023-07-07,Active,prepaid,monthly,Nova Premium 5G,Data,25000,46046,3535.0,258,25000,Card,LTE,-999.0,0.0,2.0
CUST01470,SUB01470,PROD005,2348070355000,Customer 1470,Female,36-45,Port Harcourt,South South,Basic,2024-11-14,Active,Prepaid,No contract,Nova Starter,Bundle,8000,,485.0,326,8000,CARD,3G,-999.0,2.0,2.0
CUST01471,SUB01471,PROD002,2348020310437,Customer 1471,Male,,Kano,South East,Corporate,2022-08-11,active,POSTPAID,Monthly,Nova Unlimited Voice,Voice,12000,,,8,12000,Card,LTE,-999.0,5.0,3.0
CUST01472,SUB01472,PROD005,2348062956467,Customer 1472,F,46-60, Abuja ,North West,Standard,2025-05-23,cancelled,POSTPAID,No contract,Nova Starter,Bundle,8000,21121,1949.0,542,8000,bank transfer,LTE,-92.0,1.0,4.0
CUST01473,SUB01473,PROD005,2348084467904,Customer 1473,Female,,Enugu,North West,premium ,2021-01-28,,POSTPAID,ANNUAL,Nova Starter,Bundle,8000,48607,,362,8000,bank transfer,,-999.0,,1.0
CUST01474,SUB01474,PROD004,2348091181571,Customer 1474,Male,36-45,,South East,Standard,2024-05-15,Active,post paid,Monthly,Nova SME Connect,Business,35000,65658,2236.0,340,,Cash,5G,,2.0,1.0
CUST01475,SUB01475,PROD003,2348028657879,Customer 1475,Female,18-25,,South East,Premium,01/10/2025,Cancelled,Postpaid,ANNUAL,Nova Hybrid Plus,Bundle,18000,45000MB,,614,18000,Cash,,-999.0,1.0,1.0
CUST01476,SUB01476,PROD005,2348084277689,Customer 1476,Unknown,36-45,Abuja,South East,,2021-09-25,SUSPENDED,post paid,ANNUAL,Nova Starter,Bundle,8000,45000MB,,398,8000,Bank Transfer,3G,,2.0,
CUST01477,SUB01477,PROD001,2348091503960,Customer 1477,male,36-45,Ibadan,North West,Basic,2022-03-08,Active,post paid,No contract,Nova Premium 5G,Data,25000,45000MB,1969.0,29,,bank transfer,,-999.0,0.0,
CUST01478,SUB01478,PROD005,2348079794172,Customer 1478,Male,,Lagos,North West,Premium,2024-03-15,,prepaid,ANNUAL,Nova Starter,Bundle,8000,34714,,568,8000,Cash,4g,-999.0,2.0,5.0
CUST01479,SUB01479,PROD005,2348083120657,Customer 1479,M,60+, Abuja ,North West,Basic,2024-09-07,Active,Postpaid,Monthly,Nova Starter,Bundle,8000,45000MB,2805.0,135,8000,Card,5G,-88.0,,
CUST01480,SUB01480,PROD004,2348091632317, Customer 1480 ,M,,Abuja,North West,STANDARD,2021-02-04,cancelled,post paid,ANNUAL,Nova SME Connect,Business,35000,28794,623.0,331,35000,bank transfer,5G,-999.0,1.0,3.0
CUST01481,SUB01481,PROD002,2348057680345,Customer 1481,M,18-25,,South South,STANDARD,2021-09-02,Active,Postpaid,Annual,Nova Unlimited Voice,Voice,12000,88070,2439.0,258,,bank transfer,3G,,1.0,4.0
CUST01482,SUB01482,PROD004,2348060092998,Customer 1482,Female,60+,Port Harcourt,South East,Standard,2024-08-14,Suspended,post paid,No contract,Nova SME Connect,Business,35000,15787,3567.0,577,35000,Cash,,-999.0,,2.0
CUST01483,SUB01483,PROD001,2348060518728,Customer 1483,Female,,LAGOS,North Central,,2023-01-12,Actv,post paid,ANNUAL,Nova Premium 5G,Data,25000,39433,,323,25000,USSD,3G,-999.0,1.0,1.0
CUST01484,SUB01484,PROD001,2348070849699,Customer 1484,,36-45,portharcourt,South West,STANDARD,2023-04-25,ACTIVE,Prepaid,ANNUAL,Nova Premium 5G,Data,25000,45000MB,,198,25000,Cash,,-999.0,1.0,5.0
CUST01485,SUB01485,PROD004,2348058927504,Customer 1485,,18-25,Kano,South South,Premium,2024-04-25,,post paid,Annual,Nova SME Connect,Business,35000,45000MB,,577,35000,Card,3G,-70.0,,3.0
CUST01486,SUB01486,PROD004,2348064045610,Customer 1486,Female,46-60,Ibadan,North West,Corporate,2022-03-22,Active,post paid,No contract,Nova SME Connect,Business,35000,,2927.0,320,35000,CARD,4G,-69.0,0.0,5.0
CUST01487,SUB01487,PROD001,2348055386479,Customer 1487,Male,18-25,Abuja,North West,premium ,2025-09-04,active,Prepaid,monthly,Nova Premium 5G,Data,25000,45000MB,1423.0,166,25000,Cash,,-57.0,,5.0
CUST01488,SUB01488,PROD003,2348078628808,Customer 1488,m ,36-45,Ibadan,South West,STANDARD,2023-09-27,Active,POSTPAID,monthly,Nova Hybrid Plus,Bundle,18000,45000MB,1183.0,710,18000,Bank Transfer,5G,,,2.0
CUST01489,SUB01489,PROD002,2348049810178,Customer 1489,M,,,South South,premium ,2025-03-17,Cancelled,Postpaid,Annual,Nova Unlimited Voice,Voice,12000,45000MB,,727,,USSD,5G,-72.0,0.0,1.0
CUST01490,SUB01490,PROD001,2348017688089,Customer 1490,F,26-35,Lagos,North Central,Premium,2025-06-12,Cancelled,Prepaid,Monthly,Nova Premium 5G,Data,25000,46004,1902.0,525,25000,CARD,LTE,,2.0,5.0
CUST01491,SUB01491,PROD003,2348042643621,Customer 1491,male,18-25,lagos,North West,Corporate,2025-05-26,Active,prepaid,Annual,Nova Hybrid Plus,Bundle,18000,8148,,544,18000,Cash,5G,-999.0,2.0,4.0
CUST01492,SUB01492,PROD002,2348094876037,Customer 1492,Male,46-60,Lagos,North West,,2025-11-22,Active,Prepaid,Monthly,Nova Unlimited Voice,Voice,12000,45000MB,,617,12000,Bank Transfer,4G,-84.0,5.0,4.0
CUST01493,SUB01493,PROD005,2348099835830,Customer 1493,,,,North West,Basic,2021-04-18,active,Postpaid,ANNUAL,Nova Starter,Bundle,8000,88495,1036.0,234,,USSD,3G,-999.0,2.0,5.0
CUST01494,SUB01494,PROD005,2348011763722,Customer 1494,Female,60+,portharcourt,North Central,premium ,2024-04-03,cancelled,POSTPAID,Monthly,Nova Starter,Bundle,8000,45000MB,,467,,Bank Transfer,4G,-999.0,0.0,3.0
CUST01495,SUB01495,PROD002,2348019225453,Customer 1495,FEMALE,,Abuja,South South,premium ,2022-08-09,cancelled,POSTPAID,monthly,Nova Unlimited Voice,Voice,12000,,1845.0,407,12000,Card,4g,-96.0,2.0,
CUST01496,SUB01496,PROD005,2348019165467,Customer 1496,Female,26-35,,South South,Standard,2021-12-14,Suspended,Postpaid,No contract,Nova Starter,Bundle,8000,,195.0,30,,bank transfer,3G,-88.0,,3.0
CUST01497,SUB01497,PROD002,2348012858254,Customer 1497,Female,46-60,Ibadan,South South,premium ,2025-10-28,Cancelled,Postpaid,ANNUAL,Nova Unlimited Voice,Voice,12000,45152,,273,,Bank Transfer,4g,-999.0,0.0,3.0
CUST01498,SUB01498,PROD001,2348068861553,Customer 1498,M,60+,Kano,North West,Corporate,2021-05-04,,Postpaid,No contract,Nova Premium 5G,Data,25000,,,372,25000,USSD,5G,,2.0,1.0
CUST01499,SUB01499,PROD003,2348068447677,Customer 1499,FEMALE,26-35,Abuja,South South,Premium,2024-04-06,,POSTPAID,No contract,Nova Hybrid Plus,Bundle,18000,62861,,537,,Cash,,,2.0,1.0
CUST01500,SUB01500,PROD004,2348072388930, Customer 1500 ,female,46-60,LAGOS,South West,STANDARD,12/05/2024,Suspended,post paid,No contract,Nova SME Connect,Business,35000,,,694,,,4g,,1.0,4.0
CUST01501,SUB01501,PROD003,2348092883314,Customer 1501,,36-45,Port Harcourt,North Central,Corporate,2025-11-14,SUSPENDED,prepaid,No contract,Nova Hybrid Plus,Bundle,18000,,,304,,,4G,-103.0,2.0,2.0
CUST01502,SUB01502,PROD005,2348028804926,Customer 1502,Female,18-25, Abuja ,South South,Basic,2025-02-24,Suspended,POSTPAID,Annual,Nova Starter,Bundle,8000,,,775,8000,USSD,LTE,-82.0,,3.0
CUST01503,SUB01503,PROD005,2348095878134,Customer 1503,MALE,46-60,portharcourt,South East,Corporate,2021-08-09,cancelled,POSTPAID,monthly,Nova Starter,Bundle,8000,45000MB,644.0,523,8000,Cash,5G,-999.0,1.0,4.0
CUST01504,SUB01504,PROD003,2348085516593,Customer 1504,Male,26-35,LAGOS,South West,STANDARD,2024-02-07,Active,Postpaid,Monthly,Nova Hybrid Plus,Bundle,18000,45000MB,,172,18000,Bank Transfer,LTE,-102.0,0.0,5.0
CUST01505,SUB01505,PROD004,2348081232280,Customer 1505,,60+,,South East,STANDARD,2024-06-29,cancelled,post paid,Monthly,Nova SME Connect,Business,35000,45000MB,,75,,USSD,3G,,0.0,1.0
CUST01506,SUB01506,PROD005,2348077687022,Customer 1506,Male,26-35,Lagos,North West,Basic,2025-11-23,Cancelled,Prepaid,Monthly,Nova Starter,Bundle,8000,66334,,417,8000,USSD,5G,-999.0,2.0,
CUST01507,SUB01507,PROD003,2348070211090,Customer 1507,Female,46-60,Port Harcourt,North Central,Basic,2025-11-12,cancelled,POSTPAID,Monthly,Nova Hybrid Plus,Bundle,18000,80735,290.0,607,18000,Bank Transfer,5G,-999.0,0.0,1.0
CUST01508,SUB01508,PROD005,2348041945412,Customer 1508,Male,,portharcourt,North Central,STANDARD,2021-11-05,,post paid,Monthly,Nova Starter,Bundle,8000,,2131.0,27,8000,Cash,LTE,,5.0,5.0
CUST01509,SUB01509,PROD005,2348028154514,Customer 1509,Male,18-25,,South East,,2023-03-19,Cancelled,Postpaid,monthly,Nova Starter,Bundle,8000,45000MB,1309.0,517,8000,bank transfer,LTE,,,3.0
CUST01510,SUB01510,PROD001,2348048196128,Customer 1510,Male,,Port Harcourt,North West,STANDARD,2021-12-13,Suspended,post paid,Monthly,Nova Premium 5G,Data,25000,45000MB,450.0,401,25000,,4g,-999.0,5.0,2.0
CUST01511,SUB01511,PROD004,2348095475843,Customer 1511,FEMALE,26-35,LAGOS,South West,,2023-12-17,Actv,prepaid,No contract,Nova SME Connect,Business,35000,47995,,510,35000,USSD,LTE,-108.0,0.0,
CUST01512,SUB01512,PROD004,2348068943850,Customer 1512,Female,46-60,portharcourt,South East,Basic,2025-05-24,,POSTPAID,Monthly,Nova SME Connect,Business,35000,71847,2947.0,175,35000,Cash,LTE,-999.0,,
CUST01513,SUB01513,PROD003,2348064823297,Customer 1513,,46-60,lagos,South East,Basic,2021-07-10,active,Prepaid,monthly,Nova Hybrid Plus,Bundle,18000,45000MB,,91,18000,CARD,4G,-999.0,5.0,5.0
CUST01514,SUB01514,PROD005,2348048350581,Customer 1514,Male,46-60,Lagos,South West,Corporate,2024-07-16,,prepaid,No contract,Nova Starter,Bundle,8000,,,423,8000,bank transfer,3G,,1.0,4.0
CUST01515,SUB01515,PROD004,2348012506755,Customer 1515,,36-45,LAGOS,South South,Standard,2024-06-28,Cancelled,POSTPAID,Annual,Nova SME Connect,Business,35000,,2012.0,144,,CARD,4G,-65.0,5.0,
CUST01516,SUB01516,PROD004,2348044117073,Customer 1516,female,26-35,,North West,Corporate,2022-11-14,active,post paid,Monthly,Nova SME Connect,Business,35000,,,320,35000,USSD,3G,-71.0,1.0,3.0
CUST01517,SUB01517,PROD005,2348078105066,Customer 1517,Male,46-60,,South East,Premium,2025-05-10,Active,Postpaid,Monthly,Nova Starter,Bundle,8000,,1572.0,662,8000,Card,LTE,-999.0,5.0,
CUST01518,SUB01518,PROD003,2348055427782,Customer 1518,Female,26-35,Lagos,North West,Premium,2022-03-07,active,POSTPAID,No contract,Nova Hybrid Plus,Bundle,18000,45000MB,2763.0,352,18000,bank transfer,4G,-103.0,5.0,
CUST01519,SUB01519,PROD001,2348083744912,Customer 1519,Male,18-25,Abuja,South West,Premium,2021-12-02,active,post paid,Monthly,Nova Premium 5G,Data,25000,,,237,,,LTE,-52.0,1.0,4.0
CUST01520,SUB01520,PROD004,2348077346349, Customer 1520 ,F,60+, Abuja ,South West,,2021-07-23,Suspended,prepaid,Annual,Nova SME Connect,Business,35000,,3463.0,18,35000,Card,,-999.0,5.0,3.0
CUST01521,SUB01521,PROD005,2348080875643,Customer 1521,Female,18-25,,South East,Premium,2024-06-01,Active,post paid,ANNUAL,Nova Starter,Bundle,8000,,,105,8000,USSD,3G,,1.0,3.0
CUST01522,SUB01522,PROD001,2348025305501,Customer 1522,F,26-35,Ibadan,North Central,Basic,2024-01-27,active,prepaid,Annual,Nova Premium 5G,Data,25000,,2052.0,374,25000,Cash,,-999.0,5.0,2.0
CUST01523,SUB01523,PROD005,2348053472309,Customer 1523,F,60+,LAGOS,South South,,2021-02-10,ACTIVE,Postpaid,ANNUAL,Nova Starter,Bundle,8000,8743,3872.0,789,8000,USSD,,,,4.0
CUST01524,SUB01524,PROD005,2348080501742,Customer 1524,FEMALE,,portharcourt,North West,STANDARD,2024-01-27,cancelled,post paid,Monthly,Nova Starter,Bundle,8000,,63.0,338,8000,,4g,-999.0,0.0,4.0
CUST01525,SUB01525,PROD005,2348014239176,Customer 1525,,,portharcourt,South West,Standard,21/08/2023,ACTIVE,Postpaid,ANNUAL,Nova Starter,Bundle,8000,,915.0,314,,Bank Transfer,4G,,1.0,
CUST01526,SUB01526,PROD005,2348073383133,Customer 1526,F,26-35,Abuja,North Central,Premium,2024-08-11,Cancelled,POSTPAID,No contract,Nova Starter,Bundle,8000,,,662,,,4g,-999.0,,2.0
CUST01527,SUB01527,PROD003,2348066103884,Customer 1527,Female,60+,Ibadan,North West,,2023-05-06,Actv,Postpaid,No contract,Nova Hybrid Plus,Bundle,18000,,,462,18000,Card,5G,-999.0,,1.0
CUST01528,SUB01528,PROD003,2348042843162,Customer 1528,M,36-45,Ibadan,South South,Corporate,2025-04-24,Suspended,Prepaid,monthly,Nova Hybrid Plus,Bundle,18000,37810,732.0,61,,Cash,,,1.0,5.0
CUST01529,SUB01529,PROD005,2348068469125,Customer 1529,m ,,Enugu,South West,Standard,2024-04-21,SUSPENDED,post paid,ANNUAL,Nova Starter,Bundle,8000,13459,377.0,58,8000,CARD,,-999.0,2.0,
CUST01530,SUB01530,PROD005,2348022235174,Customer 1530,Unknown,60+,portharcourt,North Central,STANDARD,2021-03-21,Cancelled,POSTPAID,Annual,Nova Starter,Bundle,8000,43241,3527.0,148,8000,Bank Transfer,5G,-86.0,,1.0
CUST01531,SUB01531,PROD003,2348045742921,Customer 1531,Female,26-35,Abuja,South South,Corporate,2025-02-17,Active,prepaid,monthly,Nova Hybrid Plus,Bundle,18000,62474,618.0,224,18000,Card,4g,,,4.0
CUST01532,SUB01532,PROD004,2348027859002,Customer 1532,Female,46-60,lagos,South South,premium ,2022-03-30,Suspended,prepaid,monthly,Nova SME Connect,Business,35000,,1649.0,621,35000,Bank Transfer,4g,-87.0,1.0,3.0
CUST01533,SUB01533,PROD005,2348013715497,Customer 1533,Male,46-60,portharcourt,North Central,Premium,2023-01-07,active,prepaid,Annual,Nova Starter,Bundle,8000,,,207,8000,bank transfer,,-107.0,0.0,4.0
CUST01534,SUB01534,PROD002,2348046872601,Customer 1534,Male,46-60,,North Central,Basic,2024-06-11,Cancelled,Postpaid,Annual,Nova Unlimited Voice,Voice,12000,,173.0,533,12000,bank transfer,5G,,2.0,
CUST01535,SUB01535,PROD005,2348026087043,Customer 1535,M,18-25,Abuja,South West,Corporate,2022-01-20,Active,post paid,No contract,Nova Starter,Bundle,8000,,,187,,bank transfer,,,1.0,2.0
CUST01536,SUB01536,PROD003,2348062700120,Customer 1536,Male,46-60,lagos,North Central,Corporate,2022-04-13,Active,post paid,monthly,Nova Hybrid Plus,Bundle,18000,6653,3110.0,85,18000,bank transfer,4g,-999.0,0.0,4.0
CUST01537,SUB01537,PROD002,2348090482453,Customer 1537,Female,46-60,Enugu,South West,,2025-09-12,Active,POSTPAID,monthly,Nova Unlimited Voice,Voice,12000,45137,,755,12000,Bank Transfer,5G,-63.0,5.0,1.0
CUST01538,SUB01538,PROD002,2348034935256,Customer 1538,Female,,Abuja,South South,,2021-03-10,ACTIVE,Postpaid,Monthly,Nova Unlimited Voice,Voice,12000,,2546.0,16,,,LTE,-999.0,,5.0
CUST01539,SUB01539,PROD003,2348016376522,Customer 1539,F,46-60, Abuja ,North West,Standard,2022-07-14,cancelled,post paid,monthly,Nova Hybrid Plus,Bundle,18000,43107,3141.0,793,,Bank Transfer,LTE,-86.0,,3.0
CUST01540,SUB01540,PROD004,2348080629112, Customer 1540 ,F,46-60,Lagos,North West,Basic,2023-12-15,Active,prepaid,Monthly,Nova SME Connect,Business,35000,45000MB,2670.0,626,35000,CARD,5G,-999.0,,4.0
CUST01541,SUB01541,PROD003,2348075962597,Customer 1541,female,46-60,Kano,South East,Standard,2025-06-14,cancelled,Prepaid,Monthly,Nova Hybrid Plus,Bundle,18000,26459,,356,18000,bank transfer,,,1.0,5.0
CUST01542,SUB01542,PROD005,2348072769117,Customer 1542,Male,26-35,Lagos,South West,Basic,2024-05-13,Cancelled,Prepaid,monthly,Nova Starter,Bundle,8000,82267,3429.0,392,8000,CARD,3G,-101.0,0.0,2.0
CUST01543,SUB01543,PROD001,2348088365945,Customer 1543,FEMALE,46-60,Port Harcourt,South East,STANDARD,2022-04-17,active,Postpaid,monthly,Nova Premium 5G,Data,25000,45000MB,,388,25000,Cash,LTE,-999.0,5.0,3.0
CUST01544,SUB01544,PROD005,2348041624395,Customer 1544,Unknown,46-60,Port Harcourt,North Central,premium ,2022-10-29,cancelled,POSTPAID,ANNUAL,Nova Starter,Bundle,8000,77980,,500,,bank transfer,4g,-63.0,,4.0
CUST01545,SUB01545,PROD001,2348088783758,Customer 1545,MALE,36-45,lagos,South East,premium ,2025-07-25,ACTIVE,post paid,Monthly,Nova Premium 5G,Data,25000,21490,3797.0,635,25000,CARD,,-58.0,5.0,3.0
CUST01546,SUB01546,PROD002,2348022054881,Customer 1546,M,18-25,Port Harcourt,North Central,Basic,2024-06-16,Suspended,post paid,No contract,Nova Unlimited Voice,Voice,12000,45000MB,2079.0,473,12000,bank transfer,LTE,,5.0,1.0
CUST01547,SUB01547,PROD005,2348078975977,Customer 1547,Male,46-60,,North West,STANDARD,2024-02-03,active,post paid,Monthly,Nova Starter,Bundle,8000,,1107.0,674,,Cash,4g,,1.0,
CUST01548,SUB01548,PROD003,2348028470614,Customer 1548,,18-25,,North Central,Corporate,2024-04-17,Cancelled,post paid,ANNUAL,Nova Hybrid Plus,Bundle,18000,,3123.0,55,18000,bank transfer,,-109.0,,3.0
CUST01549,SUB01549,PROD005,2348014012157,Customer 1549,male,,Kano,South East,premium ,2023-03-26,Suspended,post paid,monthly,Nova Starter,Bundle,8000,57687,,175,,Card,4G,-999.0,,5.0
CUST01550,SUB01550,PROD005,2348036945013,Customer 1550,Unknown,, Abuja ,South East,Standard,11/12/2023,cancelled,Prepaid,Annual,Nova Starter,Bundle,8000,45000MB,,479,,Cash,4G,-999.0,0.0,5.0
CUST01551,SUB01551,PROD002,2348047314466,Customer 1551,Male,26-35, Abuja ,South West,Basic,2022-07-02,Active,Postpaid,monthly,Nova Unlimited Voice,Voice,12000,47348,,399,12000,Bank Transfer,4G,-88.0,0.0,3.0
CUST01552,SUB01552,PROD003,2348062191661,Customer 1552,female,46-60,LAGOS,North Central,Standard,2024-09-09,Active,POSTPAID,Monthly,Nova Hybrid Plus,Bundle,18000,67709,,472,,bank transfer,LTE,,,
CUST01553,SUB01553,PROD001,2348073655408,Customer 1553,Female,18-25,,South East,Basic,2025-11-02,cancelled,Prepaid,Annual,Nova Premium 5G,Data,25000,36305,1568.0,37,25000,bank transfer,LTE,,1.0,3.0
CUST01554,SUB01554,PROD005,2348084668631,Customer 1554,F,46-60,,South East,Corporate,2025-08-01,Actv,Postpaid,ANNUAL,Nova Starter,Bundle,8000,,2777.0,643,8000,USSD,4g,,1.0,4.0
CUST01555,SUB01555,PROD005,2348042608682,Customer 1555,Male,26-35,LAGOS,South South,Basic,2022-02-07,Active,Prepaid,Monthly,Nova Starter,Bundle,8000,45000MB,,637,8000,,3G,-999.0,2.0,1.0
CUST01556,SUB01556,PROD005,2348095992025,Customer 1556,M,18-25,portharcourt,North Central,premium ,2023-03-21,Cancelled,post paid,Annual,Nova Starter,Bundle,8000,,3106.0,799,8000,CARD,4g,-999.0,,2.0
CUST01557,SUB01557,PROD005,2348042035201,Customer 1557,m ,60+,Abuja,South South,premium ,2021-02-25,Active,Postpaid,Annual,Nova Starter,Bundle,8000,27592,,731,8000,USSD,4g,,,3.0
CUST01558,SUB01558,PROD001,2348076938991,Customer 1558,,60+,Abuja,South East,,2022-10-07,Cancelled,Prepaid,No contract,Nova Premium 5G,Data,25000,45000MB,2503.0,720,,Card,,-999.0,2.0,1.0
CUST01559,SUB01559,PROD005,2348042130234,Customer 1559,Male,36-45,Abuja,South West,,2023-03-21,ACTIVE,Prepaid,monthly,Nova Starter,Bundle,8000,45707,648.0,377,8000,bank transfer,5G,-75.0,,5.0
CUST01560,SUB01560,PROD003,2348085647421, Customer 1560 ,Female,60+,Lagos,North West,Corporate,2023-02-25,ACTIVE,Postpaid,Monthly,Nova Hybrid Plus,Bundle,18000,45000MB,1799.0,636,18000,Bank Transfer,4g,-999.0,0.0,1.0
CUST01561,SUB01561,PROD003,2348050804925,Customer 1561,Male,36-45,Kano,South West,premium ,2023-06-13,Cancelled,POSTPAID,Monthly,Nova Hybrid Plus,Bundle,18000,45000MB,1895.0,427,,bank transfer,3G,-999.0,0.0,
CUST01562,SUB01562,PROD004,2348011724677,Customer 1562,m ,60+,Port Harcourt,North Central,STANDARD,2023-09-01,Cancelled,Postpaid,Annual,Nova SME Connect,Business,35000,45000MB,,297,,CARD,LTE,,2.0,3.0
CUST01563,SUB01563,PROD001,2348037835345,Customer 1563,FEMALE,,lagos,South West,premium ,2025-02-25,Suspended,Postpaid,No contract,Nova Premium 5G,Data,25000,83277,,513,,CARD,4G,-106.0,0.0,
CUST01564,SUB01564,PROD005,2348082678281,Customer 1564,Female,18-25,Lagos,North Central,STANDARD,2024-07-30,Active,Prepaid,No contract,Nova Starter,Bundle,8000,45000MB,2088.0,544,8000,Bank Transfer,3G,,,1.0
CUST01565,SUB01565,PROD003,2348051548394,Customer 1565, f,60+, Abuja ,South South,premium ,2022-11-20,,Postpaid,No contract,Nova Hybrid Plus,Bundle,18000,,,643,18000,Bank Transfer,,,1.0,4.0
CUST01566,SUB01566,PROD005,2348065772815,Customer 1566,Male,18-25,lagos,North West,premium ,2022-04-22,Suspended,prepaid,Monthly,Nova Starter,Bundle,8000,45000MB,2644.0,702,8000,Cash,5G,-53.0,,4.0
CUST01567,SUB01567,PROD003,2348099690354,Customer 1567,Unknown,60+,Kano,North West,Corporate,2024-04-20,Active,post paid,ANNUAL,Nova Hybrid Plus,Bundle,18000,45000MB,1895.0,485,,Bank Transfer,5G,-107.0,0.0,
CUST01568,SUB01568,PROD002,2348092509064,Customer 1568,Female,46-60,Enugu,South West,Premium,2022-03-07,Suspended,Prepaid,No contract,Nova Unlimited Voice,Voice,12000,45000MB,3566.0,615,,USSD,LTE,-56.0,0.0,3.0
CUST01569,SUB01569,PROD005,2348069098009,Customer 1569,Unknown,36-45,,North West,Corporate,2025-08-06,Cancelled,Prepaid,monthly,Nova Starter,Bundle,8000,10726,,598,,Cash,5G,-74.0,,2.0
CUST01570,SUB01570,PROD005,2348099836090,Customer 1570,m ,36-45,Lagos,South West,,2024-12-25,,post paid,ANNUAL,Nova Starter,Bundle,8000,45000MB,1170.0,573,,Card,4g,,,3.0
CUST01571,SUB01571,PROD005,2348079571493,Customer 1571,MALE,,Lagos,South East,Standard,2023-04-13,Active,prepaid,monthly,Nova Starter,Bundle,8000,45000MB,557.0,646,,bank transfer,5G,,0.0,2.0
CUST01572,SUB01572,PROD004,2348062193085,Customer 1572,female,18-25,Ibadan,North Central,STANDARD,2025-11-12,Suspended,post paid,Monthly,Nova SME Connect,Business,35000,45000MB,,634,35000,,4g,,1.0,4.0
CUST01573,SUB01573,PROD002,2348091576991,Customer 1573,Female,,Lagos,South West,STANDARD,2022-05-03,active,POSTPAID,Monthly,Nova Unlimited Voice,Voice,12000,61697,,712,,bank transfer,LTE,-999.0,,
CUST01574,SUB01574,PROD003,2348087544247,Customer 1574,M,,Kano,South West,Basic,2021-05-26,active,Postpaid,Annual,Nova Hybrid Plus,Bundle,18000,45000MB,,208,18000,bank transfer,,,5.0,4.0
CUST01575,SUB01575,PROD001,2348093554144,Customer 1575,Female,60+,Enugu,South East,Standard,08/07/2023,active,prepaid,monthly,Nova Premium 5G,Data,25000,,2840.0,26,25000,,3G,-999.0,,3.0
CUST01576,SUB01576,PROD005,2348090013452,Customer 1576,F,60+,portharcourt,North West,,2021-12-12,Active,prepaid,No contract,Nova Starter,Bundle,8000,45000MB,1840.0,18,,USSD,LTE,-98.0,,3.0
CUST01577,SUB01577,PROD004,2348070090116,Customer 1577,Male,,Lagos,South East,,2025-05-07,,Postpaid,No contract,Nova SME Connect,Business,35000,45000MB,1254.0,16,,Bank Transfer,5G,,,2.0
CUST01578,SUB01578,PROD002,2348044046339,Customer 1578,Male,18-25,LAGOS,South South,Standard,2022-06-23,cancelled,Postpaid,Monthly,Nova Unlimited Voice,Voice,12000,44873,,636,,CARD,LTE,,5.0,4.0
CUST01579,SUB01579,PROD001,2348025514762,Customer 1579,M,36-45,lagos,South South,Corporate,2025-02-22,Suspended,POSTPAID,Monthly,Nova Premium 5G,Data,25000,45000MB,,398,,Card,,-999.0,,2.0
CUST01580,SUB01580,PROD004,2348055899424, Customer 1580 , f,36-45,portharcourt,South South,Corporate,2023-03-30,,prepaid,Monthly,Nova SME Connect,Business,35000,45000MB,3060.0,198,35000,Bank Transfer,,,5.0,2.0
CUST01581,SUB01581,PROD002,2348035384839,Customer 1581,Male,,portharcourt,South South,Basic,2022-09-06,cancelled,post paid,Annual,Nova Unlimited Voice,Voice,12000,45000MB,,350,12000,Bank Transfer,4g,-97.0,1.0,5.0
CUST01582,SUB01582,PROD004,2348015081904,Customer 1582,Male,46-60,lagos,North West,Standard,2024-05-22,cancelled,post paid,Monthly,Nova SME Connect,Business,35000,32146,324.0,733,35000,,LTE,,0.0,1.0
CUST01583,SUB01583,PROD002,2348030952698,Customer 1583,Male,60+,,South South,Standard,2021-11-13,,POSTPAID,Annual,Nova Unlimited Voice,Voice,12000,54786,2931.0,703,12000,CARD,,-999.0,2.0,1.0
CUST01584,SUB01584,PROD001,2348066193920,Customer 1584, f,26-35,Port Harcourt,North West,Corporate,2021-03-26,Cancelled,post paid,monthly,Nova Premium 5G,Data,25000,45000MB,1554.0,173,25000,Bank Transfer,,-999.0,1.0,1.0
CUST01585,SUB01585,PROD003,2348035068953,Customer 1585,Male,,Enugu,North Central,Premium,2025-10-12,Active,POSTPAID,No contract,Nova Hybrid Plus,Bundle,18000,77879,2329.0,207,18000,bank transfer,3G,-999.0,1.0,1.0
CUST01586,SUB01586,PROD002,2348020372129,Customer 1586,M,,Ibadan,South South,Basic,2023-08-24,,prepaid,No contract,Nova Unlimited Voice,Voice,12000,45000MB,,496,12000,Card,LTE,-999.0,5.0,
CUST01587,SUB01587,PROD003,2348045420073,Customer 1587,Female,26-35,Lagos,North Central,,2023-03-10,,Prepaid,ANNUAL,Nova Hybrid Plus,Bundle,18000,,,553,18000,Cash,5G,,2.0,5.0
CUST01588,SUB01588,PROD003,2348042326163,Customer 1588,,46-60,Enugu,South West,premium ,2024-07-24,Cancelled,Postpaid,monthly,Nova Hybrid Plus,Bundle,18000,45000MB,734.0,394,18000,Cash,3G,-86.0,0.0,
CUST01589,SUB01589,PROD005,2348039900241,Customer 1589,Female,18-25, Abuja ,North Central,Basic,2023-06-08,Active,Prepaid,monthly,Nova Starter,Bundle,8000,45000MB,,597,8000,CARD,3G,-70.0,2.0,5.0
CUST01590,SUB01590,PROD005,2348060586589,Customer 1590,F,26-35,Ibadan,South South,premium ,2024-09-27,Cancelled,prepaid,Monthly,Nova Starter,Bundle,8000,,3877.0,684,,Card,3G,,,5.0
CUST01591,SUB01591,PROD002,2348017002487,Customer 1591,Female,,Lagos,South South,Basic,2022-07-09,active,Prepaid,monthly,Nova Unlimited Voice,Voice,12000,45000MB,,752,,Cash,4G,-999.0,1.0,5.0
CUST01592,SUB01592,PROD003,2348087929421,Customer 1592,Unknown,60+,Ibadan,South West,STANDARD,2023-03-27,Active,prepaid,Annual,Nova Hybrid Plus,Bundle,18000,45000MB,,359,,Card,LTE,,0.0,4.0
CUST01593,SUB01593,PROD002,2348014573720,Customer 1593, f,18-25,Lagos,South West,,2021-04-07,,Postpaid,No contract,Nova Unlimited Voice,Voice,12000,,904.0,56,12000,Card,,-999.0,,
CUST01594,SUB01594,PROD001,2348034597011,Customer 1594,Female,18-25,lagos,North West,Standard,2021-10-25,ACTIVE,post paid,Monthly,Nova Premium 5G,Data,25000,45000MB,,66,,USSD,4G,,,2.0
CUST01595,SUB01595,PROD005,2348040883328,Customer 1595,FEMALE,,lagos,North Central,Corporate,2022-11-28,cancelled,Postpaid,No contract,Nova Starter,Bundle,8000,80959,1773.0,227,,Bank Transfer,3G,,2.0,1.0
CUST01596,SUB01596,PROD004,2348032489771,Customer 1596,M,,Abuja,South West,Standard,2025-02-18,Active,post paid,Monthly,Nova SME Connect,Business,35000,13183,,732,35000,Cash,,-63.0,5.0,2.0
CUST01597,SUB01597,PROD001,2348033198554,Customer 1597,male,46-60,Kano,North West,STANDARD,2022-07-30,Cancelled,post paid,No contract,Nova Premium 5G,Data,25000,45000MB,2981.0,141,25000,,3G,,5.0,3.0
CUST01598,SUB01598,PROD004,2348089030939,Customer 1598,male,60+,Enugu,South East,STANDARD,2025-02-24,Cancelled,Prepaid,monthly,Nova SME Connect,Business,35000,45000MB,,46,35000,USSD,4g,-999.0,2.0,5.0
CUST01599,SUB01599,PROD003,2348023430445,Customer 1599,FEMALE,26-35,Abuja,South South,Premium,2024-08-03,Cancelled,Prepaid,ANNUAL,Nova Hybrid Plus,Bundle,18000,,,89,,Cash,LTE,-105.0,0.0,4.0
CUST01600,SUB01600,PROD002,2348064693875, Customer 1600 ,M,26-35,LAGOS,South West,premium ,16/09/2024,ACTIVE,Prepaid,ANNUAL,Nova Unlimited Voice,Voice,12000,,,249,12000,USSD,3G,-999.0,1.0,2.0
CUST01601,SUB01601,PROD002,2348014823827,Customer 1601,Male,46-60,LAGOS,South South,Basic,2022-09-25,,POSTPAID,No contract,Nova Unlimited Voice,Voice,12000,45000MB,1876.0,192,12000,CARD,,,,3.0
CUST01602,SUB01602,PROD002,2348016954922,Customer 1602,M,60+,Port Harcourt,South West,Standard,2023-09-21,Cancelled,POSTPAID,monthly,Nova Unlimited Voice,Voice,12000,13021,,624,12000,CARD,3G,-55.0,2.0,5.0
CUST01603,SUB01603,PROD005,2348064564278,Customer 1603,F,18-25,Enugu,North West,,2025-06-04,ACTIVE,POSTPAID,Annual,Nova Starter,Bundle,8000,73556,,143,8000,USSD,LTE,-68.0,0.0,1.0
CUST01604,SUB01604,PROD001,2348023628637,Customer 1604,female,36-45,Enugu,South East,Basic,2021-10-07,cancelled,Postpaid,Monthly,Nova Premium 5G,Data,25000,45000MB,,688,,USSD,4G,-85.0,,1.0
CUST01605,SUB01605,PROD002,2348077698238,Customer 1605,Male,18-25,Kano,South South,Premium,2025-05-28,,post paid,monthly,Nova Unlimited Voice,Voice,12000,17096,,298,12000,USSD,4g,,2.0,3.0
CUST01606,SUB01606,PROD001,2348017178385,Customer 1606,Female,36-45,portharcourt,South South,Corporate,2025-08-12,active,prepaid,No contract,Nova Premium 5G,Data,25000,45000MB,3190.0,274,,,5G,-999.0,1.0,1.0
CUST01607,SUB01607,PROD003,2348027440827,Customer 1607,Female,26-35,Kano,South South,Basic,2022-01-13,SUSPENDED,POSTPAID,Annual,Nova Hybrid Plus,Bundle,18000,45000MB,,579,18000,,4g,-999.0,1.0,
CUST01608,SUB01608,PROD002,2348015761327,Customer 1608,Male,26-35,Ibadan,South South,Standard,2022-05-27,,post paid,Annual,Nova Unlimited Voice,Voice,12000,42962,,638,,,,-70.0,2.0,
CUST01609,SUB01609,PROD001,2348082528885,Customer 1609,Female,46-60,portharcourt,North Central,Corporate,2024-08-18,Active,prepaid,Annual,Nova Premium 5G,Data,25000,84435,1790.0,675,25000,,4g,-77.0,,1.0
CUST01610,SUB01610,PROD005,2348044786580,Customer 1610,,,lagos,North Central,Corporate,2025-02-11,,Prepaid,monthly,Nova Starter,Bundle,8000,45000MB,,19,8000,CARD,,,2.0,3.0
CUST01611,SUB01611,PROD005,2348099755493,Customer 1611, f,,,South West,,2023-03-08,ACTIVE,post paid,monthly,Nova Starter,Bundle,8000,,3511.0,318,8000,Bank Transfer,4g,,0.0,3.0
CUST01612,SUB01612,PROD002,2348048271571,Customer 1612,FEMALE,36-45,portharcourt,South East,Premium,2022-04-30,Active,POSTPAID,monthly,Nova Unlimited Voice,Voice,12000,45000MB,,488,,Cash,3G,-77.0,5.0,2.0
CUST01613,SUB01613,PROD004,2348010422725,Customer 1613,male,46-60, Abuja ,South West,,2023-02-09,Active,post paid,No contract,Nova SME Connect,Business,35000,45000MB,,707,35000,CARD,3G,,5.0,1.0
CUST01614,SUB01614,PROD003,2348050302319,Customer 1614,F,26-35, Abuja ,South West,Corporate,2022-12-09,Cancelled,prepaid,monthly,Nova Hybrid Plus,Bundle,18000,,,542,,CARD,LTE,,2.0,1.0
CUST01615,SUB01615,PROD005,2348011970290,Customer 1615,FEMALE,60+,portharcourt,South East,,2022-12-16,Cancelled,Postpaid,No contract,Nova Starter,Bundle,8000,76105,,522,8000,,3G,-73.0,,5.0
CUST01616,SUB01616,PROD003,2348015354295,Customer 1616,Female,60+,LAGOS,North Central,,2022-05-30,Suspended,Prepaid,No contract,Nova Hybrid Plus,Bundle,18000,45948,1642.0,112,18000,bank transfer,3G,,1.0,1.0
CUST01617,SUB01617,PROD003,2348046147263,Customer 1617,Male,26-35,LAGOS,South South,STANDARD,2022-03-06,Active,Prepaid,ANNUAL,Nova Hybrid Plus,Bundle,18000,,166.0,523,18000,Cash,3G,-999.0,0.0,3.0
CUST01618,SUB01618,PROD005,2348060516735,Customer 1618, f,,portharcourt,South West,Basic,2025-01-09,Active,Prepaid,monthly,Nova Starter,Bundle,8000,,1907.0,331,,,LTE,,0.0,2.0
CUST01619,SUB01619,PROD001,2348086233820,Customer 1619,Male,26-35,Lagos,South East,Basic,2023-06-12,cancelled,POSTPAID,monthly,Nova Premium 5G,Data,25000,49824,,659,,Cash,3G,-999.0,2.0,
CUST01620,SUB01620,PROD002,2348031496216, Customer 1620 ,F,36-45,,South West,,2021-08-26,Active,Prepaid,monthly,Nova Unlimited Voice,Voice,12000,45000MB,,435,12000,Card,4g,,0.0,3.0
CUST01621,SUB01621,PROD003,2348096955048,Customer 1621,Male,36-45,lagos,South West,Premium,2024-09-01,active,Postpaid,No contract,Nova Hybrid Plus,Bundle,18000,,2996.0,691,,CARD,,-54.0,,1.0
CUST01622,SUB01622,PROD003,2348083145365,Customer 1622,FEMALE,,Port Harcourt,North Central,,2021-04-30,Active,post paid,Monthly,Nova Hybrid Plus,Bundle,18000,9885,3217.0,653,18000,Bank Transfer,4g,-100.0,5.0,1.0
CUST01623,SUB01623,PROD004,2348093818970,Customer 1623,Female,26-35,,South South,Standard,2024-09-01,Suspended,POSTPAID,Monthly,Nova SME Connect,Business,35000,,3232.0,620,35000,Card,,-107.0,1.0,5.0
CUST01624,SUB01624,PROD001,2348085978075,Customer 1624,MALE,46-60,Ibadan,North Central,premium ,2021-04-05,Active,prepaid,ANNUAL,Nova Premium 5G,Data,25000,45000MB,,170,,bank transfer,3G,-999.0,,4.0
CUST01625,SUB01625,PROD001,2348063210286,Customer 1625,Female,26-35,portharcourt,South East,premium ,27/12/2021,active,Postpaid,monthly,Nova Premium 5G,Data,25000,,2655.0,332,,USSD,LTE,-999.0,0.0,5.0
CUST01626,SUB01626,PROD005,2348082496131,Customer 1626, f,46-60,LAGOS,North West,Premium,2021-10-11,Cancelled,post paid,monthly,Nova Starter,Bundle,8000,45000MB,3730.0,277,,bank transfer,4G,-97.0,5.0,2.0
CUST01627,SUB01627,PROD005,2348010701823,Customer 1627,Male,46-60,Kano,South West,Standard,2023-11-27,active,POSTPAID,No contract,Nova Starter,Bundle,8000,45000MB,2638.0,299,,,4G,-999.0,5.0,4.0
CUST01628,SUB01628,PROD004,2348071890903,Customer 1628,FEMALE,18-25,,North West,STANDARD,2024-06-18,Cancelled,post paid,No contract,Nova SME Connect,Business,35000,,,379,35000,,5G,-95.0,0.0,
CUST01629,SUB01629,PROD001,2348075058151,Customer 1629,Female,18-25,Port Harcourt,South South,premium ,2023-06-13,Active,Postpaid,Annual,Nova Premium 5G,Data,25000,,2824.0,506,25000,,4g,-999.0,2.0,4.0
CUST01630,SUB01630,PROD004,2348099177962,Customer 1630,Male,,LAGOS,South West,Basic,2025-03-19,Cancelled,prepaid,Monthly,Nova SME Connect,Business,35000,45000MB,,774,35000,CARD,4G,-999.0,0.0,5.0
CUST01631,SUB01631,PROD003,2348095321314,Customer 1631,Male,46-60,Kano,North West,Basic,2024-01-14,Active,Postpaid,monthly,Nova Hybrid Plus,Bundle,18000,23568,,155,18000,Card,LTE,-77.0,2.0,4.0
CUST01632,SUB01632,PROD004,2348016855705,Customer 1632,Female,46-60,Abuja,North West,Basic,2022-07-24,ACTIVE,POSTPAID,Annual,Nova SME Connect,Business,35000,,,313,35000,USSD,3G,-999.0,2.0,
CUST01633,SUB01633,PROD003,2348042897438,Customer 1633,Male,,Ibadan,North West,premium ,2025-10-30,Cancelled,POSTPAID,ANNUAL,Nova Hybrid Plus,Bundle,18000,45000MB,2985.0,205,,Cash,4g,-88.0,0.0,5.0
CUST01634,SUB01634,PROD001,2348080293989,Customer 1634,Male,46-60,Ibadan,North Central,Standard,2025-03-27,Active,POSTPAID,Annual,Nova Premium 5G,Data,25000,,1142.0,257,25000,,,-999.0,1.0,3.0
CUST01635,SUB01635,PROD005,2348027371935,Customer 1635,m ,46-60,lagos,North Central,Corporate,2024-12-29,Active,Postpaid,Annual,Nova Starter,Bundle,8000,,3031.0,407,8000,USSD,5G,,2.0,5.0
CUST01636,SUB01636,PROD002,2348049703670,Customer 1636,Female,46-60,lagos,South East,Corporate,2023-08-23,Active,post paid,No contract,Nova Unlimited Voice,Voice,12000,45000MB,,120,12000,Cash,3G,,5.0,3.0
CUST01637,SUB01637,PROD003,2348097189681,Customer 1637,F,,Ibadan,North Central,,2023-01-14,Cancelled,prepaid,Annual,Nova Hybrid Plus,Bundle,18000,45000MB,,575,18000,Card,3G,-108.0,1.0,1.0
CUST01638,SUB01638,PROD005,2348088752876,Customer 1638,Female,46-60,portharcourt,North West,,2023-10-10,Cancelled,Postpaid,No contract,Nova Starter,Bundle,8000,45000MB,837.0,325,,,5G,-106.0,5.0,4.0
CUST01639,SUB01639,PROD005,2348046221055,Customer 1639,Male,18-25,Kano,South South,,2025-10-24,Active,Prepaid,Monthly,Nova Starter,Bundle,8000,,3914.0,559,8000,USSD,5G,,0.0,3.0
CUST01640,SUB01640,PROD005,2348061487648, Customer 1640 ,M,36-45,LAGOS,North West,STANDARD,2024-02-12,Cancelled,Prepaid,Monthly,Nova Starter,Bundle,8000,45000MB,3098.0,751,8000,,4g,-55.0,1.0,2.0
CUST01641,SUB01641,PROD001,2348017189086,Customer 1641,,60+,Lagos,South West,STANDARD,2022-04-11,SUSPENDED,post paid,No contract,Nova Premium 5G,Data,25000,,,698,25000,,3G,-95.0,2.0,1.0
CUST01642,SUB01642,PROD003,2348069726860,Customer 1642,Female,,,South East,Standard,2025-08-22,Suspended,Postpaid,No contract,Nova Hybrid Plus,Bundle,18000,45000MB,,157,,bank transfer,,,0.0,5.0
CUST01643,SUB01643,PROD001,2348022516178,Customer 1643,Male,,Lagos,North Central,premium ,2024-02-05,Suspended,Postpaid,No contract,Nova Premium 5G,Data,25000,,,120,25000,Card,4g,-999.0,,4.0
CUST01644,SUB01644,PROD002,2348082282613,Customer 1644,Male,46-60,portharcourt,North Central,premium ,2021-09-14,Suspended,prepaid,Monthly,Nova Unlimited Voice,Voice,12000,63608,,102,12000,Bank Transfer,4G,-86.0,1.0,5.0
CUST01645,SUB01645,PROD003,2348069012248,Customer 1645,Male,36-45,,South West,,2025-09-13,,Postpaid,No contract,Nova Hybrid Plus,Bundle,18000,,3250.0,520,,Cash,,,1.0,5.0
CUST01646,SUB01646,PROD002,2348095485373,Customer 1646,m ,26-35,lagos,North West,Standard,2021-01-08,Active,Postpaid,Monthly,Nova Unlimited Voice,Voice,12000,74312,3542.0,635,12000,Cash,,-999.0,5.0,5.0
CUST01647,SUB01647,PROD003,2348027980074,Customer 1647,Male,,LAGOS,North West,Corporate,2022-01-20,Active,Postpaid,Annual,Nova Hybrid Plus,Bundle,18000,,,626,18000,Card,,-999.0,0.0,1.0
CUST01648,SUB01648,PROD005,2348026434894,Customer 1648,Female,60+,LAGOS,South West,Standard,2021-06-24,Cancelled,Prepaid,Annual,Nova Starter,Bundle,8000,41650,3041.0,722,8000,Bank Transfer,LTE,-999.0,1.0,2.0
CUST01649,SUB01649,PROD003,2348079311216,Customer 1649,F,18-25,LAGOS,South East,premium ,2022-09-14,Active,POSTPAID,ANNUAL,Nova Hybrid Plus,Bundle,18000,57134,1243.0,421,18000,bank transfer,3G,,5.0,3.0
CUST01650,SUB01650,PROD001,2348046675651,Customer 1650,M,, Abuja ,North Central,,07/03/2023,active,Prepaid,monthly,Nova Premium 5G,Data,25000,,1820.0,360,25000,CARD,LTE,,2.0,4.0
CUST01651,SUB01651,PROD004,2348025862120,Customer 1651,Female,26-35,Abuja,South South,Basic,2022-07-30,Active,Postpaid,ANNUAL,Nova SME Connect,Business,35000,45000MB,2071.0,184,35000,,4G,-59.0,2.0,5.0
CUST01652,SUB01652,PROD004,2348093085104,Customer 1652,F,26-35,portharcourt,South East,,2022-10-30,Suspended,Postpaid,Annual,Nova SME Connect,Business,35000,34285,760.0,175,35000,bank transfer,3G,-103.0,,3.0
CUST01653,SUB01653,PROD001,2348058233915,Customer 1653,female,18-25,Lagos,North West,Basic,2025-06-18,Active,Postpaid,Monthly,Nova Premium 5G,Data,25000,45000MB,1762.0,278,,Cash,5G,,5.0,2.0
CUST01654,SUB01654,PROD004,2348045575248,Customer 1654,Male,46-60, Abuja ,North Central,Corporate,2021-07-24,,POSTPAID,No contract,Nova SME Connect,Business,35000,45000MB,1967.0,430,35000,bank transfer,LTE,-999.0,1.0,1.0
CUST01655,SUB01655,PROD001,2348048123300,Customer 1655,Female,36-45,LAGOS,North West,STANDARD,2024-12-20,ACTIVE,prepaid,Monthly,Nova Premium 5G,Data,25000,33936,3681.0,182,,bank transfer,4g,-60.0,,4.0
CUST01656,SUB01656,PROD002,2348089997465,Customer 1656,Male,46-60,lagos,South East,Corporate,2024-07-19,active,POSTPAID,ANNUAL,Nova Unlimited Voice,Voice,12000,45000MB,,664,12000,,4G,-95.0,0.0,5.0
CUST01657,SUB01657,PROD005,2348059580170,Customer 1657,Female,46-60, Abuja ,North Central,premium ,2021-11-03,Suspended,Prepaid,ANNUAL,Nova Starter,Bundle,8000,,933.0,124,8000,bank transfer,,-999.0,1.0,1.0
CUST01658,SUB01658,PROD004,2348087628832,Customer 1658,female,36-45,lagos,South West,Basic,2021-02-09,Cancelled,prepaid,Monthly,Nova SME Connect,Business,35000,,,143,,,,,1.0,3.0
CUST01659,SUB01659,PROD001,2348094504225,Customer 1659,Female,60+,Lagos,North West,Corporate,2021-05-27,Suspended,Postpaid,monthly,Nova Premium 5G,Data,25000,45000MB,,293,,Bank Transfer,5G,-999.0,5.0,
CUST01660,SUB01660,PROD002,2348056188488, Customer 1660 ,F,26-35,Kano,North West,Corporate,2025-02-11,Active,Prepaid,Monthly,Nova Unlimited Voice,Voice,12000,,2444.0,714,12000,Cash,5G,-999.0,5.0,1.0
CUST01661,SUB01661,PROD002,2348080746467,Customer 1661,Male,18-25,Abuja,South East,Basic,2021-09-23,Active,post paid,Annual,Nova Unlimited Voice,Voice,12000,,,614,,Card,4G,-109.0,2.0,
CUST01662,SUB01662,PROD005,2348096176178,Customer 1662,M,26-35,,North Central,Standard,2021-11-01,,post paid,monthly,Nova Starter,Bundle,8000,45000MB,,728,8000,Cash,4G,-61.0,5.0,5.0
CUST01663,SUB01663,PROD001,2348059592813,Customer 1663,male,36-45,,South South,premium ,2022-01-12,Active,POSTPAID,No contract,Nova Premium 5G,Data,25000,20312,3937.0,574,25000,bank transfer,LTE,,0.0,5.0
CUST01664,SUB01664,PROD005,2348075527838,Customer 1664,Male,60+,Kano,North Central,STANDARD,2024-01-09,active,post paid,ANNUAL,Nova Starter,Bundle,8000,56789,3250.0,105,8000,Bank Transfer,4G,-999.0,,3.0
CUST01665,SUB01665,PROD005,2348056958837,Customer 1665,F,26-35,Kano,South West,Premium,2024-03-08,cancelled,prepaid,No contract,Nova Starter,Bundle,8000,83108,693.0,256,8000,Card,LTE,,0.0,4.0
CUST01666,SUB01666,PROD005,2348050306173,Customer 1666,M,26-35,Port Harcourt,North West,premium ,2025-10-07,active,Prepaid,Annual,Nova Starter,Bundle,8000,60132,,429,8000,CARD,3G,-999.0,2.0,3.0
CUST01667,SUB01667,PROD001,2348085759153,Customer 1667,M,46-60,portharcourt,North West,Basic,2024-06-22,Actv,Prepaid,Annual,Nova Premium 5G,Data,25000,,,100,,CARD,3G,-97.0,2.0,3.0
CUST01668,SUB01668,PROD001,2348019846253,Customer 1668,Female,18-25, Abuja ,South West,Basic,2025-09-01,Actv,Prepaid,No contract,Nova Premium 5G,Data,25000,29133,,357,25000,,5G,,0.0,
CUST01669,SUB01669,PROD001,2348056184019,Customer 1669,Male,46-60, Abuja ,North West,Standard,2025-02-22,Suspended,post paid,ANNUAL,Nova Premium 5G,Data,25000,58002,,243,25000,Card,LTE,-99.0,2.0,1.0
CUST01670,SUB01670,PROD002,2348098206895,Customer 1670,m ,26-35,Lagos,South East,Basic,2025-08-22,ACTIVE,prepaid,Annual,Nova Unlimited Voice,Voice,12000,,897.0,326,12000,Cash,,,,2.0
CUST01671,SUB01671,PROD005,2348030690472,Customer 1671,M,18-25,Ibadan,South East,Corporate,2022-11-22,Active,Postpaid,Annual,Nova Starter,Bundle,8000,45000MB,,138,8000,Card,5G,-90.0,2.0,3.0
CUST01672,SUB01672,PROD004,2348036708908,Customer 1672,Female,46-60,Port Harcourt,South West,Basic,2022-09-05,cancelled,prepaid,ANNUAL,Nova SME Connect,Business,35000,62231,,311,35000,Cash,3G,,0.0,2.0
CUST01673,SUB01673,PROD004,2348028388978,Customer 1673,F,36-45,Kano,South East,,2023-07-23,Active,POSTPAID,Annual,Nova SME Connect,Business,35000,45000MB,1564.0,318,35000,Cash,4g,,5.0,4.0
CUST01674,SUB01674,PROD004,2348036314774,Customer 1674,m ,36-45,Enugu,South South,Corporate,2025-02-07,Cancelled,post paid,Annual,Nova SME Connect,Business,35000,,,181,,CARD,4G,-51.0,,1.0
CUST01675,SUB01675,PROD002,2348066139353,Customer 1675,Female,60+,Ibadan,South East,STANDARD,08/09/2022,Active,post paid,No contract,Nova Unlimited Voice,Voice,12000,75467,1313.0,109,,CARD,LTE,,0.0,5.0
CUST01676,SUB01676,PROD001,2348054330139,Customer 1676,Female,18-25,portharcourt,South East,STANDARD,2023-07-01,cancelled,POSTPAID,No contract,Nova Premium 5G,Data,25000,61365,,320,,,4G,,5.0,4.0
CUST01677,SUB01677,PROD002,2348014093099,Customer 1677,,18-25,Lagos,South South,Premium,2022-07-22,Active,prepaid,No contract,Nova Unlimited Voice,Voice,12000,,2605.0,486,,CARD,LTE,,,4.0
CUST01678,SUB01678,PROD002,2348032724380,Customer 1678,M,18-25,portharcourt,South South,premium ,2022-08-01,,POSTPAID,No contract,Nova Unlimited Voice,Voice,12000,,,325,12000,Card,3G,-999.0,1.0,2.0
CUST01679,SUB01679,PROD002,2348012907588,Customer 1679,Male,60+,LAGOS,South West,Basic,2022-03-15,ACTIVE,post paid,No contract,Nova Unlimited Voice,Voice,12000,,3807.0,688,12000,,3G,-999.0,2.0,2.0
CUST01680,SUB01680,PROD004,2348060442075, Customer 1680 ,male,36-45,LAGOS,South East,,2022-12-28,active,prepaid,Monthly,Nova SME Connect,Business,35000,26181,282.0,124,35000,Card,5G,,0.0,4.0
CUST01681,SUB01681,PROD005,2348029324456,Customer 1681,FEMALE,,portharcourt,North West,Premium,2024-03-09,cancelled,post paid,Annual,Nova Starter,Bundle,8000,40056,,267,,USSD,4g,,,4.0
CUST01682,SUB01682,PROD004,2348092152691,Customer 1682,Male,26-35,Ibadan,South West,Basic,2025-07-29,Active,POSTPAID,monthly,Nova SME Connect,Business,35000,,,576,35000,Cash,,-92.0,0.0,5.0
CUST01683,SUB01683,PROD002,2348023958955,Customer 1683,F,36-45,lagos,South South,Standard,2021-01-18,Actv,Postpaid,Monthly,Nova Unlimited Voice,Voice,12000,64653,1368.0,568,12000,Card,LTE,,2.0,2.0
CUST01684,SUB01684,PROD005,2348066583286,Customer 1684,Female,18-25,Kano,South East,STANDARD,2021-01-23,Suspended,POSTPAID,Monthly,Nova Starter,Bundle,8000,45000MB,1270.0,528,,USSD,,-999.0,5.0,2.0
CUST01685,SUB01685,PROD005,2348056482808,Customer 1685,female,18-25,Port Harcourt,North Central,Basic,2024-04-11,SUSPENDED,POSTPAID,monthly,Nova Starter,Bundle,8000,45000MB,,474,,Bank Transfer,4G,-999.0,1.0,3.0
CUST01686,SUB01686,PROD002,2348049990180,Customer 1686,Unknown,26-35,lagos,South East,,2021-03-19,active,Prepaid,monthly,Nova Unlimited Voice,Voice,12000,,2943.0,273,12000,Bank Transfer,5G,-96.0,2.0,2.0
CUST01687,SUB01687,PROD003,2348055557522,Customer 1687,Female,26-35,Ibadan,South West,,2021-02-08,Suspended,prepaid,monthly,Nova Hybrid Plus,Bundle,18000,,706.0,585,,Bank Transfer,LTE,-68.0,2.0,1.0
CUST01688,SUB01688,PROD005,2348057375411,Customer 1688,,26-35,portharcourt,South West,Basic,2024-05-27,Active,prepaid,Annual,Nova Starter,Bundle,8000,72298,,183,8000,USSD,4g,-999.0,,2.0
CUST01689,SUB01689,PROD001,2348045346207,Customer 1689,Female,46-60,,North Central,premium ,2022-05-21,Actv,POSTPAID,No contract,Nova Premium 5G,Data,25000,45000MB,2782.0,620,25000,Cash,5G,-999.0,,2.0
CUST01690,SUB01690,PROD004,2348092042460,Customer 1690,,18-25,Port Harcourt,North Central,premium ,2024-08-30,Active,Prepaid,No contract,Nova SME Connect,Business,35000,,2107.0,360,,USSD,,,2.0,4.0
CUST01691,SUB01691,PROD003,2348082509312,Customer 1691,male,60+,Kano,South East,,2025-03-02,,POSTPAID,Annual,Nova Hybrid Plus,Bundle,18000,45000MB,,658,18000,USSD,,,1.0,2.0
CUST01692,SUB01692,PROD005,2348069451469,Customer 1692,Female,,portharcourt,South South,STANDARD,2025-03-04,SUSPENDED,Postpaid,Monthly,Nova Starter,Bundle,8000,82807,1029.0,144,8000,Bank Transfer,4G,,5.0,4.0
CUST01693,SUB01693,PROD004,2348030729927,Customer 1693,Male,26-35,Kano,South West,,2023-03-02,Active,post paid,Monthly,Nova SME Connect,Business,35000,,2122.0,658,35000,bank transfer,4g,-999.0,5.0,1.0
CUST01694,SUB01694,PROD005,2348058034560,Customer 1694, f,46-60,,South East,STANDARD,2021-01-08,Actv,Postpaid,No contract,Nova Starter,Bundle,8000,,,138,8000,Card,,-105.0,1.0,5.0
CUST01695,SUB01695,PROD003,2348069044137,Customer 1695,Male,26-35,Enugu,South South,Corporate,2021-05-29,Cancelled,POSTPAID,monthly,Nova Hybrid Plus,Bundle,18000,45000MB,3022.0,202,18000,bank transfer,,-92.0,,4.0
CUST01696,SUB01696,PROD003,2348011286686,Customer 1696,Female,,Kano,South South,Corporate,2024-07-11,Actv,post paid,Monthly,Nova Hybrid Plus,Bundle,18000,45000MB,,347,,Cash,4g,-78.0,5.0,1.0
CUST01697,SUB01697,PROD005,2348034574057,Customer 1697,FEMALE,36-45,Port Harcourt,North West,Corporate,2021-03-30,active,post paid,monthly,Nova Starter,Bundle,8000,19364,1300.0,354,8000,bank transfer,5G,-999.0,2.0,
CUST01698,SUB01698,PROD001,2348077616189,Customer 1698,,60+,,North West,STANDARD,2024-03-25,ACTIVE,POSTPAID,Annual,Nova Premium 5G,Data,25000,88135,,334,25000,CARD,5G,-999.0,1.0,3.0
CUST01699,SUB01699,PROD001,2348015703036,Customer 1699,F,,LAGOS,North Central,Corporate,2024-07-04,Active,POSTPAID,Annual,Nova Premium 5G,Data,25000,19741,,255,,CARD,,-999.0,,1.0
CUST01700,SUB01700,PROD002,2348069841847, Customer 1700 ,Female,18-25,Port Harcourt,South East,Premium,26/03/2024,active,post paid,Monthly,Nova Unlimited Voice,Voice,12000,,3940.0,16,12000,Cash,,,2.0,2.0
CUST01701,SUB01701,PROD004,2348031973981,Customer 1701,Unknown,60+, Abuja ,North Central,STANDARD,2025-09-06,active,prepaid,ANNUAL,Nova SME Connect,Business,35000,45000MB,,475,35000,Bank Transfer,,,5.0,3.0
CUST01702,SUB01702,PROD003,2348027024312,Customer 1702,,36-45,portharcourt,South South,premium ,2025-08-08,Active,post paid,Annual,Nova Hybrid Plus,Bundle,18000,,3896.0,95,,,4g,,,5.0
CUST01703,SUB01703,PROD003,2348051686203,Customer 1703,MALE,36-45,Enugu,South West,premium ,2024-11-19,Active,Postpaid,ANNUAL,Nova Hybrid Plus,Bundle,18000,24186,,194,18000,bank transfer,LTE,,0.0,2.0
CUST01704,SUB01704,PROD003,2348049617789,Customer 1704,m ,18-25,LAGOS,South West,STANDARD,2022-07-08,active,prepaid,Monthly,Nova Hybrid Plus,Bundle,18000,45000MB,3734.0,102,,,4G,-999.0,1.0,
CUST01705,SUB01705,PROD004,2348058308447,Customer 1705,Female,46-60,lagos,North West,premium ,2023-09-17,Active,POSTPAID,Monthly,Nova SME Connect,Business,35000,45000MB,279.0,589,,Card,3G,-999.0,0.0,4.0
CUST01706,SUB01706,PROD002,2348098878009,Customer 1706,Female,,Kano,South West,Standard,2025-01-07,Active,prepaid,No contract,Nova Unlimited Voice,Voice,12000,,827.0,787,12000,bank transfer,4g,-61.0,5.0,2.0
CUST01707,SUB01707,PROD004,2348015585589,Customer 1707,,, Abuja ,South South,Basic,2021-01-09,SUSPENDED,POSTPAID,ANNUAL,Nova SME Connect,Business,35000,45000MB,,551,,Card,,-52.0,2.0,3.0
CUST01708,SUB01708,PROD004,2348083044448,Customer 1708,MALE,18-25,Lagos,North West,Basic,2021-12-01,Suspended,Prepaid,Annual,Nova SME Connect,Business,35000,51403,,796,,bank transfer,,-98.0,0.0,2.0
CUST01709,SUB01709,PROD004,2348044937561,Customer 1709,Female,26-35,Lagos,North West,Standard,2021-11-08,Active,Prepaid,monthly,Nova SME Connect,Business,35000,43049,,411,35000,Cash,5G,,0.0,2.0
CUST01710,SUB01710,PROD001,2348016263218,Customer 1710,Male,26-35,Enugu,South East,premium ,2025-10-12,ACTIVE,Postpaid,No contract,Nova Premium 5G,Data,25000,45000MB,,734,,CARD,,,2.0,4.0
CUST01711,SUB01711,PROD004,2348088667545,Customer 1711,FEMALE,60+,lagos,North Central,STANDARD,2022-03-13,active,Prepaid,No contract,Nova SME Connect,Business,35000,,,293,35000,CARD,4G,-63.0,2.0,1.0
CUST01712,SUB01712,PROD002,2348067416612,Customer 1712,male,60+,Ibadan,South East,STANDARD,2022-01-31,ACTIVE,post paid,No contract,Nova Unlimited Voice,Voice,12000,45000MB,230.0,230,12000,Cash,5G,,5.0,1.0
CUST01713,SUB01713,PROD002,2348037757355,Customer 1713,male,18-25,,South South,Corporate,2021-06-24,active,post paid,No contract,Nova Unlimited Voice,Voice,12000,68614,434.0,164,12000,CARD,LTE,-76.0,0.0,1.0
CUST01714,SUB01714,PROD003,2348013889432,Customer 1714,M,,Lagos,North West,Corporate,2022-01-27,Active,prepaid,monthly,Nova Hybrid Plus,Bundle,18000,,2680.0,195,18000,,LTE,,2.0,4.0
CUST01715,SUB01715,PROD004,2348087546624,Customer 1715,M,60+,,South West,,2022-09-09,ACTIVE,prepaid,Annual,Nova SME Connect,Business,35000,45000MB,,665,35000,bank transfer,4g,,1.0,3.0
CUST01716,SUB01716,PROD002,2348051945918,Customer 1716,m ,,lagos,South East,Basic,2024-01-29,Active,POSTPAID,ANNUAL,Nova Unlimited Voice,Voice,12000,19097,490.0,717,12000,bank transfer,LTE,-999.0,2.0,1.0
CUST01717,SUB01717,PROD001,2348060172826,Customer 1717,Male,26-35,Enugu,South West,,2023-11-13,Active,prepaid,Monthly,Nova Premium 5G,Data,25000,,,66,25000,bank transfer,3G,-999.0,,3.0
CUST01718,SUB01718,PROD003,2348013488087,Customer 1718,Male,18-25,Enugu,South East,Standard,2023-02-13,Suspended,POSTPAID,ANNUAL,Nova Hybrid Plus,Bundle,18000,45000MB,,78,,bank transfer,LTE,-101.0,5.0,5.0
CUST01719,SUB01719,PROD005,2348083722995,Customer 1719,,60+,Kano,South West,Premium,2023-07-06,SUSPENDED,Postpaid,No contract,Nova Starter,Bundle,8000,8333,,206,8000,,5G,,0.0,1.0
CUST01720,SUB01720,PROD003,2348099977357, Customer 1720 ,F,26-35,Port Harcourt,South West,Basic,2024-11-23,SUSPENDED,post paid,ANNUAL,Nova Hybrid Plus,Bundle,18000,42712,2570.0,284,18000,Bank Transfer,,-73.0,0.0,1.0
CUST01721,SUB01721,PROD003,2348032552208,Customer 1721,Female,46-60, Abuja ,South East,Corporate,2024-09-15,Active,Postpaid,Monthly,Nova Hybrid Plus,Bundle,18000,48393,1366.0,714,,Bank Transfer,4g,-54.0,2.0,1.0
CUST01722,SUB01722,PROD003,2348084839732,Customer 1722,F,18-25,Lagos,South South,Corporate,2023-09-22,,prepaid,ANNUAL,Nova Hybrid Plus,Bundle,18000,45000MB,828.0,650,18000,CARD,4G,-60.0,0.0,1.0
CUST01723,SUB01723,PROD003,2348039906353,Customer 1723,F,26-35,Abuja,South South,Basic,2022-05-09,,post paid,ANNUAL,Nova Hybrid Plus,Bundle,18000,45000MB,1568.0,630,,bank transfer,3G,-87.0,5.0,3.0
CUST01724,SUB01724,PROD002,2348019622656,Customer 1724, f,, Abuja ,North Central,Corporate,2022-07-04,,post paid,Annual,Nova Unlimited Voice,Voice,12000,3168,1442.0,312,,CARD,3G,-95.0,2.0,5.0
CUST01725,SUB01725,PROD002,2348094214617,Customer 1725,Male,26-35,lagos,North West,premium ,03/05/2024,Suspended,Prepaid,Monthly,Nova Unlimited Voice,Voice,12000,20060,1300.0,444,,bank transfer,LTE,-109.0,1.0,5.0
CUST01726,SUB01726,PROD001,2348041417204,Customer 1726,,26-35,lagos,South West,Corporate,2024-05-16,,POSTPAID,Annual,Nova Premium 5G,Data,25000,5054,2947.0,683,25000,Bank Transfer,5G,,2.0,3.0
CUST01727,SUB01727,PROD005,2348037922772,Customer 1727,F,18-25,Enugu,South West,Standard,2021-08-13,Active,Prepaid,Annual,Nova Starter,Bundle,8000,45000MB,,690,8000,Card,5G,,1.0,2.0
CUST01728,SUB01728,PROD004,2348098059509,Customer 1728,female,60+,Ibadan,North West,STANDARD,2023-03-18,ACTIVE,Postpaid,No contract,Nova SME Connect,Business,35000,,,397,35000,CARD,3G,,,
CUST01729,SUB01729,PROD004,2348024488747,Customer 1729,female,,Abuja,South South,Basic,2022-08-13,ACTIVE,POSTPAID,monthly,Nova SME Connect,Business,35000,,3181.0,505,,Bank Transfer,3G,-999.0,2.0,2.0
CUST01730,SUB01730,PROD002,2348078170383,Customer 1730,F,18-25,Port Harcourt,North West,STANDARD,2022-10-06,ACTIVE,prepaid,Annual,Nova Unlimited Voice,Voice,12000,45000MB,1309.0,91,,Card,5G,,,3.0
CUST01731,SUB01731,PROD003,2348048030197,Customer 1731,Female,60+,lagos,North West,STANDARD,2022-07-11,Active,prepaid,No contract,Nova Hybrid Plus,Bundle,18000,45000MB,1266.0,146,,USSD,,-999.0,2.0,3.0
CUST01732,SUB01732,PROD005,2348016471208,Customer 1732,Male,36-45, Abuja ,North West,premium ,2021-07-23,Cancelled,Postpaid,Annual,Nova Starter,Bundle,8000,44266,,438,8000,Card,LTE,-999.0,2.0,3.0
CUST01733,SUB01733,PROD005,2348038221207,Customer 1733,Male,,LAGOS,South South,STANDARD,2025-10-27,cancelled,POSTPAID,Monthly,Nova Starter,Bundle,8000,,,517,,CARD,,-64.0,5.0,5.0
CUST01734,SUB01734,PROD004,2348025214153,Customer 1734,Male,46-60,Enugu,North West,Premium,2022-10-10,Cancelled,post paid,Annual,Nova SME Connect,Business,35000,,2175.0,625,35000,bank transfer,LTE,,0.0,4.0
CUST01735,SUB01735,PROD001,2348060239226,Customer 1735,Female,60+,,South East,Basic,2022-10-20,Active,post paid,Monthly,Nova Premium 5G,Data,25000,62369,,550,25000,bank transfer,LTE,-71.0,,2.0
CUST01736,SUB01736,PROD002,2348027706847,Customer 1736,Male,26-35, Abuja ,South South,premium ,2021-05-15,active,Prepaid,Monthly,Nova Unlimited Voice,Voice,12000,14765,,756,12000,Cash,4g,,5.0,2.0
CUST01737,SUB01737,PROD005,2348052685546,Customer 1737,MALE,,lagos,South West,premium ,2023-01-22,active,POSTPAID,Monthly,Nova Starter,Bundle,8000,45000MB,,479,8000,CARD,5G,,2.0,4.0
CUST01738,SUB01738,PROD001,2348035892219,Customer 1738,F,60+,Port Harcourt,South South,Corporate,2025-05-06,Cancelled,Prepaid,No contract,Nova Premium 5G,Data,25000,,,471,25000,bank transfer,,-79.0,,
CUST01739,SUB01739,PROD002,2348098687521,Customer 1739,Male,36-45,lagos,South East,premium ,2022-09-02,Cancelled,Prepaid,No contract,Nova Unlimited Voice,Voice,12000,,2586.0,365,,Bank Transfer,5G,,,5.0
CUST01740,SUB01740,PROD004,2348061544242, Customer 1740 , f,60+,Port Harcourt,South East,Corporate,2023-07-08,Cancelled,Postpaid,Annual,Nova SME Connect,Business,35000,50320,1036.0,739,35000,bank transfer,4g,-999.0,,4.0
CUST01741,SUB01741,PROD003,2348062237265,Customer 1741,Female,36-45,,South West,premium ,2021-12-15,Active,Postpaid,Monthly,Nova Hybrid Plus,Bundle,18000,941,,60,18000,CARD,LTE,,1.0,3.0
CUST01742,SUB01742,PROD004,2348039420279,Customer 1742,,46-60, Abuja ,North West,Premium,2022-05-05,cancelled,post paid,No contract,Nova SME Connect,Business,35000,,517.0,539,35000,bank transfer,4G,-999.0,1.0,2.0
CUST01743,SUB01743,PROD004,2348052022339,Customer 1743,Female,60+,Kano,North West,,2025-08-17,Suspended,Postpaid,Monthly,Nova SME Connect,Business,35000,59469,69.0,52,35000,bank transfer,4G,,,2.0
CUST01744,SUB01744,PROD001,2348029795442,Customer 1744,M,36-45, Abuja ,North West,Corporate,2025-06-15,SUSPENDED,Prepaid,monthly,Nova Premium 5G,Data,25000,,900.0,132,25000,Card,,-72.0,0.0,
CUST01745,SUB01745,PROD002,2348093185059,Customer 1745,Female,46-60,Enugu,South East,Premium,2025-09-20,Cancelled,POSTPAID,Annual,Nova Unlimited Voice,Voice,12000,45000MB,3994.0,196,12000,CARD,5G,-94.0,5.0,1.0
CUST01746,SUB01746,PROD001,2348038564818,Customer 1746,male,46-60,,South West,Premium,2022-07-27,Suspended,post paid,Monthly,Nova Premium 5G,Data,25000,45000MB,,598,,Card,5G,,1.0,2.0
CUST01747,SUB01747,PROD005,2348059427149,Customer 1747,Male,36-45,lagos,South East,Premium,2022-06-24,active,Prepaid,monthly,Nova Starter,Bundle,8000,,,247,,Bank Transfer,4g,,2.0,1.0
CUST01748,SUB01748,PROD004,2348095344880,Customer 1748,MALE,26-35,Ibadan,North Central,STANDARD,2024-04-27,,prepaid,No contract,Nova SME Connect,Business,35000,,2089.0,565,35000,CARD,4G,-999.0,1.0,3.0
CUST01749,SUB01749,PROD005,2348049235752,Customer 1749,Unknown,36-45,portharcourt,North West,premium ,2023-05-13,Actv,prepaid,Monthly,Nova Starter,Bundle,8000,72558,,396,8000,Card,5G,-999.0,5.0,3.0
CUST01750,SUB01750,PROD004,2348047981622,Customer 1750,Male,36-45, Abuja ,South South,premium ,06/10/2023,Suspended,prepaid,Annual,Nova SME Connect,Business,35000,24031,713.0,188,35000,,,-999.0,5.0,
CUST01751,SUB01751,PROD003,2348062531820,Customer 1751,female,60+, Abuja ,North West,,2023-06-15,active,Postpaid,ANNUAL,Nova Hybrid Plus,Bundle,18000,45000MB,,333,,Cash,3G,,0.0,3.0
CUST01752,SUB01752,PROD003,2348092189685,Customer 1752,female,18-25,Port Harcourt,South West,STANDARD,2025-04-07,Actv,prepaid,Monthly,Nova Hybrid Plus,Bundle,18000,,,159,,Cash,3G,,5.0,2.0
CUST01753,SUB01753,PROD005,2348086916967,Customer 1753,M,46-60,Enugu,North Central,Premium,2024-10-07,Active,Postpaid,ANNUAL,Nova Starter,Bundle,8000,45000MB,1770.0,239,,,LTE,-58.0,2.0,1.0
CUST01754,SUB01754,PROD005,2348084548079,Customer 1754,Female,18-25,,North West,Premium,2022-07-03,active,POSTPAID,ANNUAL,Nova Starter,Bundle,8000,,397.0,633,,Bank Transfer,,-66.0,,
CUST01755,SUB01755,PROD005,2348012091138,Customer 1755, f,36-45,portharcourt,South West,,2025-10-09,Active,Postpaid,monthly,Nova Starter,Bundle,8000,1814,,690,,,4G,,5.0,1.0
CUST01756,SUB01756,PROD004,2348031130706,Customer 1756,FEMALE,46-60,Abuja,South West,Standard,2022-09-08,,prepaid,No contract,Nova SME Connect,Business,35000,45000MB,,619,35000,CARD,4g,,,
CUST01757,SUB01757,PROD003,2348080141165,Customer 1757,Female,46-60,portharcourt,South South,Basic,2025-10-10,cancelled,prepaid,Monthly,Nova Hybrid Plus,Bundle,18000,51943,1394.0,5,18000,USSD,4G,,5.0,
CUST01758,SUB01758,PROD005,2348083937914,Customer 1758,F,60+,lagos,South South,,2022-04-14,ACTIVE,Prepaid,ANNUAL,Nova Starter,Bundle,8000,,2523.0,733,,Card,5G,-999.0,5.0,1.0
CUST01759,SUB01759,PROD004,2348041620417,Customer 1759,Male,,Lagos,North Central,STANDARD,2024-07-26,Active,Postpaid,Monthly,Nova SME Connect,Business,35000,45000MB,,165,35000,USSD,,,5.0,1.0
CUST01760,SUB01760,PROD005,2348086136957, Customer 1760 ,Male,,LAGOS,South East,,2025-08-28,cancelled,post paid,Annual,Nova Starter,Bundle,8000,,26.0,136,,bank transfer,LTE,,5.0,2.0
CUST01761,SUB01761,PROD004,2348072897291,Customer 1761,,46-60,Port Harcourt,South West,Basic,2023-03-28,active,Prepaid,Monthly,Nova SME Connect,Business,35000,45000MB,,201,35000,CARD,,-77.0,1.0,1.0
CUST01762,SUB01762,PROD002,2348014467086,Customer 1762,Male,36-45,Ibadan,South South,Premium,2021-06-01,Cancelled,Prepaid,Annual,Nova Unlimited Voice,Voice,12000,,2514.0,560,12000,bank transfer,5G,,5.0,2.0
CUST01763,SUB01763,PROD001,2348066231461,Customer 1763,M,46-60,portharcourt,North Central,Basic,2023-09-10,Cancelled,Prepaid,ANNUAL,Nova Premium 5G,Data,25000,45000MB,,305,25000,Cash,5G,-999.0,5.0,
CUST01764,SUB01764,PROD004,2348048156805,Customer 1764,M,18-25,Port Harcourt,South East,Standard,2025-09-14,Actv,Prepaid,No contract,Nova SME Connect,Business,35000,19630,308.0,495,,Bank Transfer,3G,,0.0,2.0
CUST01765,SUB01765,PROD002,2348077282874,Customer 1765, f,26-35,Lagos,South West,Standard,2023-06-20,Active,prepaid,Monthly,Nova Unlimited Voice,Voice,12000,,289.0,516,12000,USSD,LTE,-75.0,,1.0
CUST01766,SUB01766,PROD005,2348066880546,Customer 1766,Female,36-45,lagos,South South,Basic,2022-09-12,active,Prepaid,Annual,Nova Starter,Bundle,8000,23227,,424,,Bank Transfer,3G,-999.0,,3.0
CUST01767,SUB01767,PROD005,2348014698518,Customer 1767,Male,60+,lagos,South West,Basic,2023-11-06,SUSPENDED,post paid,Annual,Nova Starter,Bundle,8000,57088,3470.0,738,8000,Card,LTE,,1.0,
CUST01768,SUB01768,PROD001,2348049143093,Customer 1768,Male,,Lagos,North West,,2021-05-30,,POSTPAID,Monthly,Nova Premium 5G,Data,25000,,2007.0,217,,Cash,5G,,5.0,1.0
CUST01769,SUB01769,PROD005,2348097513623,Customer 1769,,36-45, Abuja ,South East,,2021-03-28,,post paid,Annual,Nova Starter,Bundle,8000,45000MB,,584,,,5G,,0.0,
CUST01770,SUB01770,PROD001,2348090368571,Customer 1770,Female,,Enugu,North West,Premium,2023-07-16,Actv,Postpaid,Annual,Nova Premium 5G,Data,25000,31156,,49,,,3G,-77.0,1.0,3.0
CUST01771,SUB01771,PROD002,2348077433630,Customer 1771,Female,36-45,portharcourt,North West,Corporate,2024-10-17,Active,Postpaid,monthly,Nova Unlimited Voice,Voice,12000,21990,,586,12000,Card,4G,-999.0,2.0,2.0
CUST01772,SUB01772,PROD001,2348033505173,Customer 1772,M,26-35,LAGOS,South East,premium ,2024-06-09,active,POSTPAID,Monthly,Nova Premium 5G,Data,25000,,,184,,Card,4g,,,1.0
CUST01773,SUB01773,PROD003,2348018817856,Customer 1773,Female,36-45,Abuja,South West,premium ,2022-04-16,Active,post paid,Annual,Nova Hybrid Plus,Bundle,18000,45000MB,1500.0,251,18000,CARD,4G,-999.0,5.0,
CUST01774,SUB01774,PROD004,2348076149349,Customer 1774,FEMALE,36-45,Kano,South West,Basic,2022-09-18,Suspended,Postpaid,No contract,Nova SME Connect,Business,35000,45000MB,417.0,90,35000,USSD,,-999.0,5.0,1.0
CUST01775,SUB01775,PROD005,2348042824250,Customer 1775,Female,46-60,Ibadan,South East,,05/04/2024,Active,Prepaid,ANNUAL,Nova Starter,Bundle,8000,45000MB,3341.0,666,8000,bank transfer,4G,-999.0,,4.0
CUST01776,SUB01776,PROD001,2348027363304,Customer 1776,F,18-25,Ibadan,North West,Premium,2022-11-04,Actv,Postpaid,Monthly,Nova Premium 5G,Data,25000,,30.0,374,25000,bank transfer,4G,-999.0,5.0,2.0
CUST01777,SUB01777,PROD002,2348031929406,Customer 1777,Female,60+,Enugu,South East,Corporate,2023-09-19,Suspended,Postpaid,No contract,Nova Unlimited Voice,Voice,12000,29885,,288,12000,CARD,3G,,,3.0
CUST01778,SUB01778,PROD001,2348087182965,Customer 1778,Male,18-25,Enugu,North Central,Basic,2025-06-09,,Prepaid,Annual,Nova Premium 5G,Data,25000,46814,656.0,388,25000,CARD,,-86.0,1.0,5.0
CUST01779,SUB01779,PROD004,2348059386619,Customer 1779,FEMALE,, Abuja ,South West,Premium,2023-12-25,Active,post paid,Monthly,Nova SME Connect,Business,35000,,2998.0,260,,Card,,,5.0,4.0
CUST01780,SUB01780,PROD002,2348022138279, Customer 1780 ,Female,36-45,lagos,South South,premium ,2024-06-05,cancelled,post paid,Annual,Nova Unlimited Voice,Voice,12000,84311,1946.0,636,12000,Cash,3G,-65.0,1.0,2.0
CUST01781,SUB01781,PROD001,2348095426316,Customer 1781,Female,18-25,Port Harcourt,South East,Basic,2021-01-27,,Postpaid,ANNUAL,Nova Premium 5G,Data,25000,45000MB,313.0,230,25000,Card,5G,-999.0,0.0,2.0
CUST01782,SUB01782,PROD005,2348083411611,Customer 1782,Male,18-25,Abuja,North West,Premium,2022-08-31,Cancelled,prepaid,monthly,Nova Starter,Bundle,8000,45000MB,1214.0,560,,USSD,LTE,,1.0,3.0
CUST01783,SUB01783,PROD005,2348011067096,Customer 1783,,18-25,Abuja,South South,,2025-08-16,Cancelled,Prepaid,Annual,Nova Starter,Bundle,8000,,,131,8000,,LTE,-999.0,,5.0
CUST01784,SUB01784,PROD002,2348045542847,Customer 1784,female,36-45,Port Harcourt,North Central,Corporate,2025-08-20,Active,prepaid,monthly,Nova Unlimited Voice,Voice,12000,,,181,,bank transfer,4G,-999.0,1.0,1.0
CUST01785,SUB01785,PROD003,2348085583726,Customer 1785,Male,60+,Enugu,South West,Premium,2024-03-09,SUSPENDED,POSTPAID,ANNUAL,Nova Hybrid Plus,Bundle,18000,45000MB,2692.0,346,18000,Bank Transfer,4g,-999.0,5.0,
CUST01786,SUB01786,PROD003,2348058607003,Customer 1786,Male,36-45,Port Harcourt,South West,premium ,2024-01-04,Suspended,POSTPAID,No contract,Nova Hybrid Plus,Bundle,18000,,,66,18000,Card,,-999.0,,3.0
CUST01787,SUB01787,PROD003,2348015260648,Customer 1787,Female,18-25,LAGOS,North Central,,2025-09-25,Actv,Postpaid,No contract,Nova Hybrid Plus,Bundle,18000,,432.0,146,18000,Bank Transfer,LTE,-999.0,5.0,3.0
CUST01788,SUB01788,PROD002,2348055820929,Customer 1788,Male,,,South South,premium ,2021-07-04,Cancelled,prepaid,Monthly,Nova Unlimited Voice,Voice,12000,35216,,27,12000,Bank Transfer,LTE,-999.0,0.0,2.0
CUST01789,SUB01789,PROD001,2348035528971,Customer 1789,male,26-35,lagos,North West,premium ,2021-08-05,Cancelled,Postpaid,No contract,Nova Premium 5G,Data,25000,50909,,371,25000,Bank Transfer,4G,-97.0,2.0,2.0
CUST01790,SUB01790,PROD005,2348078173245,Customer 1790,Female,,Lagos,North West,Premium,2022-07-09,active,POSTPAID,No contract,Nova Starter,Bundle,8000,17686,2454.0,200,8000,bank transfer,,-999.0,5.0,5.0
CUST01791,SUB01791,PROD005,2348076094742,Customer 1791,Male,18-25,,North West,Corporate,2023-07-28,Active,post paid,Annual,Nova Starter,Bundle,8000,,506.0,22,8000,CARD,5G,-63.0,5.0,1.0
CUST01792,SUB01792,PROD003,2348056714930,Customer 1792,Male,18-25,Abuja,South South,Standard,2022-09-20,cancelled,Prepaid,Annual,Nova Hybrid Plus,Bundle,18000,59402,2988.0,501,18000,Cash,,-999.0,2.0,
CUST01793,SUB01793,PROD003,2348026512924,Customer 1793,Female,,Port Harcourt,North West,STANDARD,2025-10-24,Cancelled,Postpaid,ANNUAL,Nova Hybrid Plus,Bundle,18000,37884,3648.0,72,18000,CARD,3G,-78.0,0.0,4.0
CUST01794,SUB01794,PROD004,2348062429471,Customer 1794,male,,Kano,North Central,Corporate,2021-08-18,Cancelled,Postpaid,No contract,Nova SME Connect,Business,35000,45000MB,,103,35000,Cash,3G,,0.0,4.0
CUST01795,SUB01795,PROD001,2348064058640,Customer 1795,Male,36-45,Enugu,South South,,2025-11-05,active,Postpaid,monthly,Nova Premium 5G,Data,25000,18474,2841.0,678,,bank transfer,4G,-999.0,,2.0
CUST01796,SUB01796,PROD003,2348047108754,Customer 1796,,,lagos,North West,Standard,2023-02-28,,post paid,ANNUAL,Nova Hybrid Plus,Bundle,18000,45000MB,,274,,USSD,LTE,-999.0,,5.0
CUST01797,SUB01797,PROD005,2348082333533,Customer 1797,female,18-25,Ibadan,South South,STANDARD,2021-09-16,cancelled,Prepaid,Monthly,Nova Starter,Bundle,8000,22352,,548,8000,CARD,4g,-999.0,5.0,5.0
CUST01798,SUB01798,PROD003,2348062459917,Customer 1798,female,36-45,Abuja,South West,Standard,2021-05-28,Active,Prepaid,monthly,Nova Hybrid Plus,Bundle,18000,,2685.0,752,18000,USSD,5G,-81.0,5.0,2.0
CUST01799,SUB01799,PROD003,2348072194969,Customer 1799,female,,Port Harcourt,North West,,2022-06-03,Actv,prepaid,ANNUAL,Nova Hybrid Plus,Bundle,18000,,2624.0,117,18000,Card,,,0.0,4.0
CUST01800,SUB01800,PROD004,2348017389057, Customer 1800 ,Unknown,,portharcourt,South West,,13/11/2025,Active,Prepaid,No contract,Nova SME Connect,Business,35000,85439,71.0,573,35000,Card,4g,,,4.0
CUST01801,SUB01801,PROD002,2348073657542,Customer 1801,F,36-45,Lagos,North West,Premium,2025-03-07,ACTIVE,prepaid,No contract,Nova Unlimited Voice,Voice,12000,,,51,12000,Bank Transfer,5G,-999.0,1.0,3.0
CUST01802,SUB01802,PROD005,2348080704670,Customer 1802,Male,26-35,Abuja,South West,Corporate,2021-10-22,Active,post paid,ANNUAL,Nova Starter,Bundle,8000,,408.0,742,,bank transfer,3G,-999.0,2.0,1.0
CUST01803,SUB01803,PROD001,2348090597752,Customer 1803,,,portharcourt,North West,STANDARD,2025-07-12,active,Postpaid,Annual,Nova Premium 5G,Data,25000,45000MB,3500.0,682,,Card,LTE,,2.0,1.0
CUST01804,SUB01804,PROD005,2348084757609,Customer 1804,Female,36-45,Abuja,North Central,Premium,2025-11-25,Active,prepaid,monthly,Nova Starter,Bundle,8000,,2400.0,198,,Card,LTE,,1.0,2.0
CUST01805,SUB01805,PROD005,2348088480883,Customer 1805,F,60+,Port Harcourt,North West,Basic,2025-06-07,Active,Prepaid,Monthly,Nova Starter,Bundle,8000,45000MB,,151,8000,Card,4g,-999.0,,2.0
CUST01806,SUB01806,PROD003,2348096823644,Customer 1806,Female,60+,Port Harcourt,North West,premium ,2023-06-06,ACTIVE,POSTPAID,Annual,Nova Hybrid Plus,Bundle,18000,,,489,,Bank Transfer,LTE,,0.0,1.0
CUST01807,SUB01807,PROD004,2348063107555,Customer 1807,Female,60+,Kano,North Central,premium ,2023-04-14,,POSTPAID,No contract,Nova SME Connect,Business,35000,,,531,35000,USSD,5G,-999.0,2.0,1.0
CUST01808,SUB01808,PROD005,2348034852676,Customer 1808,male,60+,Abuja,North Central,premium ,2023-04-06,Cancelled,Prepaid,No contract,Nova Starter,Bundle,8000,45000MB,1836.0,199,,Cash,4G,,5.0,1.0
CUST01809,SUB01809,PROD003,2348061319044,Customer 1809,F,26-35,lagos,South West,Premium,2023-10-05,Cancelled,Postpaid,No contract,Nova Hybrid Plus,Bundle,18000,45000MB,,11,,Bank Transfer,5G,,2.0,5.0
CUST01810,SUB01810,PROD005,2348022819136,Customer 1810,Male,60+,Ibadan,North Central,premium ,2024-04-24,Active,prepaid,monthly,Nova Starter,Bundle,8000,45000MB,2385.0,2,,Cash,4G,-999.0,2.0,1.0
CUST01811,SUB01811,PROD003,2348011756160,Customer 1811,Male,60+,LAGOS,South West,Basic,2021-09-10,Cancelled,POSTPAID,monthly,Nova Hybrid Plus,Bundle,18000,45000MB,,752,,,4G,-999.0,2.0,2.0
CUST01812,SUB01812,PROD004,2348094537808,Customer 1812,M,,Ibadan,North West,Basic,2024-05-21,Suspended,Postpaid,ANNUAL,Nova SME Connect,Business,35000,,2393.0,378,,Card,LTE,-999.0,0.0,4.0
CUST01813,SUB01813,PROD005,2348045736783,Customer 1813,Male,46-60, Abuja ,North West,,2022-02-21,Cancelled,Postpaid,No contract,Nova Starter,Bundle,8000,45000MB,,624,8000,Cash,LTE,,1.0,2.0
CUST01814,SUB01814,PROD001,2348024270320,Customer 1814,female,,Lagos,North Central,Premium,2025-09-28,,Postpaid,Monthly,Nova Premium 5G,Data,25000,,2620.0,468,25000,bank transfer,4g,-91.0,0.0,4.0
CUST01815,SUB01815,PROD004,2348024030285,Customer 1815,Female,60+,lagos,North Central,Basic,2024-10-16,,Prepaid,No contract,Nova SME Connect,Business,35000,83683,2642.0,683,35000,bank transfer,5G,-76.0,1.0,2.0
CUST01816,SUB01816,PROD001,2348070355908,Customer 1816,,60+, Abuja ,South West,Standard,2021-06-14,Active,POSTPAID,Monthly,Nova Premium 5G,Data,25000,7748,,317,25000,CARD,,-999.0,5.0,
CUST01817,SUB01817,PROD003,2348071203625,Customer 1817,Female,18-25,Lagos,South South,Corporate,2025-08-07,active,POSTPAID,ANNUAL,Nova Hybrid Plus,Bundle,18000,47024,2719.0,240,18000,,4G,-76.0,1.0,2.0
CUST01818,SUB01818,PROD002,2348028715855,Customer 1818,Female,36-45,Kano,South West,STANDARD,2021-01-20,,prepaid,Monthly,Nova Unlimited Voice,Voice,12000,45000MB,,642,12000,,4G,-999.0,2.0,5.0
CUST01819,SUB01819,PROD004,2348024630894,Customer 1819,,26-35,portharcourt,South West,premium ,2024-11-26,Cancelled,POSTPAID,Annual,Nova SME Connect,Business,35000,84200,1787.0,612,35000,CARD,3G,-56.0,0.0,2.0
CUST01820,SUB01820,PROD004,2348088960662, Customer 1820 ,Female,36-45,Enugu,South West,Premium,2025-01-18,Cancelled,Prepaid,monthly,Nova SME Connect,Business,35000,65729,,689,35000,Bank Transfer,5G,-105.0,0.0,5.0
CUST01821,SUB01821,PROD001,2348056891536,Customer 1821,male,36-45,Lagos,North Central,Basic,2022-08-15,active,POSTPAID,Annual,Nova Premium 5G,Data,25000,45000MB,1294.0,245,25000,Bank Transfer,3G,-999.0,0.0,
CUST01822,SUB01822,PROD002,2348016499965,Customer 1822,,36-45,Port Harcourt,South West,STANDARD,2021-11-03,active,prepaid,Monthly,Nova Unlimited Voice,Voice,12000,83599,,228,12000,,3G,-999.0,,5.0
CUST01823,SUB01823,PROD002,2348061794770,Customer 1823,F,18-25,Port Harcourt,North West,Basic,2023-06-26,cancelled,prepaid,ANNUAL,Nova Unlimited Voice,Voice,12000,7728,2028.0,294,,USSD,5G,-999.0,5.0,3.0
CUST01824,SUB01824,PROD001,2348097861813,Customer 1824,,26-35,Lagos,South South,Corporate,2021-01-22,Active,Postpaid,No contract,Nova Premium 5G,Data,25000,29569,,98,25000,Cash,5G,-999.0,2.0,4.0
CUST01825,SUB01825,PROD002,2348032511280,Customer 1825,Female,,Ibadan,North Central,Standard,19/08/2022,active,prepaid,No contract,Nova Unlimited Voice,Voice,12000,45000MB,,400,,Card,LTE,-63.0,1.0,1.0
CUST01826,SUB01826,PROD005,2348012108481,Customer 1826,F,60+,lagos,North West,Basic,2024-01-12,Suspended,POSTPAID,ANNUAL,Nova Starter,Bundle,8000,,,403,,Cash,LTE,,,4.0
CUST01827,SUB01827,PROD005,2348099571945,Customer 1827,Male,46-60,Kano,North Central,Corporate,2025-01-09,Active,post paid,monthly,Nova Starter,Bundle,8000,45000MB,,777,,CARD,,,,5.0
CUST01828,SUB01828,PROD003,2348044419743,Customer 1828,,26-35,lagos,North West,Standard,2022-09-15,Active,prepaid,Annual,Nova Hybrid Plus,Bundle,18000,33460,188.0,304,,Card,4g,,5.0,5.0
CUST01829,SUB01829,PROD002,2348054470702,Customer 1829,,60+,lagos,North Central,STANDARD,2022-02-16,active,post paid,ANNUAL,Nova Unlimited Voice,Voice,12000,36003,3802.0,597,,Bank Transfer,4g,-999.0,5.0,
CUST01830,SUB01830,PROD003,2348014582550,Customer 1830,F,18-25, Abuja ,North Central,Standard,2025-10-08,active,Prepaid,Annual,Nova Hybrid Plus,Bundle,18000,,,549,18000,Card,4g,,0.0,2.0
CUST01831,SUB01831,PROD001,2348017676078,Customer 1831,F,46-60,Enugu,South South,Corporate,2022-05-24,ACTIVE,prepaid,No contract,Nova Premium 5G,Data,25000,45000MB,1991.0,237,25000,bank transfer,5G,-999.0,,
CUST01832,SUB01832,PROD003,2348038309296,Customer 1832,male,60+,Lagos,North West,,2023-06-07,Active,Postpaid,ANNUAL,Nova Hybrid Plus,Bundle,18000,15135,1362.0,501,,CARD,3G,-999.0,5.0,4.0
CUST01833,SUB01833,PROD004,2348054519804,Customer 1833,male,60+,Port Harcourt,South East,STANDARD,2023-05-08,Active,Prepaid,Monthly,Nova SME Connect,Business,35000,56777,,784,35000,,,,,3.0
CUST01834,SUB01834,PROD002,2348024820292,Customer 1834,female,60+,lagos,South South,Basic,2024-04-08,,Postpaid,Annual,Nova Unlimited Voice,Voice,12000,,2306.0,728,12000,Cash,3G,,2.0,1.0
CUST01835,SUB01835,PROD004,2348072712971,Customer 1835,Female,46-60,Kano,South South,Basic,2025-05-05,Actv,Prepaid,No contract,Nova SME Connect,Business,35000,45000MB,,746,35000,Card,4g,-999.0,5.0,
CUST01836,SUB01836,PROD004,2348080321420,Customer 1836,F,,Kano,North Central,Premium,2023-12-18,Cancelled,Prepaid,No contract,Nova SME Connect,Business,35000,45000MB,,619,,CARD,4g,-999.0,1.0,4.0
CUST01837,SUB01837,PROD004,2348068262447,Customer 1837,female,18-25, Abuja ,North Central,premium ,2025-10-10,,POSTPAID,Monthly,Nova SME Connect,Business,35000,45000MB,,589,35000,Card,4G,-55.0,0.0,4.0
CUST01838,SUB01838,PROD005,2348032448617,Customer 1838,Male,18-25,Lagos,North Central,Standard,2022-12-01,ACTIVE,Prepaid,Annual,Nova Starter,Bundle,8000,,662.0,652,8000,bank transfer,LTE,-999.0,0.0,
CUST01839,SUB01839,PROD005,2348068036468,Customer 1839,M,26-35,Lagos,South West,premium ,2021-03-24,active,post paid,ANNUAL,Nova Starter,Bundle,8000,,,270,8000,Cash,4G,-999.0,,3.0
CUST01840,SUB01840,PROD001,2348017512633, Customer 1840 ,Male,,Lagos,North West,Standard,2024-11-22,Cancelled,Postpaid,Monthly,Nova Premium 5G,Data,25000,45000MB,,621,25000,CARD,5G,,2.0,2.0
CUST01841,SUB01841,PROD003,2348078158551,Customer 1841,Male,18-25, Abuja ,North West,Premium,2025-09-26,ACTIVE,Prepaid,No contract,Nova Hybrid Plus,Bundle,18000,49116,,505,18000,bank transfer,5G,-68.0,2.0,
CUST01842,SUB01842,PROD004,2348024434926,Customer 1842,Female,36-45,portharcourt,North West,Standard,2024-06-29,Cancelled,post paid,monthly,Nova SME Connect,Business,35000,45000MB,,517,35000,,LTE,-102.0,2.0,3.0
CUST01843,SUB01843,PROD004,2348085214911,Customer 1843,MALE,18-25,LAGOS,North Central,Basic,2023-12-20,Active,prepaid,Annual,Nova SME Connect,Business,35000,,1520.0,372,35000,Card,,-999.0,5.0,1.0
CUST01844,SUB01844,PROD005,2348069881617,Customer 1844,male,46-60,Ibadan,South East,Corporate,2025-02-24,Active,Prepaid,monthly,Nova Starter,Bundle,8000,57977,3268.0,367,8000,,,,0.0,5.0
CUST01845,SUB01845,PROD005,2348061198733,Customer 1845,Female,36-45,lagos,North West,STANDARD,2023-04-08,cancelled,Postpaid,Monthly,Nova Starter,Bundle,8000,30431,,33,,,4G,-999.0,0.0,
CUST01846,SUB01846,PROD001,2348079446867,Customer 1846,F,,Kano,South West,Premium,2024-11-15,cancelled,Postpaid,monthly,Nova Premium 5G,Data,25000,,,667,25000,Card,LTE,-999.0,5.0,
CUST01847,SUB01847,PROD003,2348058114230,Customer 1847,M,60+,Kano,North West,Basic,2025-10-17,Cancelled,post paid,No contract,Nova Hybrid Plus,Bundle,18000,54864,1743.0,555,,Bank Transfer,,-56.0,5.0,5.0
CUST01848,SUB01848,PROD002,2348010510177,Customer 1848,Female,36-45,Port Harcourt,North Central,Standard,2024-03-29,Active,post paid,No contract,Nova Unlimited Voice,Voice,12000,45000MB,,514,12000,Cash,4G,-999.0,,5.0
CUST01849,SUB01849,PROD004,2348076912034,Customer 1849,,26-35,,North Central,Corporate,2021-01-22,cancelled,post paid,Annual,Nova SME Connect,Business,35000,45000MB,,639,35000,Cash,5G,,0.0,4.0
CUST01850,SUB01850,PROD003,2348076571445,Customer 1850, f,46-60,Lagos,South West,Corporate,24/07/2023,active,POSTPAID,monthly,Nova Hybrid Plus,Bundle,18000,44458,,129,,,4G,-53.0,2.0,4.0
CUST01851,SUB01851,PROD004,2348071489872,Customer 1851,,36-45, Abuja ,North Central,Premium,2024-02-24,active,Postpaid,Monthly,Nova SME Connect,Business,35000,78481,,759,35000,Cash,5G,,,2.0
CUST01852,SUB01852,PROD002,2348057864679,Customer 1852,Female,,Abuja,South West,premium ,2024-06-05,Active,POSTPAID,ANNUAL,Nova Unlimited Voice,Voice,12000,73195,2493.0,509,,,LTE,,1.0,4.0
CUST01853,SUB01853,PROD003,2348011549994,Customer 1853,male,18-25,Enugu,South West,,2024-10-11,Suspended,Postpaid,monthly,Nova Hybrid Plus,Bundle,18000,,3929.0,686,18000,Bank Transfer,3G,-110.0,1.0,2.0
CUST01854,SUB01854,PROD003,2348038764585,Customer 1854,Female,36-45,LAGOS,South South,Corporate,2024-02-14,Active,prepaid,Annual,Nova Hybrid Plus,Bundle,18000,45000MB,1949.0,388,,CARD,4G,,,4.0
CUST01855,SUB01855,PROD005,2348076966930,Customer 1855,,,portharcourt,North West,Standard,2024-03-15,Active,post paid,Annual,Nova Starter,Bundle,8000,,,180,8000,CARD,5G,,,4.0
CUST01856,SUB01856,PROD005,2348015407875,Customer 1856,M,60+,Enugu,North West,Corporate,2023-10-01,cancelled,Postpaid,No contract,Nova Starter,Bundle,8000,,3942.0,237,8000,Bank Transfer,3G,-72.0,,1.0
CUST01857,SUB01857,PROD004,2348083977753,Customer 1857,Male,36-45,Abuja,South East,Premium,2023-10-05,SUSPENDED,Prepaid,ANNUAL,Nova SME Connect,Business,35000,,3157.0,784,,Cash,3G,,,4.0
CUST01858,SUB01858,PROD002,2348017325242,Customer 1858,Male,36-45,Abuja,South East,premium ,2024-07-19,Active,Prepaid,Annual,Nova Unlimited Voice,Voice,12000,,,322,12000,CARD,,-999.0,1.0,4.0
CUST01859,SUB01859,PROD002,2348082066672,Customer 1859,Female,46-60,Ibadan,South South,premium ,2024-08-01,Suspended,Postpaid,Monthly,Nova Unlimited Voice,Voice,12000,,,758,12000,Bank Transfer,LTE,-999.0,1.0,2.0
CUST01860,SUB01860,PROD001,2348030097614, Customer 1860 ,Male,,Abuja,South West,Premium,2023-06-22,SUSPENDED,post paid,monthly,Nova Premium 5G,Data,25000,,2997.0,307,,USSD,,-999.0,2.0,1.0
CUST01861,SUB01861,PROD002,2348080247789,Customer 1861,Male,36-45,Kano,South East,Basic,2024-02-29,,POSTPAID,ANNUAL,Nova Unlimited Voice,Voice,12000,45000MB,1901.0,289,12000,bank transfer,3G,,5.0,1.0
CUST01862,SUB01862,PROD002,2348018540710,Customer 1862,Female,,portharcourt,North Central,Premium,2025-10-26,Actv,post paid,ANNUAL,Nova Unlimited Voice,Voice,12000,45000MB,,418,,,3G,,5.0,1.0
CUST01863,SUB01863,PROD004,2348092468691,Customer 1863,Male,36-45, Abuja ,South East,,2023-07-25,active,Postpaid,Monthly,Nova SME Connect,Business,35000,45000MB,,384,,bank transfer,4g,-52.0,2.0,1.0
CUST01864,SUB01864,PROD004,2348089921828,Customer 1864,M,,lagos,South South,Standard,2022-07-09,Active,POSTPAID,Monthly,Nova SME Connect,Business,35000,45000MB,2280.0,494,,Bank Transfer,4G,,,5.0
CUST01865,SUB01865,PROD003,2348078373622,Customer 1865,Female,60+, Abuja ,North West,Premium,2024-10-29,SUSPENDED,Postpaid,No contract,Nova Hybrid Plus,Bundle,18000,,,663,18000,Card,LTE,-58.0,2.0,4.0
CUST01866,SUB01866,PROD005,2348089645953,Customer 1866,Male,18-25,Abuja,North Central,Premium,2023-02-12,Active,Prepaid,ANNUAL,Nova Starter,Bundle,8000,45000MB,,536,8000,CARD,4G,-82.0,1.0,4.0
CUST01867,SUB01867,PROD005,2348090913858,Customer 1867,Male,18-25,Enugu,South East,Premium,2025-03-04,active,prepaid,ANNUAL,Nova Starter,Bundle,8000,45000MB,,156,8000,Bank Transfer,3G,,0.0,
CUST01868,SUB01868,PROD003,2348024814716,Customer 1868,m ,18-25,Abuja,North Central,,2024-02-27,Cancelled,prepaid,ANNUAL,Nova Hybrid Plus,Bundle,18000,,3269.0,394,18000,CARD,4G,-93.0,1.0,2.0
CUST01869,SUB01869,PROD003,2348024210396,Customer 1869,F,26-35,Ibadan,South West,Standard,2021-07-11,ACTIVE,POSTPAID,No contract,Nova Hybrid Plus,Bundle,18000,73359,3002.0,650,,USSD,LTE,-999.0,2.0,4.0
CUST01870,SUB01870,PROD005,2348078566702,Customer 1870,female,18-25, Abuja ,South West,Premium,2025-03-17,cancelled,post paid,Monthly,Nova Starter,Bundle,8000,,,525,,Bank Transfer,,-999.0,0.0,5.0
CUST01871,SUB01871,PROD003,2348062782793,Customer 1871,Female,36-45,Enugu,South East,premium ,2022-10-22,active,prepaid,Monthly,Nova Hybrid Plus,Bundle,18000,45000MB,2777.0,245,,Cash,LTE,,,5.0
CUST01872,SUB01872,PROD004,2348085020274,Customer 1872,Female,26-35,Abuja,South East,Premium,2024-06-18,,post paid,Annual,Nova SME Connect,Business,35000,31807,1425.0,412,35000,USSD,,,0.0,4.0
CUST01873,SUB01873,PROD003,2348098602978,Customer 1873,F,46-60,LAGOS,South West,,2024-01-17,active,post paid,Annual,Nova Hybrid Plus,Bundle,18000,,,710,,Bank Transfer,4G,-102.0,0.0,
CUST01874,SUB01874,PROD001,2348099840144,Customer 1874,M,60+,Enugu,North West,Standard,2022-06-24,Suspended,Postpaid,Monthly,Nova Premium 5G,Data,25000,35559,,377,,bank transfer,4G,-69.0,2.0,2.0
CUST01875,SUB01875,PROD001,2348044082955,Customer 1875,Male,46-60,lagos,South West,Basic,26/08/2022,Cancelled,Prepaid,Annual,Nova Premium 5G,Data,25000,45000MB,2276.0,179,25000,bank transfer,4g,-999.0,0.0,3.0
CUST01876,SUB01876,PROD001,2348013671762,Customer 1876,Male,60+, Abuja ,North West,Premium,2025-09-18,Cancelled,prepaid,Annual,Nova Premium 5G,Data,25000,10041,3646.0,523,25000,bank transfer,3G,-999.0,2.0,
CUST01877,SUB01877,PROD003,2348070906761,Customer 1877,Male,60+,LAGOS,North West,STANDARD,2025-01-01,Cancelled,Postpaid,Annual,Nova Hybrid Plus,Bundle,18000,34567,528.0,203,18000,CARD,4G,,1.0,
CUST01878,SUB01878,PROD002,2348067056427,Customer 1878, f,36-45,Enugu,South East,,2024-03-20,,POSTPAID,Annual,Nova Unlimited Voice,Voice,12000,45000MB,3562.0,102,,,3G,-999.0,5.0,
CUST01879,SUB01879,PROD004,2348054622091,Customer 1879,Female,, Abuja ,South East,,2025-07-27,active,Prepaid,ANNUAL,Nova SME Connect,Business,35000,,,169,35000,bank transfer,4g,-57.0,0.0,2.0
CUST01880,SUB01880,PROD005,2348044630043, Customer 1880 ,Female,,Port Harcourt,South West,Standard,2023-08-23,Active,Prepaid,Annual,Nova Starter,Bundle,8000,45000MB,3281.0,163,8000,USSD,LTE,,2.0,4.0
CUST01881,SUB01881,PROD003,2348074641665,Customer 1881,male,36-45,Abuja,South West,Standard,2021-12-05,Active,post paid,No contract,Nova Hybrid Plus,Bundle,18000,42996,,551,18000,Card,LTE,,0.0,
CUST01882,SUB01882,PROD001,2348071807763,Customer 1882,F,,Enugu,South South,STANDARD,2022-04-29,Active,POSTPAID,monthly,Nova Premium 5G,Data,25000,45000MB,1882.0,519,25000,Bank Transfer,5G,,2.0,4.0
CUST01883,SUB01883,PROD003,2348073604490,Customer 1883,,36-45, Abuja ,South West,Standard,2021-07-11,ACTIVE,Postpaid,monthly,Nova Hybrid Plus,Bundle,18000,46434,1201.0,791,18000,CARD,LTE,-999.0,0.0,3.0
CUST01884,SUB01884,PROD003,2348059905171,Customer 1884,F,,Lagos,North West,STANDARD,2023-09-19,active,post paid,monthly,Nova Hybrid Plus,Bundle,18000,45000MB,,718,,Card,4g,,1.0,1.0
CUST01885,SUB01885,PROD003,2348031813549,Customer 1885,F,,,South East,Premium,2021-02-15,Active,POSTPAID,ANNUAL,Nova Hybrid Plus,Bundle,18000,63206,1847.0,339,18000,Card,4G,-106.0,,4.0
CUST01886,SUB01886,PROD004,2348082158866,Customer 1886,m ,60+,Kano,North West,Standard,2022-07-10,Cancelled,prepaid,Annual,Nova SME Connect,Business,35000,45000MB,2951.0,11,35000,bank transfer,3G,-999.0,5.0,4.0
CUST01887,SUB01887,PROD002,2348053162311,Customer 1887,Female,26-35,Enugu,North West,STANDARD,2024-01-25,Suspended,prepaid,monthly,Nova Unlimited Voice,Voice,12000,,,520,12000,bank transfer,LTE,-999.0,,5.0
CUST01888,SUB01888,PROD001,2348077915754,Customer 1888,Male,,Kano,North Central,,2025-12-02,cancelled,POSTPAID,ANNUAL,Nova Premium 5G,Data,25000,,748.0,441,25000,Cash,,,5.0,3.0
CUST01889,SUB01889,PROD003,2348099465574,Customer 1889,F,18-25,Enugu,South South,Basic,2022-02-19,Active,prepaid,No contract,Nova Hybrid Plus,Bundle,18000,45000MB,3720.0,84,,USSD,4g,-101.0,1.0,4.0
CUST01890,SUB01890,PROD001,2348049226213,Customer 1890,Male,18-25, Abuja ,South South,Standard,2022-10-29,,POSTPAID,Annual,Nova Premium 5G,Data,25000,,,369,,Card,5G,-70.0,5.0,3.0
CUST01891,SUB01891,PROD001,2348081324025,Customer 1891,Female,,portharcourt,North Central,STANDARD,2025-05-14,active,Prepaid,Monthly,Nova Premium 5G,Data,25000,,,739,25000,Card,LTE,-999.0,1.0,
CUST01892,SUB01892,PROD002,2348060909700,Customer 1892,Unknown,36-45,lagos,South South,STANDARD,2024-03-05,Suspended,Postpaid,monthly,Nova Unlimited Voice,Voice,12000,,,747,12000,USSD,LTE,-105.0,0.0,
CUST01893,SUB01893,PROD002,2348098876289,Customer 1893,Male,36-45,Ibadan,South West,premium ,2022-10-20,Active,POSTPAID,No contract,Nova Unlimited Voice,Voice,12000,,,722,12000,bank transfer,4g,-999.0,,4.0
CUST01894,SUB01894,PROD002,2348029364779,Customer 1894,Male,18-25,portharcourt,South South,Premium,2025-06-03,Cancelled,Postpaid,Monthly,Nova Unlimited Voice,Voice,12000,,,774,,Card,4g,,2.0,2.0
CUST01895,SUB01895,PROD005,2348031951305,Customer 1895,female,18-25,Ibadan,South West,Corporate,2024-11-26,Suspended,Postpaid,No contract,Nova Starter,Bundle,8000,,,267,8000,Card,5G,,2.0,4.0
CUST01896,SUB01896,PROD003,2348035143840,Customer 1896,M,46-60,Kano,South East,Standard,2025-02-23,Cancelled,Postpaid,Annual,Nova Hybrid Plus,Bundle,18000,45000MB,1227.0,180,18000,Bank Transfer,,-999.0,5.0,3.0
CUST01897,SUB01897,PROD002,2348095300450,Customer 1897,Male,18-25,Lagos,South South,,2024-06-05,Actv,POSTPAID,Monthly,Nova Unlimited Voice,Voice,12000,8220,1679.0,607,,USSD,LTE,,5.0,3.0
CUST01898,SUB01898,PROD005,2348066867620,Customer 1898,Female,18-25,Abuja,South West,Premium,2023-08-22,Actv,Prepaid,No contract,Nova Starter,Bundle,8000,13474,1792.0,150,8000,bank transfer,,,5.0,2.0
CUST01899,SUB01899,PROD004,2348090140784,Customer 1899,,,Enugu,South East,Basic,2025-11-08,Active,prepaid,monthly,Nova SME Connect,Business,35000,,2302.0,205,35000,USSD,4g,,1.0,
CUST01900,SUB01900,PROD005,2348042463546, Customer 1900 ,Female,36-45,Ibadan,South West,premium ,05/01/2025,Suspended,post paid,Annual,Nova Starter,Bundle,8000,,71.0,185,,bank transfer,3G,,1.0,5.0
CUST01901,SUB01901,PROD002,2348069627685,Customer 1901,Male,,portharcourt,North West,Corporate,2021-09-22,,post paid,Monthly,Nova Unlimited Voice,Voice,12000,5451,1326.0,659,,Bank Transfer,LTE,-60.0,5.0,2.0
CUST01902,SUB01902,PROD001,2348087211636,Customer 1902,Female,18-25,portharcourt,North West,STANDARD,2023-11-07,ACTIVE,Postpaid,Monthly,Nova Premium 5G,Data,25000,45000MB,,204,25000,USSD,,-999.0,,1.0
CUST01903,SUB01903,PROD002,2348052519678,Customer 1903,female,46-60, Abuja ,South South,STANDARD,2025-11-20,Cancelled,POSTPAID,Annual,Nova Unlimited Voice,Voice,12000,45000MB,962.0,643,12000,,LTE,,,3.0
CUST01904,SUB01904,PROD002,2348050782002,Customer 1904,Male,36-45,Ibadan,South South,Basic,2025-08-05,,POSTPAID,monthly,Nova Unlimited Voice,Voice,12000,2221,,396,12000,,5G,-999.0,0.0,
CUST01905,SUB01905,PROD005,2348059931934,Customer 1905, f,60+,LAGOS,South East,Standard,2025-03-27,Cancelled,Prepaid,monthly,Nova Starter,Bundle,8000,3724,174.0,723,8000,bank transfer,,-66.0,,5.0
CUST01906,SUB01906,PROD003,2348022984950,Customer 1906,Female,18-25, Abuja ,South West,Corporate,2023-02-22,SUSPENDED,Prepaid,monthly,Nova Hybrid Plus,Bundle,18000,45000MB,,171,,,4G,,2.0,5.0
CUST01907,SUB01907,PROD003,2348094225148,Customer 1907,Male,60+,LAGOS,South West,Standard,2021-11-13,SUSPENDED,Prepaid,Annual,Nova Hybrid Plus,Bundle,18000,45000MB,707.0,310,,bank transfer,4G,,1.0,2.0
CUST01908,SUB01908,PROD003,2348041935868,Customer 1908,Male,18-25,portharcourt,North West,Corporate,2022-07-02,ACTIVE,Prepaid,ANNUAL,Nova Hybrid Plus,Bundle,18000,,43.0,796,18000,Bank Transfer,,-999.0,,1.0
CUST01909,SUB01909,PROD004,2348030486324,Customer 1909,Male,36-45,Port Harcourt,South South,,2025-08-23,Active,post paid,Monthly,Nova SME Connect,Business,35000,80430,,761,35000,Card,,-80.0,1.0,1.0
CUST01910,SUB01910,PROD004,2348099555615,Customer 1910,Female,60+,portharcourt,North West,premium ,2023-12-19,Active,prepaid,Annual,Nova SME Connect,Business,35000,27215,,548,35000,Card,4g,,,3.0
CUST01911,SUB01911,PROD003,2348037876714,Customer 1911,male,36-45, Abuja ,South West,Corporate,2025-09-24,cancelled,Prepaid,Monthly,Nova Hybrid Plus,Bundle,18000,19133,,186,,,5G,-999.0,0.0,5.0
CUST01912,SUB01912,PROD005,2348010873511,Customer 1912,M,18-25,portharcourt,South West,premium ,2024-03-06,Active,post paid,monthly,Nova Starter,Bundle,8000,,2213.0,536,,,4g,-999.0,5.0,4.0
CUST01913,SUB01913,PROD004,2348070059485,Customer 1913,Female,,Enugu,South South,STANDARD,2022-12-06,Active,POSTPAID,Monthly,Nova SME Connect,Business,35000,45000MB,,244,,bank transfer,4g,-999.0,5.0,5.0
CUST01914,SUB01914,PROD005,2348073139215,Customer 1914,Male,,,South East,Premium,2023-10-18,Active,Postpaid,No contract,Nova Starter,Bundle,8000,,,100,,USSD,3G,,,1.0
CUST01915,SUB01915,PROD003,2348093144075,Customer 1915,Female,26-35,Abuja,South South,Premium,2024-11-18,Cancelled,post paid,monthly,Nova Hybrid Plus,Bundle,18000,45000MB,2122.0,177,,Bank Transfer,,-93.0,5.0,1.0
CUST01916,SUB01916,PROD001,2348082541987,Customer 1916,Female,46-60,Lagos,South East,,2022-04-04,ACTIVE,Prepaid,Annual,Nova Premium 5G,Data,25000,45000MB,3118.0,73,,Card,3G,-97.0,2.0,
CUST01917,SUB01917,PROD005,2348086416438,Customer 1917,m ,18-25,LAGOS,South South,Corporate,2022-08-08,Cancelled,prepaid,Annual,Nova Starter,Bundle,8000,,,330,8000,USSD,4G,-999.0,1.0,4.0
CUST01918,SUB01918,PROD003,2348057341171,Customer 1918,Male,26-35,portharcourt,South West,STANDARD,2021-12-08,Actv,post paid,Annual,Nova Hybrid Plus,Bundle,18000,45000MB,,142,18000,CARD,5G,,2.0,4.0
CUST01919,SUB01919,PROD004,2348046876082,Customer 1919,Male,36-45,Enugu,South West,Premium,2023-06-21,Cancelled,Prepaid,No contract,Nova SME Connect,Business,35000,41591,2566.0,542,35000,bank transfer,4g,,5.0,
CUST01920,SUB01920,PROD002,2348023826103, Customer 1920 ,,26-35,Lagos,North West,STANDARD,2023-04-16,cancelled,Postpaid,monthly,Nova Unlimited Voice,Voice,12000,58233,955.0,773,,Card,4G,-63.0,1.0,1.0
CUST01921,SUB01921,PROD004,2348051611312,Customer 1921,,,Lagos,South East,Corporate,2024-06-07,Active,prepaid,Monthly,Nova SME Connect,Business,35000,45000MB,,197,35000,CARD,5G,,2.0,5.0
CUST01922,SUB01922,PROD002,2348027184041,Customer 1922,Female,60+,LAGOS,South West,Corporate,2021-11-23,cancelled,POSTPAID,ANNUAL,Nova Unlimited Voice,Voice,12000,45000MB,,792,,bank transfer,3G,-999.0,2.0,4.0
CUST01923,SUB01923,PROD003,2348066212741,Customer 1923,Unknown,60+, Abuja ,South East,Corporate,2021-06-02,Suspended,post paid,No contract,Nova Hybrid Plus,Bundle,18000,,,725,,,4g,-76.0,0.0,3.0
CUST01924,SUB01924,PROD003,2348039867339,Customer 1924,Male,26-35,Ibadan,North West,Corporate,2022-05-01,Suspended,post paid,No contract,Nova Hybrid Plus,Bundle,18000,,165.0,132,18000,Cash,LTE,-999.0,,2.0
CUST01925,SUB01925,PROD005,2348036258805,Customer 1925,Male,60+,portharcourt,South West,Premium,13/08/2023,Suspended,POSTPAID,Monthly,Nova Starter,Bundle,8000,45000MB,,15,8000,Cash,LTE,-999.0,2.0,1.0
CUST01926,SUB01926,PROD002,2348051141524,Customer 1926,Male,18-25, Abuja ,South East,Corporate,2024-10-31,SUSPENDED,Prepaid,Annual,Nova Unlimited Voice,Voice,12000,10281,3233.0,457,12000,Cash,3G,,,5.0
CUST01927,SUB01927,PROD005,2348019602377,Customer 1927,FEMALE,46-60,LAGOS,South West,,2022-10-15,Cancelled,Postpaid,Monthly,Nova Starter,Bundle,8000,,1955.0,356,8000,Cash,LTE,-77.0,5.0,
CUST01928,SUB01928,PROD002,2348068019963,Customer 1928,Male,36-45,lagos,South South,STANDARD,2021-05-29,cancelled,POSTPAID,No contract,Nova Unlimited Voice,Voice,12000,45000MB,,723,12000,,4g,,,3.0
CUST01929,SUB01929,PROD001,2348049936226,Customer 1929,F,,,South West,Premium,2025-05-07,Active,prepaid,ANNUAL,Nova Premium 5G,Data,25000,72721,3532.0,99,25000,bank transfer,4G,,1.0,
CUST01930,SUB01930,PROD002,2348078106797,Customer 1930,female,36-45,Enugu,North Central,Premium,2022-05-03,Active,Postpaid,monthly,Nova Unlimited Voice,Voice,12000,4085,494.0,678,,CARD,4G,,,
CUST01931,SUB01931,PROD004,2348037123682,Customer 1931,Unknown,26-35,LAGOS,North West,STANDARD,2025-03-14,Cancelled,POSTPAID,Monthly,Nova SME Connect,Business,35000,,1162.0,455,,Card,,,2.0,4.0
CUST01932,SUB01932,PROD005,2348038257487,Customer 1932,,46-60,Ibadan,North West,Corporate,2021-10-04,Cancelled,prepaid,monthly,Nova Starter,Bundle,8000,,,239,,,,-63.0,1.0,3.0
CUST01933,SUB01933,PROD004,2348022145967,Customer 1933,Female,18-25,Abuja,South South,,2022-08-07,Active,Postpaid,ANNUAL,Nova SME Connect,Business,35000,45000MB,,263,,CARD,,,5.0,
CUST01934,SUB01934,PROD004,2348018432467,Customer 1934,Unknown,,Lagos,North Central,Corporate,2023-12-18,cancelled,Prepaid,Annual,Nova SME Connect,Business,35000,45000MB,3644.0,440,,,4g,-95.0,,3.0
CUST01935,SUB01935,PROD001,2348057428386,Customer 1935,Female,,Abuja,South East,premium ,2024-12-20,,prepaid,ANNUAL,Nova Premium 5G,Data,25000,71804,1577.0,756,25000,,4G,-999.0,0.0,
CUST01936,SUB01936,PROD002,2348033755062,Customer 1936,Male,,Kano,South West,Basic,2023-10-24,Suspended,Prepaid,monthly,Nova Unlimited Voice,Voice,12000,67380,272.0,28,,CARD,4g,-999.0,5.0,5.0
CUST01937,SUB01937,PROD001,2348048846959,Customer 1937,Male,60+,Port Harcourt,South West,Standard,2021-03-04,Suspended,post paid,Annual,Nova Premium 5G,Data,25000,,2981.0,555,25000,CARD,3G,-110.0,,
CUST01938,SUB01938,PROD005,2348030999052,Customer 1938,Male,46-60,Ibadan,South South,premium ,2023-03-25,cancelled,Postpaid,No contract,Nova Starter,Bundle,8000,45000MB,,794,8000,Cash,4g,-61.0,5.0,
CUST01939,SUB01939,PROD001,2348022933445,Customer 1939,Female,,Lagos,North Central,STANDARD,2021-01-21,active,Postpaid,ANNUAL,Nova Premium 5G,Data,25000,55590,,180,,Cash,4G,-73.0,2.0,4.0
CUST01940,SUB01940,PROD002,2348063451726, Customer 1940 ,Female,60+,Lagos,South East,STANDARD,2023-07-02,Active,POSTPAID,No contract,Nova Unlimited Voice,Voice,12000,77856,,509,12000,Bank Transfer,LTE,,0.0,
CUST01941,SUB01941,PROD005,2348094982871,Customer 1941,F,36-45,Port Harcourt,South West,Premium,2025-11-01,,POSTPAID,No contract,Nova Starter,Bundle,8000,,2626.0,622,,bank transfer,4g,-68.0,5.0,5.0
CUST01942,SUB01942,PROD002,2348073959891,Customer 1942,,36-45,Abuja,South West,Corporate,2023-04-29,Active,Prepaid,No contract,Nova Unlimited Voice,Voice,12000,45000MB,2655.0,274,,Bank Transfer,LTE,-55.0,1.0,2.0
CUST01943,SUB01943,PROD004,2348071397394,Customer 1943,M,26-35,Ibadan,South West,,2021-04-06,active,Postpaid,Annual,Nova SME Connect,Business,35000,,,671,35000,Bank Transfer,4G,,2.0,3.0
CUST01944,SUB01944,PROD002,2348062072296,Customer 1944,Female,,portharcourt,North Central,Standard,2025-03-29,,Postpaid,monthly,Nova Unlimited Voice,Voice,12000,15533,130.0,553,12000,CARD,5G,,5.0,
CUST01945,SUB01945,PROD005,2348097783371,Customer 1945,Male,36-45,Enugu,North Central,STANDARD,2021-01-19,active,Postpaid,Monthly,Nova Starter,Bundle,8000,,3779.0,253,,USSD,4g,-999.0,,3.0
CUST01946,SUB01946,PROD002,2348088053992,Customer 1946,Unknown,60+,Lagos,South East,premium ,2024-08-13,active,post paid,monthly,Nova Unlimited Voice,Voice,12000,47971,,646,12000,bank transfer,LTE,,1.0,2.0
CUST01947,SUB01947,PROD002,2348073128986,Customer 1947,Male,26-35,Port Harcourt,South East,Premium,2021-02-01,Active,prepaid,Annual,Nova Unlimited Voice,Voice,12000,49454,,358,,CARD,4G,-999.0,1.0,4.0
CUST01948,SUB01948,PROD002,2348069151579,Customer 1948,Female,18-25,Abuja,South West,STANDARD,2023-09-15,Actv,post paid,No contract,Nova Unlimited Voice,Voice,12000,45000MB,,592,12000,Cash,,-999.0,0.0,4.0
CUST01949,SUB01949,PROD003,2348095142717,Customer 1949,Male,18-25,Kano,South East,Basic,2024-09-01,,Postpaid,ANNUAL,Nova Hybrid Plus,Bundle,18000,25922,,240,18000,bank transfer,4G,-75.0,2.0,4.0
CUST01950,SUB01950,PROD004,2348017955524,Customer 1950,Female,36-45, Abuja ,North Central,Basic,05/02/2022,Cancelled,post paid,monthly,Nova SME Connect,Business,35000,45000MB,,667,35000,CARD,4g,-999.0,,5.0
CUST01951,SUB01951,PROD002,2348065000663,Customer 1951,Male,36-45,Abuja,North Central,Premium,2023-06-17,cancelled,Postpaid,Annual,Nova Unlimited Voice,Voice,12000,45000MB,1038.0,757,12000,Bank Transfer,,,5.0,4.0
CUST01952,SUB01952,PROD002,2348055227851,Customer 1952,,26-35,Kano,North Central,Basic,2024-04-27,Active,Prepaid,monthly,Nova Unlimited Voice,Voice,12000,,3763.0,146,12000,CARD,LTE,-999.0,0.0,2.0
CUST01953,SUB01953,PROD002,2348049355032,Customer 1953, f,60+,Lagos,North West,STANDARD,2021-05-21,ACTIVE,prepaid,Monthly,Nova Unlimited Voice,Voice,12000,45000MB,3839.0,774,12000,Bank Transfer,3G,-999.0,2.0,1.0
CUST01954,SUB01954,PROD001,2348063639170,Customer 1954,,36-45,LAGOS,North West,Basic,2021-02-24,,Postpaid,Monthly,Nova Premium 5G,Data,25000,45000MB,,740,25000,,4G,-999.0,2.0,4.0
CUST01955,SUB01955,PROD002,2348065103653,Customer 1955,Female,46-60,Kano,North Central,Standard,2021-11-07,Suspended,post paid,No contract,Nova Unlimited Voice,Voice,12000,,119.0,352,,USSD,5G,,2.0,5.0
CUST01956,SUB01956,PROD002,2348064785611,Customer 1956,F,60+,Port Harcourt,North West,premium ,2023-04-30,,POSTPAID,ANNUAL,Nova Unlimited Voice,Voice,12000,3457,,473,12000,Card,5G,-999.0,2.0,2.0
CUST01957,SUB01957,PROD003,2348077083977,Customer 1957,female,46-60,,North Central,Basic,2023-05-24,Active,post paid,Annual,Nova Hybrid Plus,Bundle,18000,34385,,194,18000,bank transfer,4G,,1.0,
CUST01958,SUB01958,PROD004,2348077684508,Customer 1958,Unknown,46-60,LAGOS,North West,STANDARD,2022-01-02,active,prepaid,Annual,Nova SME Connect,Business,35000,,,779,,,LTE,,2.0,1.0
CUST01959,SUB01959,PROD002,2348042849848,Customer 1959,Male,,LAGOS,South South,premium ,2023-08-02,Active,Postpaid,No contract,Nova Unlimited Voice,Voice,12000,45000MB,,217,,,4g,,2.0,4.0
CUST01960,SUB01960,PROD001,2348065952502, Customer 1960 ,,18-25, Abuja ,South South,Corporate,2021-04-05,cancelled,post paid,ANNUAL,Nova Premium 5G,Data,25000,,,3,,bank transfer,5G,-94.0,1.0,4.0
CUST01961,SUB01961,PROD003,2348022006843,Customer 1961,Female,36-45,Lagos,North West,Premium,2024-04-06,active,Prepaid,Monthly,Nova Hybrid Plus,Bundle,18000,,676.0,511,18000,Bank Transfer,LTE,-999.0,1.0,
CUST01962,SUB01962,PROD004,2348057803482,Customer 1962,M,,LAGOS,North Central,Premium,2023-11-27,SUSPENDED,Postpaid,ANNUAL,Nova SME Connect,Business,35000,,3935.0,731,35000,Cash,4G,,,1.0
CUST01963,SUB01963,PROD001,2348017061119,Customer 1963,M,, Abuja ,North West,premium ,2024-08-31,Active,POSTPAID,monthly,Nova Premium 5G,Data,25000,45000MB,2018.0,559,25000,CARD,,-999.0,,2.0
CUST01964,SUB01964,PROD005,2348096226403,Customer 1964,female,36-45,lagos,South West,,2025-07-06,Suspended,post paid,No contract,Nova Starter,Bundle,8000,26744,,49,8000,USSD,4g,-999.0,1.0,5.0
CUST01965,SUB01965,PROD004,2348087981018,Customer 1965,Male,46-60,Port Harcourt,North West,premium ,2023-08-25,Actv,prepaid,Annual,Nova SME Connect,Business,35000,59462,,788,35000,CARD,4G,-999.0,0.0,
CUST01966,SUB01966,PROD002,2348020149040,Customer 1966,Female,60+,LAGOS,South East,,2024-01-13,Actv,Postpaid,No contract,Nova Unlimited Voice,Voice,12000,39420,,240,12000,Bank Transfer,4G,,2.0,1.0
CUST01967,SUB01967,PROD004,2348091242370,Customer 1967,MALE,60+,Kano,South South,premium ,2021-08-27,Active,POSTPAID,No contract,Nova SME Connect,Business,35000,,249.0,522,,USSD,3G,-999.0,5.0,3.0
CUST01968,SUB01968,PROD005,2348082971465,Customer 1968,Unknown,26-35, Abuja ,North Central,Basic,2021-06-25,SUSPENDED,post paid,Monthly,Nova Starter,Bundle,8000,,102.0,473,8000,Cash,,-999.0,1.0,1.0
CUST01969,SUB01969,PROD004,2348065886157,Customer 1969,Unknown,, Abuja ,South South,Standard,2021-10-21,Cancelled,prepaid,monthly,Nova SME Connect,Business,35000,56218,2865.0,142,35000,CARD,3G,,,5.0
CUST01970,SUB01970,PROD004,2348081359177,Customer 1970,Female,60+,LAGOS,North Central,Basic,2022-04-17,active,Prepaid,No contract,Nova SME Connect,Business,35000,45000MB,535.0,71,35000,,LTE,-999.0,1.0,5.0
CUST01971,SUB01971,PROD001,2348037202416,Customer 1971,M,36-45,Abuja,South East,,2024-08-23,ACTIVE,Postpaid,Annual,Nova Premium 5G,Data,25000,45000MB,308.0,542,25000,,5G,,1.0,5.0
CUST01972,SUB01972,PROD005,2348082175294,Customer 1972,M,36-45,Ibadan,North West,Premium,2025-01-04,Suspended,Postpaid,No contract,Nova Starter,Bundle,8000,72945,1754.0,410,,Cash,4g,,0.0,3.0
CUST01973,SUB01973,PROD002,2348013655264,Customer 1973,Female,,Enugu,North Central,Premium,2024-04-29,Active,Prepaid,ANNUAL,Nova Unlimited Voice,Voice,12000,45000MB,158.0,579,12000,Cash,LTE,,1.0,2.0
CUST01974,SUB01974,PROD003,2348089771914,Customer 1974,Male,26-35,,South West,premium ,2021-08-13,Actv,Prepaid,Annual,Nova Hybrid Plus,Bundle,18000,65748,3101.0,345,,CARD,3G,-59.0,5.0,3.0
CUST01975,SUB01975,PROD005,2348029678009,Customer 1975,,,Kano,South South,premium ,31/12/2021,,POSTPAID,Annual,Nova Starter,Bundle,8000,23402,,377,,CARD,5G,,,2.0
CUST01976,SUB01976,PROD003,2348049962545,Customer 1976,,46-60,Abuja,North Central,Basic,2023-09-15,Active,prepaid,monthly,Nova Hybrid Plus,Bundle,18000,45000MB,1706.0,268,,bank transfer,4g,-72.0,1.0,3.0
CUST01977,SUB01977,PROD003,2348049740855,Customer 1977,Male,46-60,Enugu,North Central,STANDARD,2022-03-20,ACTIVE,POSTPAID,Annual,Nova Hybrid Plus,Bundle,18000,45000MB,,704,,,,-999.0,0.0,1.0
CUST01978,SUB01978,PROD005,2348071377441,Customer 1978,,18-25,LAGOS,South East,Corporate,2022-04-18,Suspended,prepaid,Monthly,Nova Starter,Bundle,8000,,,733,8000,Bank Transfer,4g,-74.0,0.0,5.0
CUST01979,SUB01979,PROD004,2348092107882,Customer 1979,Female,36-45,lagos,North West,Corporate,2025-09-10,Active,Prepaid,No contract,Nova SME Connect,Business,35000,81743,,381,35000,USSD,5G,-999.0,0.0,2.0
CUST01980,SUB01980,PROD004,2348056989213, Customer 1980 ,Female,46-60,Enugu,South South,Standard,2023-04-27,active,POSTPAID,monthly,Nova SME Connect,Business,35000,30029,,661,35000,Card,4g,-999.0,0.0,
CUST01981,SUB01981,PROD001,2348060078360,Customer 1981,Female,26-35,Ibadan,South East,Premium,2021-06-13,Active,prepaid,Monthly,Nova Premium 5G,Data,25000,20940,3688.0,744,,CARD,LTE,-999.0,0.0,2.0
CUST01982,SUB01982,PROD001,2348067009914,Customer 1982,Female,18-25,Lagos,South West,premium ,2025-01-03,Cancelled,post paid,No contract,Nova Premium 5G,Data,25000,45000MB,,719,25000,Bank Transfer,5G,-109.0,1.0,2.0
CUST01983,SUB01983,PROD005,2348061507913,Customer 1983,Male,26-35,Lagos,South West,Basic,2022-04-04,,Postpaid,Annual,Nova Starter,Bundle,8000,71835,,579,,USSD,,-999.0,0.0,2.0
CUST01984,SUB01984,PROD003,2348023827528,Customer 1984,Male,,Abuja,North West,STANDARD,2021-08-11,active,post paid,Annual,Nova Hybrid Plus,Bundle,18000,,3130.0,602,18000,bank transfer,3G,,5.0,4.0
CUST01985,SUB01985,PROD004,2348060683078,Customer 1985,Female,36-45,Port Harcourt,North Central,Premium,2024-05-06,SUSPENDED,Prepaid,Monthly,Nova SME Connect,Business,35000,,,434,,USSD,LTE,,2.0,1.0
CUST01986,SUB01986,PROD002,2348073916457,Customer 1986,Male,26-35,Lagos,South South,Premium,2025-06-28,,Prepaid,No contract,Nova Unlimited Voice,Voice,12000,83789,,599,,Cash,,-999.0,5.0,4.0
CUST01987,SUB01987,PROD003,2348030557284,Customer 1987,Male,18-25,Port Harcourt,South West,Standard,2021-02-14,active,post paid,Monthly,Nova Hybrid Plus,Bundle,18000,,2752.0,391,18000,USSD,3G,-999.0,,
CUST01988,SUB01988,PROD002,2348014861348,Customer 1988,male,18-25,LAGOS,South South,STANDARD,2021-08-20,Suspended,prepaid,Monthly,Nova Unlimited Voice,Voice,12000,40558,,202,12000,CARD,5G,,,2.0
CUST01989,SUB01989,PROD002,2348034463944,Customer 1989,Male,,Kano,North West,Corporate,2024-10-31,Active,Postpaid,Monthly,Nova Unlimited Voice,Voice,12000,45000MB,1957.0,357,,Card,4g,,1.0,5.0
CUST01990,SUB01990,PROD001,2348080742389,Customer 1990,Male,36-45, Abuja ,North Central,premium ,2023-06-05,cancelled,post paid,ANNUAL,Nova Premium 5G,Data,25000,,1684.0,187,,Cash,4g,-91.0,,2.0
CUST01991,SUB01991,PROD005,2348047703812,Customer 1991,Female,46-60,portharcourt,North West,Standard,2025-03-31,Active,POSTPAID,ANNUAL,Nova Starter,Bundle,8000,,,782,,Card,4g,,2.0,4.0
CUST01992,SUB01992,PROD003,2348013128080,Customer 1992,F,60+,Kano,South East,,2024-02-07,SUSPENDED,post paid,Annual,Nova Hybrid Plus,Bundle,18000,,,663,18000,Cash,3G,,1.0,4.0
CUST01993,SUB01993,PROD003,2348093179772,Customer 1993,M,36-45,Ibadan,North West,Corporate,2023-12-09,Active,POSTPAID,ANNUAL,Nova Hybrid Plus,Bundle,18000,12719,3970.0,742,,Card,5G,,,
CUST01994,SUB01994,PROD003,2348097135104,Customer 1994,M,60+,,South South,Basic,2023-03-15,ACTIVE,POSTPAID,Annual,Nova Hybrid Plus,Bundle,18000,41948,,587,18000,Cash,3G,-73.0,2.0,
CUST01995,SUB01995,PROD002,2348030343171,Customer 1995,Female,60+,portharcourt,North Central,Premium,2025-08-11,Active,Postpaid,Annual,Nova Unlimited Voice,Voice,12000,39939,,425,12000,USSD,,,2.0,4.0
CUST01996,SUB01996,PROD005,2348095030625,Customer 1996,Male,,LAGOS,South East,STANDARD,2023-01-24,Suspended,prepaid,Annual,Nova Starter,Bundle,8000,45000MB,1238.0,770,,Card,4G,,5.0,4.0
CUST01997,SUB01997,PROD005,2348045666310,Customer 1997,FEMALE,46-60,Enugu,South East,premium ,2022-03-17,cancelled,POSTPAID,No contract,Nova Starter,Bundle,8000,45000MB,,617,,bank transfer,,-98.0,5.0,2.0
CUST01998,SUB01998,PROD002,2348038111380,Customer 1998,Male,26-35,Abuja,South West,premium ,2025-11-03,ACTIVE,POSTPAID,Monthly,Nova Unlimited Voice,Voice,12000,45000MB,2777.0,283,12000,Bank Transfer,3G,,5.0,1.0
CUST01999,SUB01999,PROD005,2348095687844,Customer 1999,F,26-35, Abuja ,South South,Premium,2021-07-30,Active,POSTPAID,Annual,Nova Starter,Bundle,8000,45000MB,1336.0,186,,Cash,LTE,-91.0,2.0,2.0
CUST02000,SUB02000,PROD003,2348018975006, Customer 2000 ,,46-60,Lagos,North Central,,08/07/2022,Suspended,Postpaid,Monthly,Nova Hybrid Plus,Bundle,18000,45000MB,,502,18000,Bank Transfer,LTE,,2.0,5.0
CUST02001,SUB02001,PROD001,2348054348133,Customer 2001,Female,18-25,Port Harcourt,South East,STANDARD,2024-07-02,active,post paid,monthly,Nova Premium 5G,Data,25000,,,31,,bank transfer,4g,-81.0,5.0,3.0
CUST02002,SUB02002,PROD003,2348021387048,Customer 2002,Female,18-25,,South West,premium ,2025-03-09,Active,Prepaid,Annual,Nova Hybrid Plus,Bundle,18000,86418,,238,,CARD,4g,-78.0,5.0,3.0
CUST02003,SUB02003,PROD003,2348039214849,Customer 2003,Female,36-45,Enugu,South East,Standard,2023-07-28,,POSTPAID,ANNUAL,Nova Hybrid Plus,Bundle,18000,17014,1153.0,72,18000,CARD,5G,,0.0,
CUST02004,SUB02004,PROD005,2348011113392,Customer 2004,female,60+,Ibadan,South East,Basic,2022-02-21,Cancelled,POSTPAID,monthly,Nova Starter,Bundle,8000,45000MB,3947.0,136,,,4g,-73.0,5.0,1.0
CUST02005,SUB02005,PROD003,2348019621051,Customer 2005,Male,26-35, Abuja ,South East,,2024-06-27,Cancelled,post paid,ANNUAL,Nova Hybrid Plus,Bundle,18000,,876.0,600,18000,Card,5G,-999.0,0.0,
CUST02006,SUB02006,PROD001,2348067369688,Customer 2006,Female,60+,Abuja,South West,premium ,2025-07-23,,Postpaid,Monthly,Nova Premium 5G,Data,25000,,,134,,Card,,-100.0,0.0,1.0
CUST02007,SUB02007,PROD002,2348061423690,Customer 2007,Male,46-60,LAGOS,North Central,premium ,2025-01-01,Active,Postpaid,ANNUAL,Nova Unlimited Voice,Voice,12000,23865,3041.0,498,,USSD,5G,-999.0,,3.0
CUST02008,SUB02008,PROD001,2348021902124,Customer 2008,Female,36-45,Kano,North West,STANDARD,2022-06-26,ACTIVE,Postpaid,Annual,Nova Premium 5G,Data,25000,,2642.0,116,25000,USSD,4G,-999.0,1.0,
CUST02009,SUB02009,PROD004,2348073760699,Customer 2009,MALE,18-25,LAGOS,South South,Corporate,2022-08-30,,POSTPAID,monthly,Nova SME Connect,Business,35000,4684,,96,35000,CARD,4G,-999.0,2.0,3.0
CUST02010,SUB02010,PROD002,2348085382148,Customer 2010,Female,36-45,portharcourt,South West,,2023-04-08,,Postpaid,monthly,Nova Unlimited Voice,Voice,12000,,3858.0,231,12000,CARD,4g,-999.0,,4.0
CUST02011,SUB02011,PROD002,2348050446116,Customer 2011,Male,36-45,Lagos,South South,Corporate,2025-08-17,ACTIVE,POSTPAID,No contract,Nova Unlimited Voice,Voice,12000,45000MB,355.0,31,12000,Bank Transfer,5G,-110.0,0.0,5.0
CUST02012,SUB02012,PROD004,2348058846528,Customer 2012,Female,36-45,Ibadan,South West,premium ,2024-10-06,cancelled,Prepaid,Monthly,Nova SME Connect,Business,35000,,,35,,,LTE,-999.0,0.0,4.0
CUST02013,SUB02013,PROD005,2348043889488,Customer 2013,Male,18-25,,South South,Premium,2025-10-18,Active,Prepaid,ANNUAL,Nova Starter,Bundle,8000,45000MB,,700,,USSD,4g,-999.0,1.0,4.0
CUST02014,SUB02014,PROD004,2348030423451,Customer 2014,Female,,Lagos,North Central,,2025-01-12,active,Postpaid,No contract,Nova SME Connect,Business,35000,45000MB,1030.0,401,,Cash,4g,-999.0,5.0,4.0
CUST02015,SUB02015,PROD002,2348015195080,Customer 2015,Female,26-35,lagos,South West,STANDARD,2025-05-21,active,prepaid,Monthly,Nova Unlimited Voice,Voice,12000,,825.0,610,12000,Card,4g,-999.0,,3.0
CUST02016,SUB02016,PROD001,2348012695639,Customer 2016,Male,, Abuja ,South East,premium ,2022-05-02,Cancelled,prepaid,monthly,Nova Premium 5G,Data,25000,45000MB,,157,25000,Card,5G,-999.0,2.0,1.0
CUST02017,SUB02017,PROD005,2348099186619,Customer 2017,female,46-60,Port Harcourt,South South,Basic,2023-01-27,cancelled,Prepaid,Annual,Nova Starter,Bundle,8000,44362,,188,,Bank Transfer,LTE,-999.0,1.0,
CUST02018,SUB02018,PROD001,2348080526332,Customer 2018,Female,60+,Abuja,South South,Premium,2021-09-11,Active,prepaid,Monthly,Nova Premium 5G,Data,25000,45000MB,246.0,514,,Cash,5G,-81.0,0.0,3.0
CUST02019,SUB02019,PROD005,2348075664123,Customer 2019,F,18-25,Port Harcourt,North Central,Standard,2022-01-02,Cancelled,Prepaid,ANNUAL,Nova Starter,Bundle,8000,29484,,715,8000,Bank Transfer,5G,-78.0,,3.0
CUST02020,SUB02020,PROD003,2348052867108, Customer 2020 ,Female,36-45, Abuja ,South South,,2025-07-15,active,Postpaid,ANNUAL,Nova Hybrid Plus,Bundle,18000,45000MB,,753,18000,Card,3G,-108.0,,2.0
CUST02021,SUB02021,PROD001,2348067450794,Customer 2021,Female,26-35,Lagos,South South,Standard,2023-11-28,Cancelled,POSTPAID,monthly,Nova Premium 5G,Data,25000,81799,,18,25000,Card,4G,-999.0,0.0,5.0
CUST02022,SUB02022,PROD004,2348079586664,Customer 2022,Male,36-45,Port Harcourt,South South,,2022-10-15,SUSPENDED,Prepaid,monthly,Nova SME Connect,Business,35000,45000MB,,777,,USSD,5G,,,2.0
CUST02023,SUB02023,PROD004,2348078400107,Customer 2023,,26-35,Lagos,South West,premium ,2022-04-18,active,prepaid,Annual,Nova SME Connect,Business,35000,,,94,35000,CARD,4g,-84.0,2.0,2.0
CUST02024,SUB02024,PROD002,2348015036116,Customer 2024,Male,60+,Abuja,North Central,STANDARD,2025-06-19,active,POSTPAID,Annual,Nova Unlimited Voice,Voice,12000,,822.0,36,12000,Bank Transfer,LTE,-70.0,5.0,2.0
CUST02025,SUB02025,PROD005,2348049557740,Customer 2025,Male,46-60,Enugu,South South,Premium,27/02/2024,Active,Postpaid,Monthly,Nova Starter,Bundle,8000,31077,,641,,Cash,3G,,2.0,3.0
CUST02026,SUB02026,PROD003,2348074295608,Customer 2026,Female,18-25,Abuja,North Central,STANDARD,2025-04-01,,post paid,No contract,Nova Hybrid Plus,Bundle,18000,45000MB,,304,18000,bank transfer,5G,,1.0,4.0
CUST02027,SUB02027,PROD001,2348066981790,Customer 2027,male,, Abuja ,North West,Basic,2022-01-04,Cancelled,Postpaid,Annual,Nova Premium 5G,Data,25000,,3256.0,16,25000,Card,LTE,,,1.0
CUST02028,SUB02028,PROD001,2348027936254,Customer 2028,Female,26-35,portharcourt,North West,Premium,2021-10-06,active,Prepaid,No contract,Nova Premium 5G,Data,25000,,1024.0,138,,,4G,-58.0,1.0,
CUST02029,SUB02029,PROD002,2348023057680,Customer 2029,Female,18-25, Abuja ,South East,STANDARD,2022-09-04,Actv,POSTPAID,Annual,Nova Unlimited Voice,Voice,12000,45000MB,,201,,Card,4G,,2.0,
CUST02030,SUB02030,PROD003,2348093995246,Customer 2030,Male,60+,Kano,South West,Corporate,2023-03-27,Active,Prepaid,Monthly,Nova Hybrid Plus,Bundle,18000,45000MB,,672,18000,,LTE,-999.0,1.0,4.0
CUST02031,SUB02031,PROD002,2348026726740,Customer 2031,Female,18-25,Lagos,South West,,2025-01-24,ACTIVE,Postpaid,Monthly,Nova Unlimited Voice,Voice,12000,45000MB,,249,12000,Bank Transfer,,-72.0,,5.0
CUST02032,SUB02032,PROD003,2348077335722,Customer 2032,M,46-60,Lagos,South East,STANDARD,2021-01-29,Actv,post paid,Annual,Nova Hybrid Plus,Bundle,18000,69414,2004.0,321,18000,Bank Transfer,4g,,0.0,1.0
CUST02033,SUB02033,PROD004,2348036114141,Customer 2033,,46-60,Kano,South West,Standard,2022-03-15,Cancelled,post paid,Monthly,Nova SME Connect,Business,35000,14437,910.0,285,35000,Card,LTE,-71.0,0.0,
CUST02034,SUB02034,PROD002,2348049672211,Customer 2034,Male,36-45,Port Harcourt,South East,Corporate,2024-12-21,Active,Prepaid,Monthly,Nova Unlimited Voice,Voice,12000,,,480,12000,CARD,4G,,2.0,
CUST02035,SUB02035,PROD003,2348046711128,Customer 2035,M,,Ibadan,South West,STANDARD,2022-07-26,SUSPENDED,prepaid,ANNUAL,Nova Hybrid Plus,Bundle,18000,45000MB,,421,,Bank Transfer,4g,-999.0,1.0,4.0
CUST02036,SUB02036,PROD003,2348079604624,Customer 2036,Female,46-60,Port Harcourt,South South,Standard,2024-01-16,Suspended,post paid,ANNUAL,Nova Hybrid Plus,Bundle,18000,18782,,634,18000,,4G,,5.0,4.0
CUST02037,SUB02037,PROD004,2348094488062,Customer 2037,Male,26-35,Port Harcourt,North West,Corporate,2021-12-06,active,post paid,ANNUAL,Nova SME Connect,Business,35000,,3466.0,76,,USSD,5G,-999.0,2.0,
CUST02038,SUB02038,PROD004,2348065491853,Customer 2038,Unknown,18-25,lagos,North West,STANDARD,2022-11-04,Active,Postpaid,monthly,Nova SME Connect,Business,35000,61688,,778,,Card,3G,-999.0,1.0,1.0
CUST02039,SUB02039,PROD001,2348017236419,Customer 2039,Unknown,,lagos,South South,,2025-08-02,cancelled,Postpaid,No contract,Nova Premium 5G,Data,25000,65309,220.0,651,25000,bank transfer,5G,-999.0,5.0,1.0
CUST02040,SUB02040,PROD002,2348023460872, Customer 2040 ,M,18-25,Enugu,North Central,premium ,2025-10-28,Active,Prepaid,ANNUAL,Nova Unlimited Voice,Voice,12000,45000MB,3403.0,580,,USSD,4g,-64.0,0.0,1.0
CUST02041,SUB02041,PROD004,2348016767490,Customer 2041,male,46-60,Port Harcourt,South East,Basic,2023-08-28,active,Prepaid,Monthly,Nova SME Connect,Business,35000,45000MB,,79,35000,USSD,4g,-53.0,0.0,2.0
CUST02042,SUB02042,PROD005,2348025932792,Customer 2042,M,18-25,LAGOS,South South,Premium,2023-04-05,Suspended,POSTPAID,Monthly,Nova Starter,Bundle,8000,45000MB,,683,8000,Card,3G,,0.0,3.0
CUST02043,SUB02043,PROD002,2348094443616,Customer 2043,FEMALE,46-60,Abuja,South East,Standard,2024-01-08,Actv,Prepaid,No contract,Nova Unlimited Voice,Voice,12000,45000MB,287.0,348,12000,,5G,-76.0,5.0,5.0
CUST02044,SUB02044,PROD005,2348043428852,Customer 2044,,,Ibadan,North Central,Standard,2021-05-29,active,post paid,ANNUAL,Nova Starter,Bundle,8000,,1262.0,71,,bank transfer,4G,,0.0,4.0
CUST02045,SUB02045,PROD002,2348055824072,Customer 2045,Female,46-60, Abuja ,North West,Basic,2022-05-22,Active,prepaid,ANNUAL,Nova Unlimited Voice,Voice,12000,51678,,258,,bank transfer,,-93.0,,1.0
CUST02046,SUB02046,PROD001,2348081310627,Customer 2046,,36-45,portharcourt,North West,STANDARD,2023-04-04,,post paid,ANNUAL,Nova Premium 5G,Data,25000,,,104,25000,bank transfer,LTE,-999.0,0.0,
CUST02047,SUB02047,PROD004,2348042376440,Customer 2047,,60+,lagos,North Central,Standard,2023-05-29,ACTIVE,prepaid,Annual,Nova SME Connect,Business,35000,554,2446.0,594,35000,,4G,-62.0,2.0,5.0
CUST02048,SUB02048,PROD001,2348016296558,Customer 2048,F,60+,lagos,North West,,2022-04-21,Cancelled,Prepaid,No contract,Nova Premium 5G,Data,25000,23082,,104,25000,,,,,5.0
CUST02049,SUB02049,PROD005,2348082784874,Customer 2049,F,46-60,Enugu,South South,STANDARD,2024-01-18,cancelled,prepaid,Monthly,Nova Starter,Bundle,8000,45000MB,3483.0,4,8000,USSD,4g,,,5.0
CUST02050,SUB02050,PROD002,2348028208903,Customer 2050,F,26-35,Ibadan,South West,premium ,12/04/2022,cancelled,Postpaid,No contract,Nova Unlimited Voice,Voice,12000,45000MB,,489,12000,Bank Transfer,4G,-999.0,,5.0
CUST02051,SUB02051,PROD004,2348045135719,Customer 2051,,36-45,portharcourt,North Central,premium ,2021-04-18,Cancelled,Postpaid,Annual,Nova SME Connect,Business,35000,13737,1581.0,157,35000,Bank Transfer,3G,-68.0,2.0,2.0
CUST02052,SUB02052,PROD003,2348051276055,Customer 2052,M,26-35,portharcourt,North Central,Basic,2025-02-26,Cancelled,POSTPAID,monthly,Nova Hybrid Plus,Bundle,18000,,2905.0,66,18000,Bank Transfer,4g,,1.0,1.0
CUST02053,SUB02053,PROD001,2348048304236,Customer 2053,Male,46-60,portharcourt,South West,STANDARD,2022-02-14,Active,POSTPAID,ANNUAL,Nova Premium 5G,Data,25000,71200,2354.0,149,25000,Bank Transfer,4g,,1.0,
CUST02054,SUB02054,PROD003,2348098408523,Customer 2054,Male,26-35,Port Harcourt,South East,Standard,2025-12-02,Active,Postpaid,Monthly,Nova Hybrid Plus,Bundle,18000,,2697.0,386,18000,Cash,4G,-999.0,1.0,1.0
CUST02055,SUB02055,PROD004,2348055312649,Customer 2055,Female,46-60,Port Harcourt,North West,Premium,2023-01-05,Active,Postpaid,Annual,Nova SME Connect,Business,35000,67508,413.0,762,35000,bank transfer,4G,-999.0,,2.0
CUST02056,SUB02056,PROD003,2348063384247,Customer 2056,Male,26-35, Abuja ,South South,Basic,2021-08-25,,Prepaid,Annual,Nova Hybrid Plus,Bundle,18000,10318,,2,18000,Cash,3G,,5.0,2.0
CUST02057,SUB02057,PROD003,2348051937131,Customer 2057,F,18-25,lagos,South South,Corporate,2023-02-17,active,Postpaid,ANNUAL,Nova Hybrid Plus,Bundle,18000,45000MB,1528.0,4,18000,bank transfer,5G,-999.0,,2.0
CUST02058,SUB02058,PROD005,2348011637967,Customer 2058,,60+,Abuja,South East,Premium,2021-09-17,,prepaid,ANNUAL,Nova Starter,Bundle,8000,,401.0,384,,Card,,-80.0,,4.0
CUST02059,SUB02059,PROD002,2348066772189,Customer 2059,M,26-35,Lagos,South South,,2025-03-21,,Postpaid,ANNUAL,Nova Unlimited Voice,Voice,12000,82307,2982.0,350,12000,,4G,-96.0,5.0,
CUST02060,SUB02060,PROD001,2348052879093, Customer 2060 ,Male,46-60,,South West,STANDARD,2025-06-25,Suspended,POSTPAID,ANNUAL,Nova Premium 5G,Data,25000,29948,,613,,USSD,LTE,,,2.0
CUST02061,SUB02061,PROD001,2348094102728,Customer 2061,male,36-45,Kano,South West,STANDARD,2024-02-09,Cancelled,post paid,Monthly,Nova Premium 5G,Data,25000,45000MB,2153.0,298,,USSD,5G,,1.0,4.0
CUST02062,SUB02062,PROD001,2348055634413,Customer 2062,M,60+,Enugu,South West,Basic,2024-06-20,ACTIVE,POSTPAID,monthly,Nova Premium 5G,Data,25000,45000MB,188.0,480,,bank transfer,4g,,0.0,1.0
CUST02063,SUB02063,PROD003,2348089656803,Customer 2063,Female,46-60,LAGOS,North Central,STANDARD,2023-10-23,SUSPENDED,Postpaid,monthly,Nova Hybrid Plus,Bundle,18000,45000MB,563.0,263,18000,Card,4G,,5.0,4.0
CUST02064,SUB02064,PROD005,2348039775334,Customer 2064,M,,Kano,North Central,Standard,2022-05-20,Active,POSTPAID,Annual,Nova Starter,Bundle,8000,,3614.0,72,8000,Card,LTE,,0.0,5.0
CUST02065,SUB02065,PROD004,2348051782834,Customer 2065,Male,26-35,Lagos,North Central,Basic,2021-07-12,Cancelled,post paid,No contract,Nova SME Connect,Business,35000,43315,,424,35000,CARD,3G,-74.0,2.0,2.0
CUST02066,SUB02066,PROD005,2348090306633,Customer 2066,male,26-35,lagos,South West,Standard,2024-02-03,active,Prepaid,ANNUAL,Nova Starter,Bundle,8000,15068,2495.0,634,,Card,3G,,,1.0
CUST02067,SUB02067,PROD004,2348074442096,Customer 2067,Female,26-35, Abuja ,North West,Standard,2021-07-27,Suspended,post paid,Monthly,Nova SME Connect,Business,35000,,690.0,620,35000,Cash,5G,-92.0,2.0,3.0
CUST02068,SUB02068,PROD001,2348081707788,Customer 2068,Male,, Abuja ,North West,premium ,2023-07-20,Suspended,post paid,Annual,Nova Premium 5G,Data,25000,45000MB,2878.0,36,25000,Card,,,0.0,2.0
CUST02069,SUB02069,PROD002,2348068247371,Customer 2069,,,Port Harcourt,North West,STANDARD,2025-06-22,active,prepaid,Monthly,Nova Unlimited Voice,Voice,12000,45000MB,,23,,Cash,LTE,-999.0,,5.0
CUST02070,SUB02070,PROD001,2348055064769,Customer 2070,Male,, Abuja ,North West,Basic,2021-06-15,active,Postpaid,monthly,Nova Premium 5G,Data,25000,81299,3184.0,586,,bank transfer,3G,-92.0,,
CUST02071,SUB02071,PROD004,2348063531219,Customer 2071,male,36-45,Ibadan,South West,STANDARD,2021-07-20,Suspended,post paid,Annual,Nova SME Connect,Business,35000,,,788,,Bank Transfer,LTE,-999.0,2.0,5.0
CUST02072,SUB02072,PROD001,2348097326749,Customer 2072,male,18-25,portharcourt,North West,Basic,2024-12-21,Active,Postpaid,Monthly,Nova Premium 5G,Data,25000,,,166,,Cash,LTE,-80.0,2.0,3.0
CUST02073,SUB02073,PROD001,2348084583126,Customer 2073,Female,60+,Kano,North West,Basic,2023-10-09,Actv,Prepaid,monthly,Nova Premium 5G,Data,25000,45000MB,1457.0,336,25000,,3G,-98.0,5.0,3.0
CUST02074,SUB02074,PROD003,2348014335826,Customer 2074,Female,36-45,,North Central,Premium,2023-12-03,Actv,Prepaid,Annual,Nova Hybrid Plus,Bundle,18000,45000MB,2099.0,534,18000,Bank Transfer,4g,-71.0,0.0,5.0
CUST02075,SUB02075,PROD001,2348065641598,Customer 2075,Female,60+,Enugu,South West,STANDARD,07/09/2021,Active,POSTPAID,monthly,Nova Premium 5G,Data,25000,,323.0,792,25000,Cash,,,2.0,3.0
CUST02076,SUB02076,PROD004,2348075629078,Customer 2076,Male,60+,LAGOS,North Central,Standard,2024-10-21,Cancelled,Prepaid,Monthly,Nova SME Connect,Business,35000,,,109,35000,Cash,5G,,,
CUST02077,SUB02077,PROD003,2348087471039,Customer 2077,M,46-60,,North Central,Standard,2025-01-30,active,POSTPAID,Monthly,Nova Hybrid Plus,Bundle,18000,58421,2218.0,384,18000,Cash,4G,-999.0,5.0,5.0
CUST02078,SUB02078,PROD001,2348098081184,Customer 2078,Female,,,North West,Standard,2024-10-02,Suspended,Prepaid,ANNUAL,Nova Premium 5G,Data,25000,,959.0,717,,Card,4G,-51.0,0.0,1.0
CUST02079,SUB02079,PROD001,2348082303735,Customer 2079,Female,,LAGOS,South South,Premium,2022-01-28,active,Prepaid,No contract,Nova Premium 5G,Data,25000,45000MB,,728,,Card,5G,,,5.0
CUST02080,SUB02080,PROD005,2348054546908, Customer 2080 ,Female,, Abuja ,South West,STANDARD,2021-05-21,Suspended,POSTPAID,monthly,Nova Starter,Bundle,8000,45000MB,3408.0,238,8000,Card,4G,-59.0,,1.0
CUST02081,SUB02081,PROD003,2348078581689,Customer 2081,Female,,lagos,North West,Standard,2022-03-17,Active,Prepaid,monthly,Nova Hybrid Plus,Bundle,18000,45000MB,,296,,bank transfer,LTE,,0.0,1.0
CUST02082,SUB02082,PROD002,2348015081984,Customer 2082,male,46-60,Abuja,South South,Standard,2023-04-18,Suspended,Prepaid,Monthly,Nova Unlimited Voice,Voice,12000,71581,,345,12000,USSD,4g,-107.0,,1.0
CUST02083,SUB02083,PROD003,2348091065207,Customer 2083,Male,26-35,Kano,South West,premium ,2022-04-03,active,Postpaid,No contract,Nova Hybrid Plus,Bundle,18000,44226,1911.0,700,18000,CARD,4G,,5.0,2.0
CUST02084,SUB02084,PROD002,2348017223198,Customer 2084,,18-25,lagos,North Central,,2023-04-28,Actv,prepaid,monthly,Nova Unlimited Voice,Voice,12000,45000MB,1725.0,8,,,4g,-88.0,5.0,
CUST02085,SUB02085,PROD003,2348062429419,Customer 2085,,26-35,lagos,North Central,STANDARD,2023-01-25,Active,post paid,ANNUAL,Nova Hybrid Plus,Bundle,18000,45000MB,2122.0,593,,Cash,3G,-999.0,0.0,1.0
CUST02086,SUB02086,PROD002,2348073434146,Customer 2086,Male,36-45,Port Harcourt,North Central,Standard,2024-05-08,cancelled,Prepaid,No contract,Nova Unlimited Voice,Voice,12000,45000MB,,761,,USSD,LTE,-92.0,2.0,2.0
CUST02087,SUB02087,PROD004,2348082593365,Customer 2087,m ,18-25,Enugu,South West,STANDARD,2023-10-10,Active,Prepaid,Annual,Nova SME Connect,Business,35000,,,37,35000,bank transfer,,-999.0,,3.0
CUST02088,SUB02088,PROD002,2348091913164,Customer 2088,Male,18-25,Kano,South East,Premium,2025-04-06,Cancelled,POSTPAID,No contract,Nova Unlimited Voice,Voice,12000,,,319,12000,Bank Transfer,,,,4.0
CUST02089,SUB02089,PROD004,2348092001253,Customer 2089,FEMALE,26-35,lagos,South South,Standard,2021-04-21,active,Postpaid,No contract,Nova SME Connect,Business,35000,,938.0,288,,,LTE,-89.0,5.0,
CUST02090,SUB02090,PROD005,2348069068508,Customer 2090,F,60+,Enugu,South West,Basic,2024-06-23,SUSPENDED,POSTPAID,ANNUAL,Nova Starter,Bundle,8000,73316,2664.0,275,8000,Bank Transfer,3G,-999.0,1.0,1.0
CUST02091,SUB02091,PROD002,2348060601642,Customer 2091,M,46-60,Abuja,South South,Premium,2021-01-28,Suspended,prepaid,Annual,Nova Unlimited Voice,Voice,12000,45000MB,296.0,396,,bank transfer,4G,-105.0,2.0,3.0
CUST02092,SUB02092,PROD001,2348023164177,Customer 2092,M,,Abuja,North Central,Premium,2022-10-18,cancelled,prepaid,Annual,Nova Premium 5G,Data,25000,45000MB,,704,25000,,3G,-52.0,1.0,4.0
CUST02093,SUB02093,PROD002,2348048610381,Customer 2093,Male,,Abuja,South West,Standard,2024-09-07,Active,Postpaid,Annual,Nova Unlimited Voice,Voice,12000,79407,2391.0,237,,Bank Transfer,,,1.0,5.0
CUST02094,SUB02094,PROD004,2348050220288,Customer 2094,F,18-25,,South East,Corporate,2024-08-18,active,post paid,ANNUAL,Nova SME Connect,Business,35000,,2673.0,428,,,,,,3.0
CUST02095,SUB02095,PROD004,2348010097294,Customer 2095,Male,26-35,Abuja,North West,premium ,2023-05-20,Active,POSTPAID,monthly,Nova SME Connect,Business,35000,45000MB,3119.0,210,35000,Bank Transfer,5G,-55.0,1.0,
CUST02096,SUB02096,PROD003,2348012349247,Customer 2096,,60+,Lagos,South East,,2022-10-04,Active,Prepaid,monthly,Nova Hybrid Plus,Bundle,18000,,,446,18000,Cash,LTE,-106.0,5.0,5.0
CUST02097,SUB02097,PROD005,2348085031191,Customer 2097,Male,46-60,Enugu,South South,Premium,2023-01-03,Cancelled,prepaid,Annual,Nova Starter,Bundle,8000,,,242,,CARD,,,0.0,4.0
CUST02098,SUB02098,PROD002,2348097825193,Customer 2098,Female,,lagos,South West,STANDARD,2025-01-10,active,post paid,Annual,Nova Unlimited Voice,Voice,12000,,927.0,55,12000,CARD,LTE,-84.0,0.0,5.0
CUST02099,SUB02099,PROD002,2348049379799,Customer 2099,male,18-25,portharcourt,South West,Basic,2021-03-03,ACTIVE,Postpaid,monthly,Nova Unlimited Voice,Voice,12000,,,639,,Cash,,-87.0,2.0,4.0
CUST02100,SUB02100,PROD003,2348010677000, Customer 2100 ,Male,60+,Abuja,South West,premium ,28/12/2022,ACTIVE,post paid,Monthly,Nova Hybrid Plus,Bundle,18000,9512,1371.0,100,,Bank Transfer,4G,-80.0,2.0,3.0
CUST02101,SUB02101,PROD005,2348023836723,Customer 2101,Male,26-35,lagos,South South,Basic,2022-04-23,Cancelled,prepaid,monthly,Nova Starter,Bundle,8000,45781,,547,8000,Card,,-80.0,1.0,4.0
CUST02102,SUB02102,PROD005,2348028322479,Customer 2102,Female,60+, Abuja ,North Central,Standard,2025-05-24,Cancelled,prepaid,ANNUAL,Nova Starter,Bundle,8000,35626,3307.0,483,8000,,5G,-84.0,0.0,5.0
CUST02103,SUB02103,PROD004,2348077985627,Customer 2103,,26-35,,South East,,2021-11-08,active,POSTPAID,Annual,Nova SME Connect,Business,35000,,,199,35000,bank transfer,3G,-82.0,2.0,1.0
CUST02104,SUB02104,PROD003,2348038744378,Customer 2104,M,18-25,lagos,North West,Corporate,2021-11-16,Active,post paid,No contract,Nova Hybrid Plus,Bundle,18000,7286,,466,,Bank Transfer,4G,-999.0,2.0,1.0
CUST02105,SUB02105,PROD004,2348093455319,Customer 2105,F,60+,Lagos,North West,Premium,2024-11-07,Active,Postpaid,Annual,Nova SME Connect,Business,35000,9924,2775.0,669,35000,,3G,,,4.0
CUST02106,SUB02106,PROD005,2348035102685,Customer 2106,Male,36-45,lagos,North West,premium ,2025-07-07,,POSTPAID,monthly,Nova Starter,Bundle,8000,,966.0,204,,Card,4G,,0.0,4.0
CUST02107,SUB02107,PROD005,2348021208031,Customer 2107,Male,18-25,Port Harcourt,South South,,2022-08-25,SUSPENDED,post paid,Annual,Nova Starter,Bundle,8000,,759.0,587,8000,CARD,4g,-100.0,0.0,2.0
CUST02108,SUB02108,PROD001,2348079146670,Customer 2108,Male,18-25,Enugu,North Central,,2024-07-06,ACTIVE,post paid,Monthly,Nova Premium 5G,Data,25000,45000MB,,59,25000,Card,3G,-999.0,2.0,3.0
CUST02109,SUB02109,PROD002,2348079322858,Customer 2109,female,46-60,LAGOS,North West,Standard,2022-10-19,Active,Postpaid,monthly,Nova Unlimited Voice,Voice,12000,,2102.0,672,12000,Card,3G,-93.0,0.0,1.0
CUST02110,SUB02110,PROD002,2348070854060,Customer 2110,m ,18-25,Enugu,North Central,Premium,2021-12-27,active,Prepaid,Annual,Nova Unlimited Voice,Voice,12000,46688,,329,12000,Cash,4G,,0.0,4.0
CUST02111,SUB02111,PROD002,2348012417808,Customer 2111,Female,60+,Abuja,North West,premium ,2022-10-24,Cancelled,Postpaid,monthly,Nova Unlimited Voice,Voice,12000,45000MB,2708.0,280,,Bank Transfer,4g,-999.0,1.0,3.0
CUST02112,SUB02112,PROD002,2348026454349,Customer 2112,Female,36-45,,South South,premium ,2024-03-21,Active,POSTPAID,monthly,Nova Unlimited Voice,Voice,12000,,3241.0,466,12000,Bank Transfer,4G,-79.0,5.0,2.0
CUST02113,SUB02113,PROD002,2348041779236,Customer 2113,Female,36-45,Enugu,North Central,,2021-03-17,active,POSTPAID,Monthly,Nova Unlimited Voice,Voice,12000,6464,3971.0,286,12000,,5G,-65.0,0.0,5.0
CUST02114,SUB02114,PROD005,2348094142340,Customer 2114,Male,36-45,Abuja,South East,,2021-07-26,Active,post paid,No contract,Nova Starter,Bundle,8000,2789,,222,8000,Bank Transfer,,,5.0,
CUST02115,SUB02115,PROD002,2348051615499,Customer 2115,F,26-35,Abuja,South East,Basic,2022-07-03,Cancelled,POSTPAID,No contract,Nova Unlimited Voice,Voice,12000,45000MB,,38,12000,bank transfer,LTE,,1.0,
CUST02116,SUB02116,PROD005,2348011145620,Customer 2116,Male,60+,Enugu,South West,STANDARD,2022-09-21,Active,prepaid,No contract,Nova Starter,Bundle,8000,45000MB,278.0,579,,CARD,LTE,-58.0,5.0,4.0
CUST02117,SUB02117,PROD003,2348095000058,Customer 2117,Female,18-25,Kano,South East,Corporate,2024-01-10,active,Postpaid,monthly,Nova Hybrid Plus,Bundle,18000,45000MB,36.0,358,18000,Cash,4g,,,2.0
CUST02118,SUB02118,PROD001,2348037802792,Customer 2118,Male,26-35,Ibadan,South East,Premium,2021-05-21,Suspended,post paid,Monthly,Nova Premium 5G,Data,25000,,3935.0,719,25000,USSD,4g,-999.0,2.0,3.0
CUST02119,SUB02119,PROD004,2348038435324,Customer 2119,Male,,Abuja,South South,,2024-02-21,Cancelled,Prepaid,monthly,Nova SME Connect,Business,35000,45000MB,167.0,385,35000,Bank Transfer,5G,,1.0,4.0
CUST02120,SUB02120,PROD005,2348015081594, Customer 2120 ,Male,26-35,lagos,South East,Corporate,2021-05-20,Suspended,Postpaid,monthly,Nova Starter,Bundle,8000,12604,,733,8000,Cash,LTE,-70.0,,4.0
CUST02121,SUB02121,PROD004,2348029963352,Customer 2121,F,,Port Harcourt,North Central,premium ,2022-06-05,,prepaid,No contract,Nova SME Connect,Business,35000,84611,3645.0,235,35000,Cash,3G,,0.0,
CUST02122,SUB02122,PROD002,2348048726129,Customer 2122,,,Enugu,North West,premium ,2022-05-30,Cancelled,Prepaid,Annual,Nova Unlimited Voice,Voice,12000,62489,3462.0,216,12000,Cash,4G,-999.0,0.0,1.0
CUST02123,SUB02123,PROD004,2348042276190,Customer 2123,male,36-45,Abuja,North Central,Premium,2021-02-13,Active,prepaid,ANNUAL,Nova SME Connect,Business,35000,52480,3117.0,429,35000,USSD,3G,-99.0,,
CUST02124,SUB02124,PROD003,2348093496055,Customer 2124,Male,36-45,,South West,STANDARD,2022-07-16,Active,Postpaid,monthly,Nova Hybrid Plus,Bundle,18000,45000MB,2958.0,335,,bank transfer,,,1.0,2.0
CUST02125,SUB02125,PROD002,2348048592315,Customer 2125,Unknown,46-60,Abuja,South East,Premium,04/06/2023,Actv,post paid,Annual,Nova Unlimited Voice,Voice,12000,,3059.0,200,12000,Card,3G,-999.0,5.0,2.0
CUST02126,SUB02126,PROD004,2348096056782,Customer 2126,male,36-45,Abuja,South West,,2021-02-20,Active,POSTPAID,monthly,Nova SME Connect,Business,35000,79633,3557.0,741,,CARD,3G,,1.0,2.0
CUST02127,SUB02127,PROD001,2348065158691,Customer 2127,Male,26-35,Enugu,South South,STANDARD,2021-04-25,,Prepaid,Monthly,Nova Premium 5G,Data,25000,37177,,797,25000,Card,4g,-999.0,,3.0
CUST02128,SUB02128,PROD002,2348081939099,Customer 2128,Male,36-45,lagos,South South,Premium,2022-06-10,ACTIVE,POSTPAID,Annual,Nova Unlimited Voice,Voice,12000,,,196,12000,CARD,4G,,0.0,1.0
CUST02129,SUB02129,PROD003,2348079839623,Customer 2129,MALE,36-45,Kano,South East,Corporate,2025-06-01,Active,Prepaid,monthly,Nova Hybrid Plus,Bundle,18000,,,188,18000,Cash,3G,,0.0,
CUST02130,SUB02130,PROD003,2348067034041,Customer 2130,F,18-25,lagos,South West,,2024-04-16,Actv,prepaid,Annual,Nova Hybrid Plus,Bundle,18000,,,516,,Cash,4g,-999.0,0.0,
CUST02131,SUB02131,PROD001,2348028755336,Customer 2131,male,60+, Abuja ,South South,Standard,2022-07-03,active,Postpaid,Monthly,Nova Premium 5G,Data,25000,,1511.0,119,25000,USSD,LTE,,5.0,3.0
CUST02132,SUB02132,PROD002,2348036674657,Customer 2132,Female,18-25,,South West,Corporate,2021-04-16,Active,post paid,Annual,Nova Unlimited Voice,Voice,12000,53196,,781,,Bank Transfer,3G,-62.0,0.0,1.0
CUST02133,SUB02133,PROD004,2348014131903,Customer 2133,m ,18-25,Abuja,South West,Basic,2023-08-18,,post paid,monthly,Nova SME Connect,Business,35000,64397,3211.0,350,35000,Card,4G,,1.0,
CUST02134,SUB02134,PROD005,2348032339168,Customer 2134,Female,18-25,Lagos,South West,premium ,2021-07-29,Active,Prepaid,Annual,Nova Starter,Bundle,8000,,1896.0,77,8000,,4g,-108.0,2.0,1.0
CUST02135,SUB02135,PROD003,2348039399224,Customer 2135,F,26-35,Enugu,North Central,Standard,2024-05-27,SUSPENDED,Postpaid,No contract,Nova Hybrid Plus,Bundle,18000,49978,3353.0,609,,,4g,-999.0,0.0,2.0
CUST02136,SUB02136,PROD005,2348034580144,Customer 2136,male,46-60,lagos,North West,,2023-08-18,,prepaid,monthly,Nova Starter,Bundle,8000,21164,,517,8000,,4g,-999.0,,4.0
CUST02137,SUB02137,PROD004,2348088862480,Customer 2137, f,18-25,Abuja,North Central,premium ,2023-01-30,Cancelled,Postpaid,Annual,Nova SME Connect,Business,35000,,1400.0,43,,CARD,,-92.0,2.0,2.0
CUST02138,SUB02138,PROD005,2348056564810,Customer 2138,M,46-60,Kano,South South,STANDARD,2022-04-17,SUSPENDED,POSTPAID,monthly,Nova Starter,Bundle,8000,78215,,335,8000,,4G,-999.0,,1.0
CUST02139,SUB02139,PROD005,2348023480778,Customer 2139,Male,36-45,Abuja,North Central,Premium,2023-02-15,active,Prepaid,ANNUAL,Nova Starter,Bundle,8000,,,653,8000,Bank Transfer,LTE,-93.0,0.0,4.0
CUST02140,SUB02140,PROD002,2348070735889, Customer 2140 ,Female,46-60,Kano,South South,Standard,2023-08-05,Active,Postpaid,Monthly,Nova Unlimited Voice,Voice,12000,45000MB,800.0,673,12000,Bank Transfer,LTE,,0.0,5.0
CUST02141,SUB02141,PROD005,2348080308220,Customer 2141,F,26-35,portharcourt,South West,premium ,2023-03-04,active,POSTPAID,No contract,Nova Starter,Bundle,8000,45000MB,1835.0,268,8000,CARD,,-999.0,0.0,4.0
CUST02142,SUB02142,PROD001,2348046766386,Customer 2142, f,,Port Harcourt,North Central,,2022-11-20,Suspended,post paid,No contract,Nova Premium 5G,Data,25000,45000MB,333.0,269,,Cash,4g,-999.0,0.0,1.0
CUST02143,SUB02143,PROD005,2348040747303,Customer 2143,Male,26-35, Abuja ,South East,Basic,2025-03-18,SUSPENDED,POSTPAID,Monthly,Nova Starter,Bundle,8000,18106,1832.0,387,8000,USSD,4g,,0.0,
CUST02144,SUB02144,PROD001,2348030948103,Customer 2144,Female,60+,Enugu,North West,STANDARD,2023-11-25,Actv,post paid,No contract,Nova Premium 5G,Data,25000,22992,3642.0,156,25000,bank transfer,,-66.0,,1.0
CUST02145,SUB02145,PROD004,2348011843736,Customer 2145,female,18-25,Enugu,North West,premium ,2022-11-04,SUSPENDED,POSTPAID,No contract,Nova SME Connect,Business,35000,,1249.0,226,35000,USSD,5G,-62.0,,2.0
CUST02146,SUB02146,PROD005,2348033328315,Customer 2146,Female,26-35,,South East,STANDARD,2022-03-04,Actv,Prepaid,monthly,Nova Starter,Bundle,8000,33778,,72,8000,Card,3G,-999.0,,3.0
CUST02147,SUB02147,PROD002,2348068618959,Customer 2147,Male,46-60,,South East,Corporate,2022-04-10,Actv,prepaid,Annual,Nova Unlimited Voice,Voice,12000,,2099.0,417,,bank transfer,4G,-999.0,2.0,
CUST02148,SUB02148,PROD002,2348025902757,Customer 2148,M,, Abuja ,South West,Standard,2021-01-18,SUSPENDED,prepaid,monthly,Nova Unlimited Voice,Voice,12000,,1879.0,104,,Cash,3G,,1.0,3.0
CUST02149,SUB02149,PROD004,2348013003589,Customer 2149,Male,60+,LAGOS,South East,premium ,2022-05-19,active,Postpaid,Annual,Nova SME Connect,Business,35000,45000MB,,374,35000,,4G,-88.0,1.0,
CUST02150,SUB02150,PROD002,2348011227358,Customer 2150,F,18-25,lagos,North Central,Standard,30/12/2021,Active,Prepaid,Monthly,Nova Unlimited Voice,Voice,12000,45000MB,1586.0,397,,Card,4g,,,2.0
CUST02151,SUB02151,PROD003,2348082217597,Customer 2151,Female,60+,lagos,South South,premium ,2022-12-13,,prepaid,Monthly,Nova Hybrid Plus,Bundle,18000,72578,,616,,USSD,5G,-86.0,0.0,3.0
CUST02152,SUB02152,PROD004,2348041862857,Customer 2152,F,26-35,portharcourt,South East,Basic,2025-10-05,Cancelled,Prepaid,Monthly,Nova SME Connect,Business,35000,45000MB,,647,35000,Bank Transfer,LTE,,0.0,3.0
CUST02153,SUB02153,PROD002,2348046893121,Customer 2153,Male,26-35,lagos,South South,STANDARD,2025-08-23,active,Prepaid,Monthly,Nova Unlimited Voice,Voice,12000,,2771.0,573,12000,Card,5G,,0.0,2.0
CUST02154,SUB02154,PROD002,2348061270283,Customer 2154,Male,,lagos,South West,premium ,2021-11-18,ACTIVE,Postpaid,monthly,Nova Unlimited Voice,Voice,12000,76802,,504,12000,Bank Transfer,4g,-999.0,5.0,2.0
CUST02155,SUB02155,PROD005,2348022881169,Customer 2155,Male,26-35,LAGOS,South East,Corporate,2025-03-15,Active,Prepaid,No contract,Nova Starter,Bundle,8000,503,,761,,,3G,-999.0,0.0,1.0
CUST02156,SUB02156,PROD002,2348044993294,Customer 2156,Female,,Enugu,South East,Standard,2023-03-18,cancelled,prepaid,Monthly,Nova Unlimited Voice,Voice,12000,19100,3898.0,3,12000,Cash,LTE,-999.0,2.0,2.0
CUST02157,SUB02157,PROD005,2348064712262,Customer 2157,M,46-60,LAGOS,South West,Basic,2023-07-07,active,Postpaid,Monthly,Nova Starter,Bundle,8000,59441,3033.0,450,,Bank Transfer,3G,,1.0,2.0
CUST02158,SUB02158,PROD002,2348075374493,Customer 2158,,26-35,LAGOS,North West,Premium,2021-08-12,cancelled,prepaid,No contract,Nova Unlimited Voice,Voice,12000,,,566,,bank transfer,,,1.0,
CUST02159,SUB02159,PROD002,2348072758383,Customer 2159,M,18-25,Abuja,South East,Basic,2023-08-25,cancelled,prepaid,Annual,Nova Unlimited Voice,Voice,12000,,3793.0,244,12000,Bank Transfer,5G,-102.0,0.0,4.0
CUST02160,SUB02160,PROD004,2348013075220, Customer 2160 ,Male,,Enugu,South East,STANDARD,2022-10-24,Cancelled,Prepaid,Annual,Nova SME Connect,Business,35000,82498,,6,35000,CARD,,-105.0,2.0,
CUST02161,SUB02161,PROD004,2348077907889,Customer 2161,Female,60+,LAGOS,South East,STANDARD,2024-11-27,Cancelled,POSTPAID,Monthly,Nova SME Connect,Business,35000,16557,,39,35000,Bank Transfer,,-92.0,5.0,1.0
CUST02162,SUB02162,PROD003,2348095935270,Customer 2162,female,,lagos,South West,premium ,2022-12-16,active,Postpaid,Annual,Nova Hybrid Plus,Bundle,18000,45000MB,1363.0,612,18000,Cash,,-999.0,0.0,2.0
CUST02163,SUB02163,PROD002,2348087554557,Customer 2163,Male,60+,Lagos,South West,Premium,2024-02-14,active,POSTPAID,ANNUAL,Nova Unlimited Voice,Voice,12000,45000MB,2044.0,16,12000,,,,,4.0
CUST02164,SUB02164,PROD004,2348047634590,Customer 2164,,,Lagos,North West,Premium,2023-07-28,active,prepaid,monthly,Nova SME Connect,Business,35000,45000MB,,790,35000,,,-67.0,2.0,2.0
CUST02165,SUB02165,PROD001,2348027832750,Customer 2165,Female,18-25,,North Central,Corporate,2025-04-03,Active,POSTPAID,Monthly,Nova Premium 5G,Data,25000,45000MB,,192,,Cash,LTE,-58.0,5.0,
CUST02166,SUB02166,PROD005,2348054067797,Customer 2166,,46-60,Ibadan,South South,Premium,2023-08-13,Active,post paid,ANNUAL,Nova Starter,Bundle,8000,,,300,8000,USSD,5G,-55.0,5.0,5.0
CUST02167,SUB02167,PROD001,2348068143398,Customer 2167,Female,60+,Ibadan,South East,premium ,2024-03-04,Active,post paid,monthly,Nova Premium 5G,Data,25000,,3051.0,577,25000,bank transfer,LTE,,1.0,4.0
CUST02168,SUB02168,PROD004,2348075941537,Customer 2168,F,,lagos,North West,Corporate,2024-03-01,cancelled,Postpaid,ANNUAL,Nova SME Connect,Business,35000,28183,3404.0,311,35000,Cash,4g,,0.0,1.0
CUST02169,SUB02169,PROD005,2348079135659,Customer 2169,FEMALE,18-25,Enugu,South West,Corporate,2024-03-23,Actv,Prepaid,Annual,Nova Starter,Bundle,8000,16017,,361,,CARD,,-66.0,1.0,2.0
CUST02170,SUB02170,PROD004,2348068139557,Customer 2170,Male,18-25,LAGOS,North Central,Basic,2023-12-16,Active,post paid,Annual,Nova SME Connect,Business,35000,,1656.0,469,35000,Cash,3G,-58.0,0.0,1.0
CUST02171,SUB02171,PROD003,2348023417895,Customer 2171,Male,46-60, Abuja ,South South,STANDARD,2023-12-28,Cancelled,Postpaid,ANNUAL,Nova Hybrid Plus,Bundle,18000,45000MB,206.0,634,,USSD,,-999.0,5.0,
CUST02172,SUB02172,PROD004,2348059554668,Customer 2172,M,18-25,Kano,North Central,,2022-02-03,ACTIVE,post paid,monthly,Nova SME Connect,Business,35000,13713,,643,35000,bank transfer,4g,,2.0,3.0
CUST02173,SUB02173,PROD003,2348043640769,Customer 2173,Male,26-35,Lagos,North Central,STANDARD,2021-07-25,Suspended,post paid,Annual,Nova Hybrid Plus,Bundle,18000,45000MB,678.0,783,18000,Cash,LTE,-63.0,0.0,3.0
CUST02174,SUB02174,PROD002,2348042774113,Customer 2174,Female,60+, Abuja ,South East,STANDARD,2023-12-17,Active,prepaid,monthly,Nova Unlimited Voice,Voice,12000,45000MB,,166,12000,Card,4g,-92.0,1.0,
CUST02175,SUB02175,PROD005,2348096886222,Customer 2175,m ,60+,Kano,North West,,24/06/2021,Actv,post paid,Monthly,Nova Starter,Bundle,8000,62266,,686,,Bank Transfer,5G,-87.0,0.0,2.0
CUST02176,SUB02176,PROD002,2348028353728,Customer 2176,M,36-45,portharcourt,North West,STANDARD,2023-07-27,active,Prepaid,Annual,Nova Unlimited Voice,Voice,12000,3775,2857.0,597,,Cash,3G,-999.0,2.0,4.0
CUST02177,SUB02177,PROD002,2348083889405,Customer 2177,M,46-60,lagos,South West,Basic,2021-05-28,Suspended,Postpaid,Monthly,Nova Unlimited Voice,Voice,12000,45000MB,1826.0,711,,,4g,-999.0,5.0,3.0
CUST02178,SUB02178,PROD001,2348089653447,Customer 2178,Male,18-25,Abuja,South South,Premium,2024-10-26,active,Prepaid,No contract,Nova Premium 5G,Data,25000,34412,2290.0,594,,bank transfer,,-999.0,2.0,2.0
CUST02179,SUB02179,PROD002,2348013917456,Customer 2179,Male,26-35, Abuja ,South West,Premium,2022-10-19,active,post paid,No contract,Nova Unlimited Voice,Voice,12000,45000MB,,607,12000,,4G,-60.0,1.0,
CUST02180,SUB02180,PROD004,2348055938928, Customer 2180 ,Female,36-45,,North Central,Corporate,2024-11-03,active,Postpaid,Annual,Nova SME Connect,Business,35000,45000MB,1063.0,750,35000,Card,,-999.0,2.0,3.0
CUST02181,SUB02181,PROD004,2348013812054,Customer 2181,Male,60+,Ibadan,North West,STANDARD,2025-09-09,Active,post paid,No contract,Nova SME Connect,Business,35000,46507,,642,,USSD,4G,,0.0,4.0
CUST02182,SUB02182,PROD005,2348095622544,Customer 2182,Male,46-60, Abuja ,South East,premium ,2024-01-20,Cancelled,prepaid,Monthly,Nova Starter,Bundle,8000,75148,,402,8000,USSD,4g,,2.0,4.0
CUST02183,SUB02183,PROD001,2348051356151,Customer 2183,Male,60+,,South East,Premium,2023-01-01,active,POSTPAID,Annual,Nova Premium 5G,Data,25000,45000MB,3579.0,734,25000,Bank Transfer,5G,-999.0,,2.0
CUST02184,SUB02184,PROD005,2348066889905,Customer 2184,M,46-60,,North West,Corporate,2024-08-17,,Postpaid,monthly,Nova Starter,Bundle,8000,,,336,8000,CARD,4g,,5.0,1.0
CUST02185,SUB02185,PROD003,2348030524117,Customer 2185,Male,26-35,portharcourt,North West,Standard,2023-08-21,Active,POSTPAID,ANNUAL,Nova Hybrid Plus,Bundle,18000,87464,,455,18000,Bank Transfer,3G,-999.0,,1.0
CUST02186,SUB02186,PROD001,2348067026698,Customer 2186,FEMALE,60+,Lagos,South East,,2022-07-31,cancelled,prepaid,No contract,Nova Premium 5G,Data,25000,,,134,25000,USSD,,,5.0,
CUST02187,SUB02187,PROD003,2348060909334,Customer 2187,m ,36-45,Port Harcourt,North West,Premium,2022-07-21,Suspended,Postpaid,Monthly,Nova Hybrid Plus,Bundle,18000,7053,,42,18000,Cash,5G,-999.0,,
CUST02188,SUB02188,PROD004,2348069606013,Customer 2188,Male,60+,Port Harcourt,North Central,Corporate,2021-08-19,,prepaid,monthly,Nova SME Connect,Business,35000,78351,2019.0,657,,USSD,3G,,1.0,1.0
CUST02189,SUB02189,PROD002,2348087280397,Customer 2189,,26-35,Port Harcourt,South South,Basic,2024-09-18,,Prepaid,Monthly,Nova Unlimited Voice,Voice,12000,45000MB,,72,12000,Cash,,-999.0,5.0,5.0
CUST02190,SUB02190,PROD003,2348026755507,Customer 2190,Female,,Port Harcourt,North West,Premium,2024-05-27,,Prepaid,Monthly,Nova Hybrid Plus,Bundle,18000,45000MB,,796,18000,Card,5G,-108.0,,2.0
CUST02191,SUB02191,PROD001,2348052637082,Customer 2191,M,, Abuja ,South East,STANDARD,2025-11-21,Cancelled,post paid,Annual,Nova Premium 5G,Data,25000,35390,883.0,722,25000,CARD,4g,-83.0,0.0,4.0
CUST02192,SUB02192,PROD002,2348066795110,Customer 2192,Female,46-60,lagos,South South,Standard,2024-12-28,,post paid,Monthly,Nova Unlimited Voice,Voice,12000,45000MB,2808.0,701,12000,,4G,-999.0,2.0,5.0
CUST02193,SUB02193,PROD005,2348079181155,Customer 2193,Female,46-60,Port Harcourt,North Central,premium ,2023-12-19,Active,Prepaid,ANNUAL,Nova Starter,Bundle,8000,8452,3207.0,718,8000,CARD,4g,-84.0,2.0,
CUST02194,SUB02194,PROD002,2348078293111,Customer 2194,m ,36-45,lagos,North Central,Corporate,2021-06-30,Cancelled,Prepaid,monthly,Nova Unlimited Voice,Voice,12000,45000MB,3506.0,630,12000,Bank Transfer,4g,,2.0,2.0
CUST02195,SUB02195,PROD005,2348034704051,Customer 2195,Female,46-60,portharcourt,South East,Premium,2022-10-25,Suspended,POSTPAID,Annual,Nova Starter,Bundle,8000,45000MB,,89,8000,Bank Transfer,5G,,1.0,3.0
CUST02196,SUB02196,PROD001,2348027397352,Customer 2196,male,,Lagos,South West,STANDARD,2022-08-04,Suspended,POSTPAID,ANNUAL,Nova Premium 5G,Data,25000,45616,,797,25000,Card,5G,-999.0,,5.0
CUST02197,SUB02197,PROD001,2348053803736,Customer 2197,Female,46-60,portharcourt,North Central,,2025-04-29,cancelled,post paid,Annual,Nova Premium 5G,Data,25000,,3654.0,425,25000,CARD,4G,-999.0,0.0,2.0
CUST02198,SUB02198,PROD003,2348028207099,Customer 2198,Female,60+,Lagos,South West,premium ,2021-03-21,active,Prepaid,No contract,Nova Hybrid Plus,Bundle,18000,45000MB,,188,,USSD,4G,-999.0,0.0,5.0
CUST02199,SUB02199,PROD005,2348057238511,Customer 2199,male,18-25,lagos,North Central,,2023-11-13,active,post paid,ANNUAL,Nova Starter,Bundle,8000,45000MB,2685.0,325,8000,Cash,3G,,2.0,5.0
CUST02200,SUB02200,PROD004,2348019196432, Customer 2200 ,,26-35,LAGOS,South South,Premium,05/12/2025,Actv,POSTPAID,monthly,Nova SME Connect,Business,35000,27607,2750.0,242,35000,USSD,3G,-100.0,2.0,1.0
CUST02201,SUB02201,PROD005,2348063830487,Customer 2201,F,46-60,Port Harcourt,North Central,Basic,2025-11-05,SUSPENDED,prepaid,monthly,Nova Starter,Bundle,8000,,186.0,112,8000,bank transfer,3G,-999.0,5.0,
CUST02202,SUB02202,PROD002,2348081885966,Customer 2202,M,,Abuja,North West,Corporate,2024-06-19,Suspended,POSTPAID,monthly,Nova Unlimited Voice,Voice,12000,,,181,12000,USSD,,,2.0,5.0
CUST02203,SUB02203,PROD005,2348043173049,Customer 2203,Female,36-45,LAGOS,South East,,2023-04-28,active,Prepaid,ANNUAL,Nova Starter,Bundle,8000,45000MB,3830.0,565,8000,CARD,4G,,5.0,5.0
CUST02204,SUB02204,PROD001,2348063221263,Customer 2204,m ,,,South West,Standard,2024-05-30,Active,Prepaid,Annual,Nova Premium 5G,Data,25000,70371,2244.0,361,,CARD,4g,-60.0,,3.0
CUST02205,SUB02205,PROD002,2348087874605,Customer 2205,male,26-35,Enugu,North West,Standard,2024-10-25,Active,Postpaid,No contract,Nova Unlimited Voice,Voice,12000,,,781,12000,CARD,LTE,,0.0,3.0
CUST02206,SUB02206,PROD005,2348047597105,Customer 2206,Male,,LAGOS,South South,Standard,2021-05-26,SUSPENDED,POSTPAID,No contract,Nova Starter,Bundle,8000,45000MB,799.0,594,,USSD,,-999.0,5.0,3.0
CUST02207,SUB02207,PROD001,2348073304188,Customer 2207,Female,26-35,Ibadan,South West,Standard,2021-11-11,cancelled,Postpaid,monthly,Nova Premium 5G,Data,25000,45000MB,3648.0,645,,Card,,,2.0,
CUST02208,SUB02208,PROD003,2348054543945,Customer 2208,m ,, Abuja ,North West,STANDARD,2023-04-26,Active,post paid,No contract,Nova Hybrid Plus,Bundle,18000,62229,2426.0,289,,,5G,-99.0,0.0,2.0
CUST02209,SUB02209,PROD002,2348086435783,Customer 2209,Male,,portharcourt,South South,Basic,2022-08-22,active,Postpaid,Monthly,Nova Unlimited Voice,Voice,12000,,,94,12000,USSD,4G,-999.0,2.0,2.0
CUST02210,SUB02210,PROD001,2348032235324,Customer 2210,M,18-25,portharcourt,South East,STANDARD,2021-07-19,active,prepaid,Monthly,Nova Premium 5G,Data,25000,76050,,468,25000,CARD,LTE,,0.0,1.0
CUST02211,SUB02211,PROD005,2348030223217,Customer 2211,Female,36-45,,South East,Premium,2023-10-08,cancelled,POSTPAID,Monthly,Nova Starter,Bundle,8000,,,489,8000,USSD,4g,-999.0,1.0,
CUST02212,SUB02212,PROD003,2348068270337,Customer 2212,Male,,,South West,Standard,2022-05-01,ACTIVE,Postpaid,Monthly,Nova Hybrid Plus,Bundle,18000,45000MB,867.0,263,,Card,LTE,,,4.0
CUST02213,SUB02213,PROD001,2348093920291,Customer 2213,Female,46-60, Abuja ,North Central,premium ,2022-12-14,Active,POSTPAID,No contract,Nova Premium 5G,Data,25000,,3574.0,574,,CARD,5G,-72.0,1.0,4.0
CUST02214,SUB02214,PROD002,2348096625364,Customer 2214,,46-60,portharcourt,North West,Premium,2022-10-10,cancelled,prepaid,ANNUAL,Nova Unlimited Voice,Voice,12000,45000MB,,117,12000,USSD,,-59.0,1.0,1.0
CUST02215,SUB02215,PROD002,2348093563078,Customer 2215,female,18-25,LAGOS,North Central,Corporate,2023-11-02,Active,post paid,No contract,Nova Unlimited Voice,Voice,12000,,1077.0,494,,Cash,5G,,0.0,5.0
CUST02216,SUB02216,PROD005,2348089214301,Customer 2216,F,46-60,portharcourt,South South,Premium,2023-08-04,active,post paid,Annual,Nova Starter,Bundle,8000,,241.0,656,8000,Bank Transfer,,-55.0,0.0,3.0
CUST02217,SUB02217,PROD002,2348025995610,Customer 2217,,,,South East,STANDARD,2024-10-24,cancelled,Postpaid,ANNUAL,Nova Unlimited Voice,Voice,12000,45000MB,2374.0,294,12000,USSD,,,2.0,5.0
CUST02218,SUB02218,PROD004,2348029600752,Customer 2218,,36-45, Abuja ,North West,,2024-08-21,active,prepaid,ANNUAL,Nova SME Connect,Business,35000,74772,,770,35000,Bank Transfer,4G,-72.0,5.0,3.0
CUST02219,SUB02219,PROD002,2348084721312,Customer 2219,M,36-45,Enugu,North Central,Premium,2021-11-20,cancelled,Prepaid,ANNUAL,Nova Unlimited Voice,Voice,12000,45000MB,,509,,bank transfer,LTE,-999.0,0.0,5.0
CUST02220,SUB02220,PROD001,2348018866958, Customer 2220 ,,26-35,Enugu,South West,Standard,2025-03-13,active,Prepaid,No contract,Nova Premium 5G,Data,25000,45000MB,,730,25000,bank transfer,5G,-999.0,1.0,1.0
CUST02221,SUB02221,PROD002,2348096569116,Customer 2221,Unknown,60+, Abuja ,North Central,Standard,2022-08-03,active,POSTPAID,No contract,Nova Unlimited Voice,Voice,12000,45000MB,,40,12000,CARD,3G,-52.0,5.0,1.0
CUST02222,SUB02222,PROD003,2348024152931,Customer 2222,F,60+,Abuja,South East,premium ,2024-05-14,SUSPENDED,Prepaid,Annual,Nova Hybrid Plus,Bundle,18000,44885,,669,18000,CARD,,-56.0,0.0,1.0
CUST02223,SUB02223,PROD001,2348021939477,Customer 2223,Male,46-60,lagos,South East,,2024-02-23,Active,POSTPAID,ANNUAL,Nova Premium 5G,Data,25000,,1816.0,247,25000,Bank Transfer,,,2.0,5.0
CUST02224,SUB02224,PROD005,2348067743183,Customer 2224,Male,36-45,Kano,North Central,,2024-12-12,Active,Postpaid,Monthly,Nova Starter,Bundle,8000,,754.0,689,8000,CARD,4G,,,1.0
CUST02225,SUB02225,PROD003,2348096564069,Customer 2225,Male,,Enugu,South East,Premium,13/03/2021,,Prepaid,Monthly,Nova Hybrid Plus,Bundle,18000,,3181.0,62,,USSD,4g,-999.0,,2.0
CUST02226,SUB02226,PROD001,2348072493831,Customer 2226,M,36-45,portharcourt,North Central,Premium,2024-07-15,Cancelled,post paid,ANNUAL,Nova Premium 5G,Data,25000,49224,55.0,779,25000,,5G,-999.0,,5.0
CUST02227,SUB02227,PROD005,2348029068795,Customer 2227,Female,36-45,Abuja,North West,STANDARD,2023-08-14,Active,post paid,monthly,Nova Starter,Bundle,8000,28108,1429.0,504,8000,,3G,-999.0,,
CUST02228,SUB02228,PROD002,2348071875761,Customer 2228,Male,46-60,Ibadan,North Central,Corporate,2025-12-02,Active,post paid,Monthly,Nova Unlimited Voice,Voice,12000,70586,1825.0,531,12000,Bank Transfer,3G,-999.0,,
CUST02229,SUB02229,PROD003,2348057416952,Customer 2229,m ,26-35,,South East,premium ,2022-01-26,Active,post paid,No contract,Nova Hybrid Plus,Bundle,18000,45000MB,3943.0,391,18000,Card,4G,-64.0,2.0,4.0
CUST02230,SUB02230,PROD002,2348042986950,Customer 2230,Female,26-35,,South South,Basic,2023-07-18,Suspended,Prepaid,No contract,Nova Unlimited Voice,Voice,12000,45000MB,,563,,CARD,3G,-999.0,,5.0
CUST02231,SUB02231,PROD003,2348041542311,Customer 2231,MALE,60+,LAGOS,North Central,STANDARD,2024-10-08,cancelled,POSTPAID,Annual,Nova Hybrid Plus,Bundle,18000,6317,,603,,bank transfer,LTE,-54.0,5.0,2.0
CUST02232,SUB02232,PROD004,2348032873386,Customer 2232,Female,36-45,Kano,South South,Standard,2025-11-23,,Prepaid,ANNUAL,Nova SME Connect,Business,35000,45000MB,,114,,Card,4G,-999.0,5.0,3.0
CUST02233,SUB02233,PROD005,2348075229408,Customer 2233,Female,,portharcourt,South East,Basic,2021-04-20,active,prepaid,monthly,Nova Starter,Bundle,8000,15200,,285,,Bank Transfer,4G,-999.0,,3.0
CUST02234,SUB02234,PROD005,2348073135520,Customer 2234,,46-60,LAGOS,South East,Corporate,2024-04-09,Suspended,prepaid,Annual,Nova Starter,Bundle,8000,45000MB,,34,8000,bank transfer,,-52.0,0.0,1.0
CUST02235,SUB02235,PROD002,2348014196316,Customer 2235,F,,Port Harcourt,South West,Standard,2021-04-06,Suspended,post paid,ANNUAL,Nova Unlimited Voice,Voice,12000,59151,,687,,USSD,LTE,-102.0,1.0,2.0
CUST02236,SUB02236,PROD002,2348085463035,Customer 2236,female,26-35, Abuja ,North West,Premium,2025-08-11,cancelled,Prepaid,ANNUAL,Nova Unlimited Voice,Voice,12000,,2785.0,330,12000,CARD,5G,-58.0,5.0,2.0
CUST02237,SUB02237,PROD005,2348054379615,Customer 2237,FEMALE,,Lagos,South West,Premium,2025-05-31,,Postpaid,No contract,Nova Starter,Bundle,8000,49344,,500,8000,,LTE,-99.0,2.0,2.0
CUST02238,SUB02238,PROD004,2348076382563,Customer 2238,Female,, Abuja ,South West,Basic,2023-10-19,Active,post paid,No contract,Nova SME Connect,Business,35000,10581,,96,35000,bank transfer,3G,-999.0,5.0,
CUST02239,SUB02239,PROD001,2348073705055,Customer 2239,Male,18-25,Port Harcourt,North West,STANDARD,2023-07-19,,prepaid,Annual,Nova Premium 5G,Data,25000,45000MB,,3,25000,USSD,LTE,-999.0,2.0,2.0
CUST02240,SUB02240,PROD002,2348056708919, Customer 2240 ,Female,46-60,LAGOS,North Central,Basic,2022-10-19,Active,Prepaid,No contract,Nova Unlimited Voice,Voice,12000,45000MB,,103,12000,USSD,5G,,,1.0
CUST02241,SUB02241,PROD004,2348031943578,Customer 2241,F,18-25,Abuja,South West,Premium,2024-09-12,Active,Prepaid,ANNUAL,Nova SME Connect,Business,35000,,2607.0,28,35000,CARD,LTE,,1.0,5.0
CUST02242,SUB02242,PROD004,2348046732137,Customer 2242,Male,60+,Ibadan,South West,STANDARD,2024-10-25,cancelled,prepaid,Annual,Nova SME Connect,Business,35000,,2035.0,122,35000,USSD,3G,-999.0,5.0,3.0
CUST02243,SUB02243,PROD001,2348081749544,Customer 2243,Male,18-25,lagos,South South,Premium,2023-10-25,Cancelled,POSTPAID,No contract,Nova Premium 5G,Data,25000,45000MB,2308.0,446,25000,USSD,4G,-63.0,0.0,3.0
CUST02244,SUB02244,PROD004,2348035426741,Customer 2244,,60+,lagos,South East,Standard,2021-01-18,Active,POSTPAID,Monthly,Nova SME Connect,Business,35000,45000MB,3878.0,236,35000,Card,3G,,,2.0
CUST02245,SUB02245,PROD002,2348078157987,Customer 2245,female,46-60,Abuja,South West,STANDARD,2021-05-23,active,Postpaid,monthly,Nova Unlimited Voice,Voice,12000,45000MB,,785,12000,Cash,,,1.0,2.0
CUST02246,SUB02246,PROD005,2348075193510,Customer 2246,,60+,portharcourt,South South,premium ,2023-10-24,Active,Postpaid,ANNUAL,Nova Starter,Bundle,8000,,,503,,Bank Transfer,4g,,,2.0
CUST02247,SUB02247,PROD004,2348014446410,Customer 2247,,46-60,lagos,North West,Corporate,2024-10-30,Actv,post paid,No contract,Nova SME Connect,Business,35000,,2886.0,563,,Bank Transfer,4g,,5.0,4.0
CUST02248,SUB02248,PROD003,2348067664467,Customer 2248,Male,60+,Port Harcourt,North Central,Premium,2025-02-11,Cancelled,prepaid,No contract,Nova Hybrid Plus,Bundle,18000,45000MB,2067.0,382,18000,Cash,3G,,2.0,4.0
CUST02249,SUB02249,PROD002,2348049094123,Customer 2249,M,26-35, Abuja ,North Central,Corporate,2025-11-05,active,prepaid,monthly,Nova Unlimited Voice,Voice,12000,,,470,,USSD,5G,-999.0,,
CUST02250,SUB02250,PROD003,2348065700715,Customer 2250,,60+,portharcourt,South East,Basic,09/11/2024,Active,post paid,monthly,Nova Hybrid Plus,Bundle,18000,76179,,711,18000,,4g,,2.0,5.0
CUST02251,SUB02251,PROD001,2348031536679,Customer 2251,MALE,46-60,Port Harcourt,South West,Premium,2021-11-11,Cancelled,prepaid,Monthly,Nova Premium 5G,Data,25000,,1586.0,753,25000,Card,4G,-107.0,2.0,5.0
CUST02252,SUB02252,PROD002,2348052261535,Customer 2252,Female,60+, Abuja ,South South,Premium,2024-05-22,Active,post paid,ANNUAL,Nova Unlimited Voice,Voice,12000,84983,,56,,CARD,4G,,2.0,3.0
CUST02253,SUB02253,PROD004,2348035284533,Customer 2253,Female,26-35,,North Central,STANDARD,2021-06-09,Active,Prepaid,ANNUAL,Nova SME Connect,Business,35000,6024,,470,35000,,LTE,-999.0,1.0,3.0
CUST02254,SUB02254,PROD002,2348038584799,Customer 2254,Male,26-35,Lagos,South East,premium ,2024-03-10,Suspended,POSTPAID,No contract,Nova Unlimited Voice,Voice,12000,45000MB,28.0,497,12000,Bank Transfer,,,5.0,2.0
CUST02255,SUB02255,PROD005,2348012422404,Customer 2255,female,36-45,lagos,North West,Premium,2023-04-06,Active,POSTPAID,No contract,Nova Starter,Bundle,8000,45000MB,2289.0,117,8000,CARD,LTE,-999.0,1.0,4.0
CUST02256,SUB02256,PROD003,2348095141437,Customer 2256,Female,26-35,,North West,Basic,2021-02-20,active,Postpaid,Annual,Nova Hybrid Plus,Bundle,18000,45000MB,3194.0,391,,Bank Transfer,5G,,2.0,4.0
CUST02257,SUB02257,PROD005,2348022819007,Customer 2257,Female,60+,Port Harcourt,South South,,2024-11-08,cancelled,Postpaid,ANNUAL,Nova Starter,Bundle,8000,53307,,738,8000,USSD,5G,-52.0,0.0,3.0
CUST02258,SUB02258,PROD001,2348045012979,Customer 2258,m ,26-35,Ibadan,North Central,Corporate,2021-04-19,Active,prepaid,ANNUAL,Nova Premium 5G,Data,25000,29642,,280,25000,USSD,5G,-999.0,1.0,
CUST02259,SUB02259,PROD002,2348054485493,Customer 2259,female,46-60,Ibadan,South South,STANDARD,2022-01-21,ACTIVE,Postpaid,monthly,Nova Unlimited Voice,Voice,12000,78270,,385,12000,CARD,4g,-999.0,2.0,2.0
CUST02260,SUB02260,PROD003,2348063150869, Customer 2260 ,F,,Enugu,North Central,Standard,2022-02-27,Active,post paid,Monthly,Nova Hybrid Plus,Bundle,18000,45000MB,,347,,Card,4g,,2.0,3.0
CUST02261,SUB02261,PROD001,2348025216018,Customer 2261,m ,36-45,lagos,South South,STANDARD,2021-06-12,active,prepaid,Annual,Nova Premium 5G,Data,25000,45000MB,,339,25000,Card,5G,,0.0,
CUST02262,SUB02262,PROD002,2348092045057,Customer 2262,Female,36-45,Abuja,North West,Standard,2023-12-31,Active,post paid,No contract,Nova Unlimited Voice,Voice,12000,45000MB,,701,12000,Cash,4g,-999.0,1.0,3.0
CUST02263,SUB02263,PROD005,2348089539978,Customer 2263,m ,,,North West,STANDARD,2022-03-22,cancelled,prepaid,Annual,Nova Starter,Bundle,8000,21282,1272.0,312,,,5G,-68.0,1.0,
CUST02264,SUB02264,PROD002,2348082515224,Customer 2264,Female,18-25,Lagos,North West,STANDARD,2025-03-27,Cancelled,Prepaid,Annual,Nova Unlimited Voice,Voice,12000,45000MB,,330,,CARD,4G,-51.0,2.0,1.0
CUST02265,SUB02265,PROD005,2348024729522,Customer 2265,male,60+,Lagos,South South,premium ,2021-08-05,Cancelled,POSTPAID,No contract,Nova Starter,Bundle,8000,,2423.0,528,8000,Bank Transfer,LTE,,0.0,
CUST02266,SUB02266,PROD004,2348049052920,Customer 2266,F,18-25,portharcourt,South South,Premium,2023-09-29,Cancelled,Postpaid,Monthly,Nova SME Connect,Business,35000,,2425.0,181,,Card,3G,-92.0,,2.0
CUST02267,SUB02267,PROD003,2348065910930,Customer 2267,M,,Lagos,South East,Basic,2023-09-13,SUSPENDED,POSTPAID,No contract,Nova Hybrid Plus,Bundle,18000,45000MB,,431,18000,,3G,-55.0,2.0,3.0
CUST02268,SUB02268,PROD004,2348094955670,Customer 2268,Female,36-45,Port Harcourt,North Central,Corporate,2021-06-22,cancelled,Postpaid,Annual,Nova SME Connect,Business,35000,45000MB,,555,35000,,,,1.0,5.0
CUST02269,SUB02269,PROD001,2348080800711,Customer 2269,Male,60+, Abuja ,South South,Basic,2025-08-29,ACTIVE,POSTPAID,monthly,Nova Premium 5G,Data,25000,45000MB,,766,,USSD,3G,-999.0,0.0,
CUST02270,SUB02270,PROD001,2348087941865,Customer 2270,,26-35,Enugu,South East,STANDARD,2025-11-16,Active,Prepaid,Monthly,Nova Premium 5G,Data,25000,45000MB,74.0,94,,bank transfer,4G,,5.0,4.0
CUST02271,SUB02271,PROD001,2348094678077,Customer 2271,Female,46-60, Abuja ,South West,Corporate,2025-01-10,ACTIVE,prepaid,ANNUAL,Nova Premium 5G,Data,25000,64689,,573,25000,USSD,3G,-106.0,5.0,4.0
CUST02272,SUB02272,PROD002,2348055651696,Customer 2272,FEMALE,46-60,portharcourt,South South,Standard,2022-08-12,,POSTPAID,monthly,Nova Unlimited Voice,Voice,12000,45000MB,,117,12000,,,,0.0,3.0
CUST02273,SUB02273,PROD002,2348031456646,Customer 2273,Male,46-60,Lagos,South South,STANDARD,2023-04-22,Active,prepaid,Monthly,Nova Unlimited Voice,Voice,12000,87208,319.0,739,12000,Bank Transfer,LTE,,2.0,3.0
CUST02274,SUB02274,PROD001,2348061310724,Customer 2274,Female,36-45,Enugu,South South,,2024-05-15,active,POSTPAID,Annual,Nova Premium 5G,Data,25000,84118,,287,25000,USSD,4g,-999.0,1.0,
CUST02275,SUB02275,PROD002,2348028771580,Customer 2275,Female,60+,Kano,North Central,Premium,05/12/2022,,Postpaid,No contract,Nova Unlimited Voice,Voice,12000,,714.0,373,12000,Bank Transfer,LTE,-999.0,1.0,1.0
CUST02276,SUB02276,PROD001,2348014765967,Customer 2276,,36-45, Abuja ,North Central,,2022-03-15,cancelled,post paid,Monthly,Nova Premium 5G,Data,25000,43772,2160.0,474,25000,Card,4g,-100.0,1.0,1.0
CUST02277,SUB02277,PROD003,2348027325571,Customer 2277, f,36-45,LAGOS,South East,Premium,2021-02-11,cancelled,POSTPAID,ANNUAL,Nova Hybrid Plus,Bundle,18000,45000MB,1751.0,357,18000,,5G,,,
CUST02278,SUB02278,PROD003,2348080282319,Customer 2278,Female,36-45,Port Harcourt,North Central,premium ,2024-06-24,Active,Postpaid,monthly,Nova Hybrid Plus,Bundle,18000,,26.0,438,18000,Card,4g,-106.0,0.0,5.0
CUST02279,SUB02279,PROD002,2348035094293,Customer 2279,Female,,LAGOS,South South,Basic,2025-07-28,active,POSTPAID,ANNUAL,Nova Unlimited Voice,Voice,12000,,2188.0,491,,CARD,4G,-102.0,1.0,3.0
CUST02280,SUB02280,PROD001,2348063749825, Customer 2280 ,female,,Abuja,South West,STANDARD,2021-05-30,Active,Postpaid,No contract,Nova Premium 5G,Data,25000,45000MB,,395,25000,,LTE,-999.0,1.0,1.0
CUST02281,SUB02281,PROD003,2348084460768,Customer 2281,Male,60+,LAGOS,South West,premium ,2023-07-03,Cancelled,Prepaid,Monthly,Nova Hybrid Plus,Bundle,18000,39239,2469.0,210,,,LTE,,0.0,1.0
CUST02282,SUB02282,PROD004,2348045535898,Customer 2282,M,36-45,Enugu,South West,Premium,2024-04-17,cancelled,Postpaid,ANNUAL,Nova SME Connect,Business,35000,45000MB,2451.0,703,35000,Card,3G,-69.0,,5.0
CUST02283,SUB02283,PROD003,2348050713527,Customer 2283,F,46-60,Kano,North West,Premium,2024-05-24,active,Postpaid,Monthly,Nova Hybrid Plus,Bundle,18000,,1626.0,616,18000,Bank Transfer,5G,,,2.0
CUST02284,SUB02284,PROD001,2348089413768,Customer 2284,male,60+,,South West,Premium,2022-11-25,,POSTPAID,Annual,Nova Premium 5G,Data,25000,1311,,147,,,4G,,5.0,2.0
CUST02285,SUB02285,PROD005,2348080277109,Customer 2285,male,36-45,Lagos,North West,STANDARD,2021-02-08,cancelled,post paid,ANNUAL,Nova Starter,Bundle,8000,59190,535.0,42,,Card,LTE,,5.0,4.0
CUST02286,SUB02286,PROD005,2348034150133,Customer 2286,Unknown,26-35,LAGOS,South East,Basic,2022-11-26,Active,Postpaid,Monthly,Nova Starter,Bundle,8000,45000MB,1992.0,55,8000,Bank Transfer,4G,-86.0,0.0,4.0
CUST02287,SUB02287,PROD001,2348030197162,Customer 2287,Male,60+,Enugu,North Central,,2021-09-27,cancelled,POSTPAID,ANNUAL,Nova Premium 5G,Data,25000,45000MB,925.0,36,25000,bank transfer,4g,,5.0,3.0
CUST02288,SUB02288,PROD002,2348021988439,Customer 2288,,46-60, Abuja ,South West,Corporate,2025-04-15,Active,prepaid,Annual,Nova Unlimited Voice,Voice,12000,45000MB,,613,,USSD,5G,-999.0,2.0,5.0
CUST02289,SUB02289,PROD003,2348043888037,Customer 2289,Male,60+,Ibadan,North Central,Standard,2024-05-26,,Postpaid,ANNUAL,Nova Hybrid Plus,Bundle,18000,,2535.0,391,,Bank Transfer,4G,-82.0,2.0,1.0
CUST02290,SUB02290,PROD004,2348098287527,Customer 2290,m ,26-35,portharcourt,North West,Corporate,2022-07-30,Active,prepaid,No contract,Nova SME Connect,Business,35000,,334.0,518,35000,,,-83.0,0.0,
CUST02291,SUB02291,PROD003,2348096773564,Customer 2291,,46-60,portharcourt,South West,,2024-02-07,SUSPENDED,Prepaid,Annual,Nova Hybrid Plus,Bundle,18000,45000MB,1373.0,672,,bank transfer,,-104.0,2.0,1.0
CUST02292,SUB02292,PROD001,2348044910896,Customer 2292,Female,26-35,Lagos,South South,STANDARD,2024-09-28,,Postpaid,No contract,Nova Premium 5G,Data,25000,45000MB,,97,25000,CARD,4g,-98.0,0.0,2.0
CUST02293,SUB02293,PROD001,2348027978569,Customer 2293,Female,36-45,Kano,North West,Premium,2022-11-30,active,post paid,Annual,Nova Premium 5G,Data,25000,7824,,414,25000,Card,4G,,,5.0
CUST02294,SUB02294,PROD002,2348049094537,Customer 2294,Female,,Lagos,South West,STANDARD,2024-01-06,active,prepaid,ANNUAL,Nova Unlimited Voice,Voice,12000,20248,,697,,CARD,LTE,,1.0,2.0
CUST02295,SUB02295,PROD003,2348069912807,Customer 2295,Male,26-35,Ibadan,North West,Standard,2023-09-01,cancelled,POSTPAID,Monthly,Nova Hybrid Plus,Bundle,18000,32336,,726,18000,CARD,LTE,-999.0,5.0,4.0
CUST02296,SUB02296,PROD002,2348033930911,Customer 2296,male,,,South South,Corporate,2024-07-03,Active,POSTPAID,Annual,Nova Unlimited Voice,Voice,12000,45000MB,,178,,,4g,-999.0,,2.0
CUST02297,SUB02297,PROD004,2348084695267,Customer 2297,MALE,18-25,Abuja,North Central,STANDARD,2025-10-08,Suspended,post paid,No contract,Nova SME Connect,Business,35000,45000MB,,669,35000,Bank Transfer,3G,-53.0,2.0,
CUST02298,SUB02298,PROD001,2348079082419,Customer 2298,,60+,Port Harcourt,South West,,2023-06-05,Cancelled,Postpaid,monthly,Nova Premium 5G,Data,25000,,,316,,Cash,3G,-103.0,,3.0
CUST02299,SUB02299,PROD001,2348024928769,Customer 2299,Male,18-25,portharcourt,North West,,2022-12-20,Active,Postpaid,Monthly,Nova Premium 5G,Data,25000,45000MB,2987.0,708,,,,,1.0,3.0
CUST02300,SUB02300,PROD004,2348030077547, Customer 2300 ,female,18-25,Port Harcourt,North Central,Basic,06/03/2025,,post paid,ANNUAL,Nova SME Connect,Business,35000,45000MB,,576,35000,Card,5G,-64.0,0.0,1.0
CUST02301,SUB02301,PROD005,2348064629677,Customer 2301,,46-60,Abuja,South South,Corporate,2023-04-04,,Postpaid,Annual,Nova Starter,Bundle,8000,85872,,638,8000,Bank Transfer,LTE,-102.0,,
CUST02302,SUB02302,PROD001,2348094448064,Customer 2302,Male,60+,Enugu,South East,Premium,2022-04-05,Active,Prepaid,monthly,Nova Premium 5G,Data,25000,,2857.0,28,,USSD,4g,-51.0,0.0,2.0
CUST02303,SUB02303,PROD003,2348070385386,Customer 2303,Female,46-60, Abuja ,North Central,premium ,2022-08-12,cancelled,post paid,No contract,Nova Hybrid Plus,Bundle,18000,45000MB,,100,,Cash,4G,-999.0,5.0,5.0
CUST02304,SUB02304,PROD005,2348078603755,Customer 2304,Female,,Ibadan,South East,Corporate,2025-07-29,cancelled,Postpaid,ANNUAL,Nova Starter,Bundle,8000,,1655.0,263,,Bank Transfer,4G,,0.0,5.0
CUST02305,SUB02305,PROD005,2348053801554,Customer 2305,Female,18-25,portharcourt,South West,,2021-12-29,Actv,Prepaid,Annual,Nova Starter,Bundle,8000,45231,,433,,USSD,LTE,-999.0,0.0,1.0
CUST02306,SUB02306,PROD001,2348059513498,Customer 2306,Male,,Enugu,South West,Standard,2025-01-23,Cancelled,prepaid,monthly,Nova Premium 5G,Data,25000,45000MB,1408.0,634,,Card,3G,-999.0,5.0,1.0
CUST02307,SUB02307,PROD003,2348011863766,Customer 2307,M,46-60,lagos,South South,Premium,2022-08-12,Active,Prepaid,ANNUAL,Nova Hybrid Plus,Bundle,18000,45000MB,303.0,336,18000,bank transfer,5G,-88.0,,5.0
CUST02308,SUB02308,PROD003,2348040800998,Customer 2308,Male,26-35,,North Central,Standard,2025-08-13,Cancelled,prepaid,monthly,Nova Hybrid Plus,Bundle,18000,70414,,281,,USSD,3G,-999.0,2.0,4.0
CUST02309,SUB02309,PROD005,2348054847903,Customer 2309,F,26-35, Abuja ,South South,Basic,2021-09-03,Cancelled,Prepaid,Annual,Nova Starter,Bundle,8000,,1933.0,705,8000,,4g,,,5.0
CUST02310,SUB02310,PROD003,2348020052876,Customer 2310,m ,36-45, Abuja ,North Central,Basic,2024-01-05,cancelled,Postpaid,ANNUAL,Nova Hybrid Plus,Bundle,18000,45000MB,,745,18000,Bank Transfer,4g,-999.0,,
CUST02311,SUB02311,PROD004,2348084304373,Customer 2311,M,26-35,Enugu,North West,premium ,2023-07-15,Cancelled,Prepaid,ANNUAL,Nova SME Connect,Business,35000,,,420,,USSD,4G,-999.0,,1.0
CUST02312,SUB02312,PROD001,2348022660184,Customer 2312,m ,26-35,Enugu,North Central,Premium,2024-04-20,Active,Postpaid,Annual,Nova Premium 5G,Data,25000,45000MB,1316.0,488,25000,CARD,5G,-56.0,,1.0
CUST02313,SUB02313,PROD001,2348014380889,Customer 2313,Female,36-45,Port Harcourt,South South,Basic,2022-02-27,Active,post paid,monthly,Nova Premium 5G,Data,25000,45000MB,,256,25000,USSD,5G,-999.0,2.0,1.0
CUST02314,SUB02314,PROD002,2348071591937,Customer 2314,Female,18-25,Port Harcourt,South South,Basic,2022-03-01,Active,prepaid,Annual,Nova Unlimited Voice,Voice,12000,45000MB,,598,12000,Card,,,1.0,2.0
CUST02315,SUB02315,PROD002,2348082049970,Customer 2315,female,60+,Lagos,North Central,,2025-09-17,,POSTPAID,Monthly,Nova Unlimited Voice,Voice,12000,21172,,427,12000,USSD,5G,-999.0,,3.0
CUST02316,SUB02316,PROD003,2348068195793,Customer 2316,FEMALE,36-45,Abuja,South South,premium ,2021-09-16,ACTIVE,Postpaid,ANNUAL,Nova Hybrid Plus,Bundle,18000,,2986.0,590,18000,Bank Transfer,,-999.0,0.0,5.0
CUST02317,SUB02317,PROD005,2348079951131,Customer 2317,FEMALE,36-45,Abuja,North West,,2024-09-03,Suspended,Prepaid,Monthly,Nova Starter,Bundle,8000,,,448,,Card,LTE,-94.0,2.0,1.0
CUST02318,SUB02318,PROD001,2348066221593,Customer 2318,Female,,portharcourt,South East,Corporate,2024-03-22,Active,Postpaid,No contract,Nova Premium 5G,Data,25000,45000MB,3269.0,316,,Card,LTE,-999.0,1.0,3.0
CUST02319,SUB02319,PROD005,2348038917129,Customer 2319,M,26-35,Kano,South South,premium ,2024-11-14,Cancelled,POSTPAID,ANNUAL,Nova Starter,Bundle,8000,45000MB,,350,8000,USSD,3G,-85.0,5.0,
CUST02320,SUB02320,PROD002,2348037736629, Customer 2320 ,Male,46-60,Lagos,South West,Corporate,2021-04-26,Suspended,POSTPAID,ANNUAL,Nova Unlimited Voice,Voice,12000,73972,,184,,CARD,4G,,0.0,
CUST02321,SUB02321,PROD004,2348043433075,Customer 2321,Male,60+,Kano,South East,Standard,2023-03-30,Suspended,Prepaid,Monthly,Nova SME Connect,Business,35000,,3841.0,574,35000,Card,5G,-999.0,0.0,5.0
CUST02322,SUB02322,PROD005,2348086409182,Customer 2322,Unknown,18-25,Ibadan,South East,Basic,2025-07-02,SUSPENDED,POSTPAID,ANNUAL,Nova Starter,Bundle,8000,4522,3656.0,729,8000,Bank Transfer,3G,-999.0,0.0,5.0
CUST02323,SUB02323,PROD001,2348058312822,Customer 2323,Female,46-60,portharcourt,North Central,Premium,2023-05-30,Suspended,Prepaid,ANNUAL,Nova Premium 5G,Data,25000,77685,,506,25000,CARD,4g,-69.0,2.0,
CUST02324,SUB02324,PROD003,2348045239752,Customer 2324,m ,26-35, Abuja ,North West,,2022-04-22,active,Postpaid,Annual,Nova Hybrid Plus,Bundle,18000,,2319.0,455,18000,,LTE,-68.0,0.0,1.0
CUST02325,SUB02325,PROD005,2348073479251,Customer 2325,Male,18-25,Port Harcourt,North West,premium ,31/01/2024,active,Prepaid,Annual,Nova Starter,Bundle,8000,80988,,621,8000,USSD,5G,,,5.0
CUST02326,SUB02326,PROD005,2348027112207,Customer 2326, f,,Enugu,North West,Standard,2025-10-16,Suspended,Prepaid,Annual,Nova Starter,Bundle,8000,,,602,8000,CARD,LTE,,2.0,3.0
CUST02327,SUB02327,PROD001,2348093646921,Customer 2327,,18-25,portharcourt,North West,Premium,2024-06-15,cancelled,POSTPAID,No contract,Nova Premium 5G,Data,25000,,676.0,191,25000,Bank Transfer,4G,-100.0,0.0,3.0
CUST02328,SUB02328,PROD001,2348087701770,Customer 2328,female,26-35,Enugu,South West,Standard,2022-01-10,Actv,prepaid,No contract,Nova Premium 5G,Data,25000,77819,,182,25000,,3G,-999.0,1.0,4.0
CUST02329,SUB02329,PROD005,2348058754681,Customer 2329,Female,18-25,portharcourt,South East,,2023-04-13,ACTIVE,Postpaid,Monthly,Nova Starter,Bundle,8000,,2942.0,381,8000,bank transfer,,-999.0,1.0,
CUST02330,SUB02330,PROD003,2348069319718,Customer 2330,Female,60+,portharcourt,North Central,Corporate,2025-03-10,Active,Postpaid,Annual,Nova Hybrid Plus,Bundle,18000,45000MB,,606,18000,Card,,-70.0,1.0,4.0
CUST02331,SUB02331,PROD001,2348067067182,Customer 2331,F,26-35,Ibadan,South East,premium ,2021-12-24,Suspended,prepaid,Monthly,Nova Premium 5G,Data,25000,45000MB,1070.0,719,25000,bank transfer,4g,,1.0,4.0
CUST02332,SUB02332,PROD004,2348092515532,Customer 2332,Unknown,, Abuja ,North West,Premium,2025-06-19,Cancelled,prepaid,ANNUAL,Nova SME Connect,Business,35000,45000MB,1647.0,555,,CARD,4G,-999.0,0.0,1.0
CUST02333,SUB02333,PROD001,2348027603721,Customer 2333,m ,60+,Ibadan,South West,Standard,2021-04-21,Active,Postpaid,Monthly,Nova Premium 5G,Data,25000,,3388.0,367,,USSD,LTE,,0.0,1.0
CUST02334,SUB02334,PROD004,2348099197771,Customer 2334,Male,46-60,,South West,STANDARD,2025-11-06,Active,Prepaid,Annual,Nova SME Connect,Business,35000,,2842.0,2,35000,USSD,4G,-78.0,1.0,3.0
CUST02335,SUB02335,PROD004,2348018732845,Customer 2335,Male,36-45,Lagos,North West,Basic,2025-11-11,active,Prepaid,monthly,Nova SME Connect,Business,35000,45000MB,1827.0,640,35000,bank transfer,4g,-110.0,,
CUST02336,SUB02336,PROD002,2348090981384,Customer 2336,F,36-45,portharcourt,North West,premium ,2021-11-20,Active,Postpaid,monthly,Nova Unlimited Voice,Voice,12000,45000MB,3952.0,182,12000,USSD,3G,,0.0,4.0
CUST02337,SUB02337,PROD005,2348013238177,Customer 2337,Female,60+,Lagos,South East,Basic,2023-01-24,Active,POSTPAID,No contract,Nova Starter,Bundle,8000,30539,3661.0,660,8000,CARD,4G,-999.0,,3.0
CUST02338,SUB02338,PROD004,2348064815345,Customer 2338,Female,26-35, Abuja ,North West,premium ,2022-08-07,SUSPENDED,POSTPAID,No contract,Nova SME Connect,Business,35000,,,534,35000,Bank Transfer,,,,5.0
CUST02339,SUB02339,PROD002,2348061878437,Customer 2339,,18-25,Enugu,North West,,2021-07-06,Active,post paid,No contract,Nova Unlimited Voice,Voice,12000,10691,1522.0,140,,bank transfer,,-999.0,5.0,1.0
CUST02340,SUB02340,PROD003,2348074969965, Customer 2340 ,Female,,Enugu,South South,,2025-11-15,,prepaid,Monthly,Nova Hybrid Plus,Bundle,18000,,,653,18000,CARD,LTE,-999.0,5.0,2.0
CUST02341,SUB02341,PROD003,2348029290714,Customer 2341,Male,46-60,lagos,North West,Corporate,2022-09-03,Suspended,prepaid,Monthly,Nova Hybrid Plus,Bundle,18000,6409,,724,18000,Bank Transfer,4G,,0.0,5.0
CUST02342,SUB02342,PROD002,2348093190286,Customer 2342,Male,18-25,Lagos,North West,Standard,2021-09-17,SUSPENDED,post paid,Monthly,Nova Unlimited Voice,Voice,12000,45000MB,836.0,277,12000,,5G,-999.0,0.0,1.0
CUST02343,SUB02343,PROD002,2348073545222,Customer 2343,Male,26-35,portharcourt,South South,Corporate,2021-12-08,Cancelled,POSTPAID,ANNUAL,Nova Unlimited Voice,Voice,12000,45000MB,156.0,578,12000,Card,4g,-96.0,2.0,1.0
CUST02344,SUB02344,PROD004,2348056094963,Customer 2344,M,,Enugu,South East,STANDARD,2023-01-09,Active,prepaid,Monthly,Nova SME Connect,Business,35000,,3799.0,265,35000,Cash,5G,-77.0,0.0,3.0
CUST02345,SUB02345,PROD004,2348041707917,Customer 2345,F,60+,Ibadan,North Central,Premium,2024-01-02,cancelled,post paid,Monthly,Nova SME Connect,Business,35000,,,676,35000,bank transfer,4G,-99.0,5.0,5.0
CUST02346,SUB02346,PROD004,2348091850010,Customer 2346,Female,,Enugu,North Central,premium ,2025-04-30,Cancelled,prepaid,ANNUAL,Nova SME Connect,Business,35000,53063,370.0,116,35000,CARD,LTE,-999.0,2.0,3.0
CUST02347,SUB02347,PROD001,2348040408475,Customer 2347,F,36-45,,North West,Standard,2021-07-24,Active,prepaid,ANNUAL,Nova Premium 5G,Data,25000,45000MB,,782,25000,CARD,4G,,1.0,4.0
CUST02348,SUB02348,PROD005,2348065749153,Customer 2348,Female,46-60,Kano,North West,premium ,2024-03-24,active,Prepaid,Annual,Nova Starter,Bundle,8000,45000MB,73.0,50,8000,bank transfer,,,2.0,1.0
CUST02349,SUB02349,PROD005,2348050446331,Customer 2349,,18-25,Lagos,South South,Premium,2021-06-23,Active,POSTPAID,monthly,Nova Starter,Bundle,8000,45000MB,1744.0,595,8000,Cash,,-999.0,5.0,5.0
CUST02350,SUB02350,PROD005,2348042096507,Customer 2350,Male,60+,Kano,North Central,Standard,27/08/2024,Active,Prepaid,Annual,Nova Starter,Bundle,8000,,,689,,CARD,4g,-67.0,,2.0
CUST02351,SUB02351,PROD005,2348080142052,Customer 2351,F,60+, Abuja ,South South,STANDARD,2021-06-14,Suspended,POSTPAID,Annual,Nova Starter,Bundle,8000,1763,195.0,728,8000,,4g,-999.0,5.0,
CUST02352,SUB02352,PROD005,2348048248709,Customer 2352,Female,26-35,Kano,North Central,premium ,2023-05-10,Active,Postpaid,Monthly,Nova Starter,Bundle,8000,16160,,750,8000,Card,5G,,,3.0
CUST02353,SUB02353,PROD004,2348073412425,Customer 2353,Female,18-25,LAGOS,South South,STANDARD,2021-03-15,cancelled,Postpaid,Annual,Nova SME Connect,Business,35000,45000MB,,243,35000,Cash,4G,-999.0,2.0,5.0
CUST02354,SUB02354,PROD001,2348051677648,Customer 2354,F,,lagos,North Central,Corporate,2021-05-04,Suspended,POSTPAID,monthly,Nova Premium 5G,Data,25000,,1310.0,167,25000,,4g,,5.0,2.0
CUST02355,SUB02355,PROD004,2348071390126,Customer 2355,Male,60+,LAGOS,North Central,Premium,2021-12-05,Suspended,Prepaid,No contract,Nova SME Connect,Business,35000,,,508,35000,Card,,,1.0,4.0
CUST02356,SUB02356,PROD005,2348033386691,Customer 2356,MALE,18-25,Abuja,South East,,2021-05-03,SUSPENDED,POSTPAID,Monthly,Nova Starter,Bundle,8000,,,246,8000,Bank Transfer,4G,-94.0,5.0,
CUST02357,SUB02357,PROD001,2348071986196,Customer 2357,Female,36-45,Kano,North Central,premium ,2022-12-16,Cancelled,post paid,No contract,Nova Premium 5G,Data,25000,,1206.0,598,,Bank Transfer,LTE,-999.0,5.0,4.0
CUST02358,SUB02358,PROD004,2348092635496,Customer 2358,male,26-35, Abuja ,South East,STANDARD,2022-01-13,Actv,post paid,ANNUAL,Nova SME Connect,Business,35000,,28.0,754,35000,USSD,LTE,-999.0,5.0,5.0
CUST02359,SUB02359,PROD001,2348064981258,Customer 2359,Male,60+,Lagos,South East,premium ,2024-04-11,SUSPENDED,POSTPAID,monthly,Nova Premium 5G,Data,25000,,,524,25000,bank transfer,5G,-109.0,0.0,1.0
CUST02360,SUB02360,PROD005,2348095454040, Customer 2360 ,FEMALE,60+,Lagos,North West,STANDARD,2024-09-20,ACTIVE,Prepaid,No contract,Nova Starter,Bundle,8000,45000MB,1631.0,719,,Card,LTE,-93.0,0.0,5.0
CUST02361,SUB02361,PROD002,2348077250335,Customer 2361,,18-25,portharcourt,North West,Premium,2021-09-03,Active,Prepaid,Annual,Nova Unlimited Voice,Voice,12000,,,473,,,LTE,-999.0,,1.0
CUST02362,SUB02362,PROD005,2348080870513,Customer 2362,M,46-60,Abuja,North Central,Standard,2022-10-18,cancelled,post paid,Annual,Nova Starter,Bundle,8000,,724.0,465,8000,CARD,3G,-999.0,,
CUST02363,SUB02363,PROD001,2348035156194,Customer 2363, f,18-25,Kano,North Central,STANDARD,2021-06-27,Active,POSTPAID,Annual,Nova Premium 5G,Data,25000,,,345,25000,USSD,5G,-51.0,5.0,5.0
CUST02364,SUB02364,PROD001,2348016136501,Customer 2364,F,18-25, Abuja ,South East,Corporate,2024-11-14,cancelled,Prepaid,ANNUAL,Nova Premium 5G,Data,25000,51030,,645,25000,CARD,4g,-89.0,0.0,1.0
CUST02365,SUB02365,PROD003,2348044624924,Customer 2365,Female,60+,Ibadan,North Central,,2021-04-25,SUSPENDED,post paid,Annual,Nova Hybrid Plus,Bundle,18000,,2207.0,754,18000,Card,LTE,-94.0,5.0,5.0
CUST02366,SUB02366,PROD001,2348090584854,Customer 2366,Male,60+,Enugu,South West,premium ,2023-02-25,Cancelled,prepaid,monthly,Nova Premium 5G,Data,25000,45000MB,2899.0,708,25000,CARD,4G,-999.0,,4.0
CUST02367,SUB02367,PROD002,2348095712688,Customer 2367,M,18-25,Kano,South East,Corporate,2021-05-23,Cancelled,Postpaid,ANNUAL,Nova Unlimited Voice,Voice,12000,,,781,12000,USSD,4G,-82.0,,1.0
CUST02368,SUB02368,PROD003,2348014384408,Customer 2368,Female,36-45, Abuja ,South East,premium ,2022-01-21,cancelled,post paid,Monthly,Nova Hybrid Plus,Bundle,18000,56735,1126.0,191,18000,Cash,LTE,,1.0,4.0
CUST02369,SUB02369,PROD003,2348086069044,Customer 2369,Male,46-60,Enugu,South East,Standard,2023-07-19,active,Postpaid,No contract,Nova Hybrid Plus,Bundle,18000,27170,,264,18000,CARD,4G,-84.0,,3.0
CUST02370,SUB02370,PROD005,2348097535347,Customer 2370,,46-60,portharcourt,North Central,Premium,2022-10-09,Cancelled,POSTPAID,Monthly,Nova Starter,Bundle,8000,,,61,,Bank Transfer,4g,-999.0,1.0,
CUST02371,SUB02371,PROD004,2348054193362,Customer 2371,F,18-25,Ibadan,South West,Basic,2021-07-10,Suspended,Postpaid,Annual,Nova SME Connect,Business,35000,,,75,35000,Card,,-103.0,0.0,5.0
CUST02372,SUB02372,PROD005,2348089723180,Customer 2372,M,36-45, Abuja ,North Central,Standard,2021-02-18,Active,POSTPAID,Monthly,Nova Starter,Bundle,8000,45000MB,,286,,CARD,LTE,-999.0,2.0,5.0
CUST02373,SUB02373,PROD001,2348013470376,Customer 2373,,,,South South,STANDARD,2025-07-14,Active,POSTPAID,No contract,Nova Premium 5G,Data,25000,45000MB,3528.0,9,,Card,4G,-92.0,2.0,
CUST02374,SUB02374,PROD003,2348093140510,Customer 2374,Female,60+,Ibadan,North West,Corporate,2022-02-10,SUSPENDED,prepaid,Annual,Nova Hybrid Plus,Bundle,18000,87641,297.0,157,,CARD,3G,-64.0,,3.0
CUST02375,SUB02375,PROD001,2348015359149,Customer 2375,Male,46-60,Ibadan,North Central,premium ,16/02/2025,Active,Postpaid,No contract,Nova Premium 5G,Data,25000,,,747,25000,USSD,LTE,-999.0,5.0,
CUST02376,SUB02376,PROD004,2348059434741,Customer 2376,male,46-60, Abuja ,North West,STANDARD,2024-09-11,Cancelled,POSTPAID,ANNUAL,Nova SME Connect,Business,35000,45000MB,,635,,CARD,LTE,,,1.0
CUST02377,SUB02377,PROD003,2348069791911,Customer 2377,Female,18-25,lagos,North Central,STANDARD,2021-04-12,Active,POSTPAID,ANNUAL,Nova Hybrid Plus,Bundle,18000,45000MB,,67,18000,Bank Transfer,4g,-59.0,0.0,
CUST02378,SUB02378,PROD003,2348028938840,Customer 2378,F,26-35,Lagos,South South,,2025-08-19,Cancelled,Prepaid,No contract,Nova Hybrid Plus,Bundle,18000,45000MB,,84,18000,,3G,-999.0,0.0,5.0
CUST02379,SUB02379,PROD005,2348035995910,Customer 2379,MALE,60+,Ibadan,South West,STANDARD,2023-08-03,Active,prepaid,monthly,Nova Starter,Bundle,8000,45000MB,831.0,440,,CARD,3G,,2.0,2.0
CUST02380,SUB02380,PROD002,2348089907276, Customer 2380 ,,36-45,LAGOS,North Central,Premium,2024-11-15,SUSPENDED,POSTPAID,Annual,Nova Unlimited Voice,Voice,12000,,560.0,476,12000,USSD,LTE,-65.0,2.0,
CUST02381,SUB02381,PROD002,2348012628153,Customer 2381,,18-25,Lagos,North Central,STANDARD,2025-05-22,SUSPENDED,prepaid,ANNUAL,Nova Unlimited Voice,Voice,12000,,,728,,USSD,,-94.0,0.0,
CUST02382,SUB02382,PROD005,2348024866372,Customer 2382,F,60+,Enugu,South East,premium ,2023-01-31,ACTIVE,post paid,No contract,Nova Starter,Bundle,8000,45000MB,,726,,Bank Transfer,3G,,1.0,3.0
CUST02383,SUB02383,PROD005,2348086881891,Customer 2383,Female,26-35,LAGOS,North West,Standard,2022-05-25,Active,post paid,Annual,Nova Starter,Bundle,8000,73569,,340,8000,,5G,-999.0,0.0,
CUST02384,SUB02384,PROD004,2348087382996,Customer 2384,M,18-25,Enugu,South South,Standard,2023-04-06,Active,Postpaid,ANNUAL,Nova SME Connect,Business,35000,16415,,414,,Bank Transfer,5G,,,2.0
CUST02385,SUB02385,PROD002,2348030317362,Customer 2385,male,46-60,portharcourt,South South,Corporate,2023-09-03,cancelled,post paid,ANNUAL,Nova Unlimited Voice,Voice,12000,45000MB,,530,,CARD,4G,-76.0,5.0,
CUST02386,SUB02386,PROD003,2348053894232,Customer 2386,m ,,LAGOS,North West,Premium,2022-12-19,Cancelled,post paid,Annual,Nova Hybrid Plus,Bundle,18000,45000MB,3953.0,258,18000,Bank Transfer,4g,-63.0,0.0,
CUST02387,SUB02387,PROD002,2348066537875,Customer 2387,Male,18-25,Port Harcourt,South South,premium ,2021-07-25,Active,POSTPAID,Annual,Nova Unlimited Voice,Voice,12000,45000MB,,296,,Cash,,,2.0,1.0
CUST02388,SUB02388,PROD005,2348056330434,Customer 2388,M,36-45,lagos,South South,Corporate,2022-06-25,,Prepaid,No contract,Nova Starter,Bundle,8000,11284,,18,8000,USSD,4G,-999.0,2.0,1.0
CUST02389,SUB02389,PROD005,2348081650768,Customer 2389,Female,26-35,,South South,premium ,2025-07-13,Cancelled,post paid,Annual,Nova Starter,Bundle,8000,,211.0,136,,Cash,,,5.0,
CUST02390,SUB02390,PROD002,2348072412547,Customer 2390,Male,46-60,Kano,South East,premium ,2022-04-25,Active,POSTPAID,Monthly,Nova Unlimited Voice,Voice,12000,,,586,,Card,,-999.0,,1.0
CUST02391,SUB02391,PROD005,2348028915848,Customer 2391,Female,26-35,portharcourt,South East,Premium,2025-05-23,active,post paid,Annual,Nova Starter,Bundle,8000,,,778,8000,CARD,3G,-999.0,5.0,3.0
CUST02392,SUB02392,PROD005,2348089808903,Customer 2392,Male,46-60,,North Central,Corporate,2024-10-19,,post paid,ANNUAL,Nova Starter,Bundle,8000,45000MB,,206,8000,Card,5G,,1.0,1.0
CUST02393,SUB02393,PROD005,2348051286921,Customer 2393,female,26-35,Enugu,North West,Corporate,2021-12-13,cancelled,Postpaid,No contract,Nova Starter,Bundle,8000,38368,1389.0,57,8000,bank transfer,,,,1.0
CUST02394,SUB02394,PROD001,2348044273565,Customer 2394,Female,46-60,lagos,North Central,Premium,2024-01-29,Cancelled,Postpaid,Annual,Nova Premium 5G,Data,25000,45000MB,,261,,USSD,5G,-999.0,,5.0
CUST02395,SUB02395,PROD001,2348030909366,Customer 2395,FEMALE,26-35,Port Harcourt,South South,Corporate,2022-03-03,Actv,Postpaid,monthly,Nova Premium 5G,Data,25000,,,496,25000,,4g,-100.0,,1.0
CUST02396,SUB02396,PROD003,2348099071603,Customer 2396,Female,60+,Port Harcourt,North West,STANDARD,2022-09-25,cancelled,Postpaid,ANNUAL,Nova Hybrid Plus,Bundle,18000,,,475,18000,Card,4g,,5.0,1.0
CUST02397,SUB02397,PROD002,2348040928913,Customer 2397,Female,60+,,South South,Standard,2023-04-14,,POSTPAID,ANNUAL,Nova Unlimited Voice,Voice,12000,47193,,482,12000,Card,3G,,1.0,1.0
CUST02398,SUB02398,PROD001,2348077912417,Customer 2398,Male,,LAGOS,South East,Basic,2024-06-11,Active,post paid,ANNUAL,Nova Premium 5G,Data,25000,45000MB,2251.0,687,25000,CARD,4G,-83.0,,2.0
CUST02399,SUB02399,PROD005,2348046081258,Customer 2399,Unknown,46-60,Lagos,South West,Standard,2021-11-01,Active,Postpaid,Annual,Nova Starter,Bundle,8000,2869,,703,,bank transfer,LTE,,5.0,1.0
CUST02400,SUB02400,PROD004,2348029617127, Customer 2400 ,Male,26-35,portharcourt,North Central,,11/07/2025,cancelled,prepaid,Annual,Nova SME Connect,Business,35000,6202,616.0,349,35000,Cash,4G,,5.0,1.0
CUST02401,SUB02401,PROD004,2348032487680,Customer 2401,,36-45,Enugu,North West,STANDARD,2025-06-27,Active,POSTPAID,monthly,Nova SME Connect,Business,35000,44467,,38,35000,bank transfer,5G,-999.0,0.0,4.0
CUST02402,SUB02402,PROD003,2348061120010,Customer 2402,m ,60+,Abuja,South East,,2023-05-02,cancelled,POSTPAID,Annual,Nova Hybrid Plus,Bundle,18000,45000MB,,47,18000,CARD,5G,,5.0,1.0
CUST02403,SUB02403,PROD002,2348091563675,Customer 2403,Female,18-25,Lagos,North Central,Standard,2024-11-23,SUSPENDED,prepaid,No contract,Nova Unlimited Voice,Voice,12000,,,118,12000,bank transfer,,,1.0,2.0
CUST02404,SUB02404,PROD001,2348042773704,Customer 2404,Unknown,46-60,Enugu,South East,Standard,2025-07-08,active,Postpaid,No contract,Nova Premium 5G,Data,25000,,,295,25000,USSD,LTE,-999.0,2.0,5.0
CUST02405,SUB02405,PROD005,2348098927119,Customer 2405,F,,,South East,Standard,2024-05-01,cancelled,Prepaid,Monthly,Nova Starter,Bundle,8000,45000MB,,200,8000,Bank Transfer,3G,-75.0,1.0,2.0
CUST02406,SUB02406,PROD003,2348024207720,Customer 2406,Female,,Lagos,North West,Basic,2025-04-02,Cancelled,Prepaid,No contract,Nova Hybrid Plus,Bundle,18000,,,164,,bank transfer,4G,-999.0,0.0,2.0
CUST02407,SUB02407,PROD001,2348037718747,Customer 2407,F,60+,portharcourt,South West,Standard,2024-01-08,Suspended,Postpaid,No contract,Nova Premium 5G,Data,25000,45000MB,,578,25000,Bank Transfer,LTE,-999.0,5.0,5.0
CUST02408,SUB02408,PROD004,2348072926984,Customer 2408,FEMALE,18-25,lagos,South South,Corporate,2025-01-05,Cancelled,post paid,No contract,Nova SME Connect,Business,35000,25177,2394.0,482,35000,,5G,-999.0,0.0,4.0
CUST02409,SUB02409,PROD005,2348029765301,Customer 2409,female,26-35,Abuja,North West,,2025-05-09,,prepaid,ANNUAL,Nova Starter,Bundle,8000,,3537.0,493,8000,,5G,-107.0,,3.0
CUST02410,SUB02410,PROD004,2348062558113,Customer 2410,MALE,60+,Lagos,South East,,2024-02-12,cancelled,Prepaid,No contract,Nova SME Connect,Business,35000,45000MB,,80,35000,,4g,-999.0,0.0,
CUST02411,SUB02411,PROD005,2348047054905,Customer 2411,Female,36-45,Port Harcourt,South South,Premium,2023-02-21,Suspended,Prepaid,monthly,Nova Starter,Bundle,8000,45000MB,791.0,648,8000,,3G,-999.0,1.0,4.0
CUST02412,SUB02412,PROD003,2348044952768,Customer 2412,Unknown,60+,Port Harcourt,South East,STANDARD,2023-04-06,active,Prepaid,No contract,Nova Hybrid Plus,Bundle,18000,45000MB,2409.0,369,,Bank Transfer,5G,,5.0,1.0
CUST02413,SUB02413,PROD005,2348087758114,Customer 2413,FEMALE,18-25,Abuja,South South,,2024-07-23,active,prepaid,Annual,Nova Starter,Bundle,8000,,,643,8000,USSD,,-999.0,5.0,5.0
CUST02414,SUB02414,PROD005,2348081906949,Customer 2414,F,36-45,Enugu,North West,Corporate,2024-02-05,,Postpaid,Monthly,Nova Starter,Bundle,8000,45000MB,2503.0,679,,,,-106.0,5.0,4.0
CUST02415,SUB02415,PROD003,2348080827407,Customer 2415,MALE,26-35,Ibadan,North West,,2022-04-07,,POSTPAID,ANNUAL,Nova Hybrid Plus,Bundle,18000,,,205,18000,Cash,3G,,1.0,
CUST02416,SUB02416,PROD004,2348076851562,Customer 2416,F,36-45, Abuja ,South West,premium ,2021-12-23,Cancelled,Postpaid,Monthly,Nova SME Connect,Business,35000,45000MB,,139,35000,Cash,4G,,2.0,3.0
CUST02417,SUB02417,PROD002,2348032095819,Customer 2417,Female,46-60,Ibadan,South West,premium ,2023-04-06,SUSPENDED,prepaid,monthly,Nova Unlimited Voice,Voice,12000,79408,2485.0,133,,bank transfer,LTE,-69.0,2.0,
CUST02418,SUB02418,PROD001,2348095545372,Customer 2418,Female,18-25,lagos,South West,Basic,2021-11-15,ACTIVE,prepaid,ANNUAL,Nova Premium 5G,Data,25000,45000MB,,497,25000,USSD,4g,,,2.0
CUST02419,SUB02419,PROD002,2348032799599,Customer 2419,M,60+,Enugu,South East,Basic,2023-06-15,active,prepaid,No contract,Nova Unlimited Voice,Voice,12000,23540,3732.0,616,12000,Bank Transfer,4G,-65.0,0.0,3.0
CUST02420,SUB02420,PROD004,2348069249392, Customer 2420 ,Female,,,North West,Corporate,2024-04-08,ACTIVE,prepaid,No contract,Nova SME Connect,Business,35000,32300,,155,,Bank Transfer,LTE,,,
CUST02421,SUB02421,PROD003,2348056053967,Customer 2421, f,36-45,Port Harcourt,North Central,Basic,2023-02-12,SUSPENDED,Prepaid,No contract,Nova Hybrid Plus,Bundle,18000,,739.0,309,,Bank Transfer,3G,-999.0,2.0,1.0
CUST02422,SUB02422,PROD004,2348019089698,Customer 2422,,26-35,Port Harcourt,North Central,Basic,2021-07-11,Suspended,Postpaid,ANNUAL,Nova SME Connect,Business,35000,45000MB,,176,35000,Cash,5G,,1.0,3.0
CUST02423,SUB02423,PROD004,2348033974388,Customer 2423,Female,18-25,,South East,Premium,2024-06-17,,post paid,Monthly,Nova SME Connect,Business,35000,45000MB,,19,,CARD,4g,-75.0,2.0,
CUST02424,SUB02424,PROD002,2348064861431,Customer 2424,F,18-25,lagos,North West,,2025-11-16,Actv,post paid,ANNUAL,Nova Unlimited Voice,Voice,12000,45000MB,1530.0,187,,USSD,4G,,0.0,2.0
CUST02425,SUB02425,PROD005,2348060969279,Customer 2425,MALE,26-35,portharcourt,North West,,04/08/2024,Active,post paid,monthly,Nova Starter,Bundle,8000,35671,86.0,628,8000,USSD,4G,,2.0,5.0
CUST02426,SUB02426,PROD004,2348026787096,Customer 2426,Male,, Abuja ,North West,premium ,2021-01-27,active,POSTPAID,Annual,Nova SME Connect,Business,35000,45000MB,,387,,Cash,5G,-999.0,,5.0
CUST02427,SUB02427,PROD003,2348021109615,Customer 2427,m ,,Port Harcourt,South West,Standard,2024-05-09,Active,POSTPAID,Monthly,Nova Hybrid Plus,Bundle,18000,78244,,644,,Bank Transfer,5G,,,3.0
CUST02428,SUB02428,PROD005,2348052544619,Customer 2428,Male,60+,LAGOS,South East,premium ,2021-12-04,ACTIVE,POSTPAID,ANNUAL,Nova Starter,Bundle,8000,69114,,481,8000,,3G,-999.0,0.0,
CUST02429,SUB02429,PROD005,2348051284547,Customer 2429,,,Port Harcourt,North Central,STANDARD,2022-05-16,Active,post paid,No contract,Nova Starter,Bundle,8000,,3226.0,557,8000,,4G,-999.0,0.0,3.0
CUST02430,SUB02430,PROD002,2348010557420,Customer 2430,Male,46-60,Ibadan,North West,STANDARD,2024-05-21,,Prepaid,Annual,Nova Unlimited Voice,Voice,12000,,3286.0,160,12000,USSD,5G,,,1.0
CUST02431,SUB02431,PROD005,2348045373585,Customer 2431,female,46-60,Port Harcourt,South South,Premium,2024-08-06,cancelled,post paid,monthly,Nova Starter,Bundle,8000,45000MB,3231.0,104,,Cash,4G,-92.0,,5.0
CUST02432,SUB02432,PROD002,2348031846735,Customer 2432,Male,18-25,Lagos,South East,Standard,2025-10-18,Actv,POSTPAID,No contract,Nova Unlimited Voice,Voice,12000,27116,,259,12000,Cash,4g,,5.0,1.0
CUST02433,SUB02433,PROD004,2348049072533,Customer 2433,Female,26-35,Lagos,North Central,premium ,2022-03-13,Cancelled,POSTPAID,Annual,Nova SME Connect,Business,35000,45000MB,,400,35000,CARD,LTE,-999.0,5.0,5.0
CUST02434,SUB02434,PROD005,2348022709080,Customer 2434,Female,46-60,Lagos,South West,Standard,2025-05-24,Active,POSTPAID,monthly,Nova Starter,Bundle,8000,,2456.0,371,,bank transfer,4G,,5.0,2.0
CUST02435,SUB02435,PROD002,2348047163158,Customer 2435,female,18-25,Kano,South South,premium ,2025-04-23,ACTIVE,post paid,ANNUAL,Nova Unlimited Voice,Voice,12000,41331,2124.0,131,12000,Bank Transfer,,-67.0,5.0,3.0
CUST02436,SUB02436,PROD004,2348060203670,Customer 2436,Male,36-45,portharcourt,South South,Premium,2021-02-05,cancelled,post paid,Annual,Nova SME Connect,Business,35000,45000MB,,306,35000,Card,4g,-76.0,,2.0
CUST02437,SUB02437,PROD003,2348077789198,Customer 2437,,46-60, Abuja ,North West,STANDARD,2024-08-07,active,POSTPAID,ANNUAL,Nova Hybrid Plus,Bundle,18000,,,243,,Bank Transfer,3G,-999.0,0.0,3.0
CUST02438,SUB02438,PROD002,2348067336744,Customer 2438,Female,18-25,LAGOS,South East,Standard,2022-07-03,cancelled,post paid,monthly,Nova Unlimited Voice,Voice,12000,,,684,12000,Card,3G,-999.0,,
CUST02439,SUB02439,PROD002,2348044146651,Customer 2439, f,26-35,Ibadan,South South,premium ,2023-05-17,active,prepaid,monthly,Nova Unlimited Voice,Voice,12000,,16.0,532,,USSD,LTE,-999.0,5.0,5.0
CUST02440,SUB02440,PROD003,2348059182657, Customer 2440 ,MALE,36-45,portharcourt,South East,Premium,2021-07-12,SUSPENDED,post paid,No contract,Nova Hybrid Plus,Bundle,18000,54522,257.0,479,,bank transfer,LTE,-999.0,5.0,
CUST02441,SUB02441,PROD005,2348068082600,Customer 2441,F,,Kano,South South,STANDARD,2024-04-07,Active,Postpaid,No contract,Nova Starter,Bundle,8000,,2806.0,707,8000,,,,2.0,3.0
CUST02442,SUB02442,PROD004,2348072298948,Customer 2442,Female,26-35,Abuja,South West,Premium,2025-04-12,active,prepaid,No contract,Nova SME Connect,Business,35000,,1162.0,179,,Cash,,,5.0,3.0
CUST02443,SUB02443,PROD004,2348055717372,Customer 2443,FEMALE,,Lagos,North West,Premium,2021-11-07,Suspended,post paid,ANNUAL,Nova SME Connect,Business,35000,,2407.0,502,35000,CARD,4G,,1.0,4.0
CUST02444,SUB02444,PROD002,2348022717486,Customer 2444,Male,,Enugu,South South,Premium,2023-08-21,cancelled,post paid,No contract,Nova Unlimited Voice,Voice,12000,45000MB,2354.0,628,,CARD,,,5.0,3.0
CUST02445,SUB02445,PROD004,2348062293746,Customer 2445,FEMALE,60+, Abuja ,North Central,,2024-11-03,Cancelled,Postpaid,No contract,Nova SME Connect,Business,35000,,,651,,CARD,3G,-90.0,0.0,4.0
CUST02446,SUB02446,PROD004,2348062526457,Customer 2446,M,60+,portharcourt,South West,Corporate,2025-07-27,Active,Prepaid,Annual,Nova SME Connect,Business,35000,68756,,545,35000,USSD,4G,-82.0,,2.0
CUST02447,SUB02447,PROD005,2348098506013,Customer 2447,Female,46-60,Port Harcourt,South West,STANDARD,2025-01-04,Cancelled,POSTPAID,monthly,Nova Starter,Bundle,8000,78750,2805.0,52,,Bank Transfer,4G,,5.0,2.0
CUST02448,SUB02448,PROD004,2348092773393,Customer 2448,,18-25,,South South,Basic,2022-02-09,Cancelled,POSTPAID,Monthly,Nova SME Connect,Business,35000,43330,1427.0,478,35000,bank transfer,4g,,5.0,1.0
CUST02449,SUB02449,PROD001,2348016738243,Customer 2449,Male,26-35,LAGOS,North Central,STANDARD,2022-04-27,Cancelled,Postpaid,Monthly,Nova Premium 5G,Data,25000,45000MB,,501,,bank transfer,,,1.0,2.0
CUST02450,SUB02450,PROD005,2348093220792,Customer 2450,F,26-35,Abuja,South East,STANDARD,28/11/2021,active,post paid,ANNUAL,Nova Starter,Bundle,8000,20539,2812.0,403,,bank transfer,,-999.0,0.0,2.0
CUST02451,SUB02451,PROD001,2348077395653,Customer 2451,Female,60+,lagos,South East,premium ,2021-06-10,cancelled,POSTPAID,Monthly,Nova Premium 5G,Data,25000,55712,,114,25000,bank transfer,3G,,1.0,4.0
CUST02452,SUB02452,PROD003,2348087223089,Customer 2452,Male,26-35,,North Central,Basic,2022-02-25,Cancelled,Postpaid,No contract,Nova Hybrid Plus,Bundle,18000,87085,,548,18000,bank transfer,3G,,2.0,
CUST02453,SUB02453,PROD005,2348063390356,Customer 2453,Female,36-45,Abuja,South East,premium ,2022-05-14,ACTIVE,POSTPAID,No contract,Nova Starter,Bundle,8000,,1783.0,735,,Card,5G,-999.0,2.0,4.0
CUST02454,SUB02454,PROD002,2348022511230,Customer 2454,MALE,18-25,LAGOS,North Central,STANDARD,2023-04-08,Active,post paid,Monthly,Nova Unlimited Voice,Voice,12000,,,476,12000,bank transfer,,,1.0,2.0
CUST02455,SUB02455,PROD004,2348039601785,Customer 2455,Male,18-25,Port Harcourt,North West,Corporate,2024-03-27,active,Postpaid,monthly,Nova SME Connect,Business,35000,1691,2016.0,475,,Bank Transfer,LTE,-64.0,5.0,5.0
CUST02456,SUB02456,PROD004,2348037937645,Customer 2456,m ,,Lagos,South East,premium ,2023-12-22,cancelled,Prepaid,ANNUAL,Nova SME Connect,Business,35000,60031,3739.0,182,35000,Bank Transfer,4G,-999.0,,5.0
CUST02457,SUB02457,PROD005,2348027493652,Customer 2457,male,18-25,lagos,North Central,premium ,2024-12-15,Active,Prepaid,Monthly,Nova Starter,Bundle,8000,,840.0,442,8000,USSD,,,2.0,1.0
CUST02458,SUB02458,PROD003,2348057766630,Customer 2458,Male,60+,Kano,South East,,2021-04-01,Cancelled,Prepaid,No contract,Nova Hybrid Plus,Bundle,18000,,2896.0,684,18000,CARD,3G,,,3.0
CUST02459,SUB02459,PROD005,2348047931316,Customer 2459,Male,36-45,Ibadan,South East,Standard,2025-06-26,Actv,prepaid,Monthly,Nova Starter,Bundle,8000,,,518,8000,CARD,,-79.0,0.0,3.0
CUST02460,SUB02460,PROD005,2348034939544, Customer 2460 , f,46-60,portharcourt,North West,STANDARD,2025-07-16,Suspended,Postpaid,ANNUAL,Nova Starter,Bundle,8000,,846.0,765,,Bank Transfer,LTE,-110.0,,4.0
CUST02461,SUB02461,PROD004,2348090736117,Customer 2461,Male,46-60,Port Harcourt,South West,Premium,2025-01-02,,POSTPAID,No contract,Nova SME Connect,Business,35000,75972,,104,,CARD,3G,-999.0,5.0,2.0
CUST02462,SUB02462,PROD005,2348066065194,Customer 2462,F,36-45,Ibadan,South East,Standard,2021-04-22,cancelled,Postpaid,Annual,Nova Starter,Bundle,8000,20804,,611,8000,Card,LTE,-71.0,5.0,2.0
CUST02463,SUB02463,PROD004,2348090107049,Customer 2463,M,60+,Lagos,North West,STANDARD,2025-02-14,Active,Postpaid,monthly,Nova SME Connect,Business,35000,,696.0,388,,CARD,5G,-999.0,,4.0
CUST02464,SUB02464,PROD004,2348059900528,Customer 2464,Male,18-25,Ibadan,South West,STANDARD,2023-02-17,active,Prepaid,No contract,Nova SME Connect,Business,35000,46066,990.0,392,35000,USSD,4G,,5.0,3.0
CUST02465,SUB02465,PROD001,2348060382032,Customer 2465,,18-25,lagos,South East,STANDARD,2023-09-28,Active,post paid,monthly,Nova Premium 5G,Data,25000,,,232,25000,USSD,,-64.0,1.0,2.0
CUST02466,SUB02466,PROD003,2348054658558,Customer 2466,Male,46-60,lagos,North Central,premium ,2021-11-27,ACTIVE,Prepaid,ANNUAL,Nova Hybrid Plus,Bundle,18000,74756,,47,,Cash,3G,,,5.0
CUST02467,SUB02467,PROD003,2348099482288,Customer 2467,Female,26-35,Lagos,South East,Premium,2023-11-01,active,POSTPAID,Annual,Nova Hybrid Plus,Bundle,18000,45000MB,1675.0,430,18000,USSD,4g,-999.0,5.0,4.0
CUST02468,SUB02468,PROD003,2348021560442,Customer 2468,Male,,Abuja,South South,premium ,2023-08-29,Suspended,prepaid,Monthly,Nova Hybrid Plus,Bundle,18000,18926,2839.0,599,18000,Card,LTE,,1.0,4.0
CUST02469,SUB02469,PROD001,2348058707090,Customer 2469, f,46-60,Lagos,North West,STANDARD,2022-12-22,cancelled,Prepaid,Monthly,Nova Premium 5G,Data,25000,45000MB,3664.0,405,25000,Card,3G,-999.0,1.0,5.0
CUST02470,SUB02470,PROD001,2348016295375,Customer 2470,m ,36-45,Abuja,North West,Standard,2025-04-22,Active,POSTPAID,Monthly,Nova Premium 5G,Data,25000,45000MB,2645.0,414,25000,Bank Transfer,5G,-999.0,0.0,4.0
CUST02471,SUB02471,PROD003,2348042743733,Customer 2471,male,18-25,Kano,North West,Premium,2024-03-28,Cancelled,Prepaid,Monthly,Nova Hybrid Plus,Bundle,18000,36472,253.0,747,18000,,4g,-999.0,0.0,5.0
CUST02472,SUB02472,PROD003,2348024169565,Customer 2472,,18-25,portharcourt,South East,Corporate,2023-04-15,Active,post paid,monthly,Nova Hybrid Plus,Bundle,18000,,471.0,42,18000,Bank Transfer,LTE,,1.0,4.0
CUST02473,SUB02473,PROD001,2348098945794,Customer 2473,Male,36-45,Kano,North West,Basic,2025-01-08,Active,post paid,Monthly,Nova Premium 5G,Data,25000,45000MB,,22,,CARD,5G,-999.0,,4.0
CUST02474,SUB02474,PROD002,2348020839953,Customer 2474,Female,,Lagos,South West,Standard,2021-05-06,ACTIVE,Postpaid,monthly,Nova Unlimited Voice,Voice,12000,,,359,,CARD,4g,-999.0,5.0,1.0
CUST02475,SUB02475,PROD005,2348066543422,Customer 2475,Female,46-60,Kano,North Central,premium ,14/09/2023,Actv,post paid,No contract,Nova Starter,Bundle,8000,,,134,8000,Cash,LTE,-77.0,1.0,4.0
CUST02476,SUB02476,PROD005,2348073318399,Customer 2476,Female,36-45,Port Harcourt,South West,Premium,2025-10-02,Active,post paid,Annual,Nova Starter,Bundle,8000,27588,,202,8000,bank transfer,LTE,,0.0,1.0
CUST02477,SUB02477,PROD003,2348058476667,Customer 2477,Male,,LAGOS,South West,STANDARD,2023-08-06,Suspended,Prepaid,Monthly,Nova Hybrid Plus,Bundle,18000,45000MB,,114,18000,USSD,4g,,0.0,3.0
CUST02478,SUB02478,PROD001,2348020070122,Customer 2478,Female,36-45, Abuja ,North Central,Basic,2022-06-03,Cancelled,prepaid,No contract,Nova Premium 5G,Data,25000,81672,2995.0,576,25000,bank transfer,5G,-999.0,,4.0
CUST02479,SUB02479,PROD001,2348021672266,Customer 2479,female,,lagos,North West,Standard,2025-06-24,Actv,prepaid,Monthly,Nova Premium 5G,Data,25000,38618,3920.0,766,25000,USSD,LTE,-78.0,0.0,3.0
CUST02480,SUB02480,PROD004,2348072487350, Customer 2480 ,Male,26-35,,South South,Corporate,2023-11-22,Active,Postpaid,No contract,Nova SME Connect,Business,35000,45430,340.0,299,35000,Bank Transfer,5G,-88.0,5.0,5.0
CUST02481,SUB02481,PROD003,2348067419299,Customer 2481,M,60+,Ibadan,South West,premium ,2025-11-30,,prepaid,Annual,Nova Hybrid Plus,Bundle,18000,45000MB,,561,18000,Bank Transfer,4G,,0.0,
CUST02482,SUB02482,PROD002,2348076022167,Customer 2482,Male,60+,Abuja,North West,STANDARD,2021-11-29,SUSPENDED,prepaid,monthly,Nova Unlimited Voice,Voice,12000,,,274,12000,,5G,-999.0,5.0,
CUST02483,SUB02483,PROD005,2348011948649,Customer 2483,Female,46-60,portharcourt,North West,Corporate,2021-12-03,Suspended,POSTPAID,No contract,Nova Starter,Bundle,8000,45000MB,,259,8000,bank transfer,3G,-999.0,2.0,4.0
CUST02484,SUB02484,PROD002,2348059618951,Customer 2484,Male,60+,Lagos,North West,Standard,2023-08-29,Active,Prepaid,No contract,Nova Unlimited Voice,Voice,12000,45000MB,,217,12000,Bank Transfer,3G,,1.0,
CUST02485,SUB02485,PROD003,2348044551740,Customer 2485,Female,,,South South,Premium,2025-06-10,Cancelled,Postpaid,ANNUAL,Nova Hybrid Plus,Bundle,18000,76267,,524,,USSD,LTE,-101.0,1.0,1.0
CUST02486,SUB02486,PROD001,2348039055860,Customer 2486,Female,26-35,,South West,STANDARD,2024-12-02,active,Postpaid,ANNUAL,Nova Premium 5G,Data,25000,,150.0,425,,Cash,LTE,-999.0,5.0,
CUST02487,SUB02487,PROD002,2348040925222,Customer 2487,F,36-45,portharcourt,South East,Basic,2021-10-14,Cancelled,Prepaid,ANNUAL,Nova Unlimited Voice,Voice,12000,,,339,,bank transfer,,,,
CUST02488,SUB02488,PROD002,2348052185436,Customer 2488,Female,,portharcourt,South East,Basic,2022-12-21,Active,POSTPAID,monthly,Nova Unlimited Voice,Voice,12000,45000MB,,452,12000,bank transfer,3G,-999.0,0.0,2.0
CUST02489,SUB02489,PROD004,2348070075613,Customer 2489,Male,18-25,Ibadan,South West,Basic,2025-03-24,,Prepaid,No contract,Nova SME Connect,Business,35000,48026,,539,35000,Card,5G,,5.0,4.0
CUST02490,SUB02490,PROD005,2348024413172,Customer 2490,Male,36-45, Abuja ,South West,STANDARD,2021-04-20,Suspended,Postpaid,Annual,Nova Starter,Bundle,8000,,,445,,Bank Transfer,4g,-54.0,5.0,
CUST02491,SUB02491,PROD001,2348017107082,Customer 2491,Female,46-60,Enugu,South East,STANDARD,2022-03-09,active,Prepaid,ANNUAL,Nova Premium 5G,Data,25000,,1228.0,359,25000,Bank Transfer,5G,,0.0,2.0
CUST02492,SUB02492,PROD004,2348068185948,Customer 2492,Unknown,,Enugu,North West,Basic,2021-09-09,Suspended,POSTPAID,No contract,Nova SME Connect,Business,35000,,2032.0,80,35000,Cash,4g,-999.0,0.0,3.0
CUST02493,SUB02493,PROD004,2348085011764,Customer 2493,F,36-45,,South West,Basic,2024-09-03,Active,prepaid,monthly,Nova SME Connect,Business,35000,45000MB,,341,35000,Card,4G,-107.0,0.0,
CUST02494,SUB02494,PROD001,2348035855512,Customer 2494,female,26-35, Abuja ,South East,Premium,2021-01-09,active,post paid,ANNUAL,Nova Premium 5G,Data,25000,,,214,,USSD,4G,-999.0,,5.0
CUST02495,SUB02495,PROD001,2348044834621,Customer 2495,Female,36-45,Lagos,South South,,2024-01-04,Active,prepaid,Monthly,Nova Premium 5G,Data,25000,45000MB,1305.0,660,25000,Cash,3G,-77.0,1.0,1.0
CUST02496,SUB02496,PROD004,2348087441276,Customer 2496, f,36-45,,North West,Basic,2022-10-01,Cancelled,Postpaid,No contract,Nova SME Connect,Business,35000,45000MB,,485,35000,bank transfer,,,2.0,
CUST02497,SUB02497,PROD001,2348096493633,Customer 2497,Male,18-25,,North West,STANDARD,2022-08-04,Cancelled,post paid,monthly,Nova Premium 5G,Data,25000,79762,2223.0,288,,,3G,,0.0,3.0
CUST02498,SUB02498,PROD005,2348052966356,Customer 2498,Female,36-45,Lagos,South South,Basic,2024-01-31,cancelled,Prepaid,monthly,Nova Starter,Bundle,8000,15092,,161,,USSD,4G,-999.0,0.0,1.0
CUST02499,SUB02499,PROD002,2348094153538,Customer 2499,Female,, Abuja ,South West,Premium,2023-12-07,,POSTPAID,Monthly,Nova Unlimited Voice,Voice,12000,,3717.0,416,,,,-78.0,,3.0
CUST02500,SUB02500,PROD001,2348045319843, Customer 2500 ,MALE,36-45,LAGOS,North Central,STANDARD,06/04/2021,Suspended,Prepaid,Monthly,Nova Premium 5G,Data,25000,5056,2352.0,90,25000,bank transfer,3G,,1.0,5.0
CUST02501,SUB02501,PROD002,2348017001434,Customer 2501,Male,18-25,,South East,Basic,2024-08-08,Active,Prepaid,Monthly,Nova Unlimited Voice,Voice,12000,45000MB,3457.0,320,,,5G,,0.0,4.0
CUST02502,SUB02502,PROD005,2348086099445,Customer 2502,Unknown,36-45,Enugu,South West,Corporate,2025-02-27,cancelled,prepaid,Annual,Nova Starter,Bundle,8000,6263,3102.0,53,,USSD,4g,,2.0,3.0
CUST02503,SUB02503,PROD001,2348038546563,Customer 2503,Female,,Enugu,South South,Corporate,2023-03-26,,prepaid,Monthly,Nova Premium 5G,Data,25000,30503,2218.0,397,,Bank Transfer,5G,-999.0,5.0,4.0
CUST02504,SUB02504,PROD005,2348029839496,Customer 2504,m ,,Lagos,South East,Premium,2023-01-03,Active,Prepaid,monthly,Nova Starter,Bundle,8000,69489,2438.0,676,8000,USSD,3G,-57.0,1.0,4.0
CUST02505,SUB02505,PROD005,2348066934392,Customer 2505,male,46-60,Kano,South East,,2021-12-10,,POSTPAID,ANNUAL,Nova Starter,Bundle,8000,22149,,695,8000,USSD,LTE,,2.0,2.0
CUST02506,SUB02506,PROD003,2348065770406,Customer 2506,F,26-35,lagos,South West,premium ,2023-12-17,SUSPENDED,POSTPAID,monthly,Nova Hybrid Plus,Bundle,18000,45000MB,50.0,428,18000,USSD,5G,-999.0,5.0,5.0
CUST02507,SUB02507,PROD002,2348071901938,Customer 2507,Male,18-25,Abuja,North West,premium ,2022-12-06,Active,post paid,Annual,Nova Unlimited Voice,Voice,12000,,3935.0,688,,Cash,4g,,1.0,3.0
CUST02508,SUB02508,PROD002,2348031752195,Customer 2508,F,46-60,Abuja,South East,,2024-06-12,Cancelled,POSTPAID,monthly,Nova Unlimited Voice,Voice,12000,,499.0,399,,CARD,5G,-97.0,5.0,4.0
CUST02509,SUB02509,PROD005,2348029968448,Customer 2509,Male,46-60,Port Harcourt,South South,,2022-05-02,Actv,prepaid,No contract,Nova Starter,Bundle,8000,69019,,669,8000,CARD,3G,,2.0,2.0
CUST02510,SUB02510,PROD002,2348081207172,Customer 2510,Female,46-60,Ibadan,South South,,2022-06-10,,Postpaid,ANNUAL,Nova Unlimited Voice,Voice,12000,45000MB,,62,12000,Bank Transfer,,,,4.0
CUST02511,SUB02511,PROD004,2348066876537,Customer 2511,Unknown,46-60,portharcourt,South East,Basic,2021-12-27,,Prepaid,ANNUAL,Nova SME Connect,Business,35000,4421,,767,35000,,5G,-67.0,1.0,5.0
CUST02512,SUB02512,PROD002,2348039298251,Customer 2512,F,60+,portharcourt,South South,Corporate,2024-01-08,,post paid,monthly,Nova Unlimited Voice,Voice,12000,47014,1804.0,754,,Cash,,-109.0,0.0,5.0
CUST02513,SUB02513,PROD004,2348020027514,Customer 2513,F,36-45,Enugu,South East,Standard,2024-07-02,,Postpaid,Monthly,Nova SME Connect,Business,35000,,1021.0,507,,bank transfer,LTE,-54.0,5.0,2.0
CUST02514,SUB02514,PROD001,2348021869367,Customer 2514,Male,46-60,Ibadan,North West,Basic,2022-10-29,Cancelled,post paid,ANNUAL,Nova Premium 5G,Data,25000,45000MB,,249,25000,CARD,4g,,1.0,1.0
CUST02515,SUB02515,PROD005,2348026915530,Customer 2515,Female,46-60,portharcourt,North West,Premium,2023-03-19,cancelled,Postpaid,No contract,Nova Starter,Bundle,8000,,3534.0,714,8000,Bank Transfer,4g,-999.0,5.0,1.0
CUST02516,SUB02516,PROD002,2348073025458,Customer 2516,Unknown,,Lagos,South West,Premium,2023-08-11,Cancelled,Prepaid,No contract,Nova Unlimited Voice,Voice,12000,,,380,,bank transfer,4G,-999.0,5.0,3.0
CUST02517,SUB02517,PROD003,2348088056815,Customer 2517,M,46-60,LAGOS,North Central,Standard,2024-08-03,active,Prepaid,Monthly,Nova Hybrid Plus,Bundle,18000,45000MB,780.0,649,,CARD,4G,,2.0,3.0
CUST02518,SUB02518,PROD003,2348078625466,Customer 2518,Female,18-25,Kano,South East,,2021-09-13,Suspended,Postpaid,No contract,Nova Hybrid Plus,Bundle,18000,45000MB,,398,,USSD,LTE,,0.0,2.0
CUST02519,SUB02519,PROD001,2348015545380,Customer 2519,Female,26-35,Ibadan,South East,Corporate,2022-07-11,Cancelled,Postpaid,ANNUAL,Nova Premium 5G,Data,25000,86828,1239.0,400,25000,Cash,4G,-999.0,0.0,2.0
CUST02520,SUB02520,PROD005,2348066484524, Customer 2520 ,Male,,,North West,Basic,2023-09-23,active,Postpaid,ANNUAL,Nova Starter,Bundle,8000,7138,,326,8000,Card,,-84.0,5.0,5.0
CUST02521,SUB02521,PROD003,2348031510283,Customer 2521,Male,36-45,Enugu,North Central,,2025-03-11,Cancelled,POSTPAID,ANNUAL,Nova Hybrid Plus,Bundle,18000,,1397.0,107,18000,bank transfer,3G,-999.0,1.0,4.0
CUST02522,SUB02522,PROD004,2348025319386,Customer 2522,Male,26-35,lagos,North Central,Basic,2023-03-31,cancelled,POSTPAID,ANNUAL,Nova SME Connect,Business,35000,27977,,249,35000,bank transfer,,,,3.0
CUST02523,SUB02523,PROD002,2348061264952,Customer 2523,F,18-25,Ibadan,North West,premium ,2023-01-27,Suspended,Prepaid,monthly,Nova Unlimited Voice,Voice,12000,32326,3578.0,792,12000,,4g,,0.0,5.0
CUST02524,SUB02524,PROD005,2348011874091,Customer 2524,Male,26-35,Port Harcourt,North Central,Corporate,2021-08-22,active,prepaid,monthly,Nova Starter,Bundle,8000,24058,137.0,5,8000,CARD,3G,-999.0,2.0,1.0
CUST02525,SUB02525,PROD004,2348095977278,Customer 2525,female,46-60,Abuja,South South,,05/12/2022,Active,POSTPAID,monthly,Nova SME Connect,Business,35000,45000MB,,17,35000,CARD,,,2.0,2.0
CUST02526,SUB02526,PROD003,2348031265887,Customer 2526,,18-25,Port Harcourt,North Central,Corporate,2023-09-25,ACTIVE,post paid,No contract,Nova Hybrid Plus,Bundle,18000,45000MB,,51,,USSD,,-90.0,,2.0
CUST02527,SUB02527,PROD005,2348045670279,Customer 2527,M,46-60,Abuja,South South,premium ,2024-03-12,Cancelled,post paid,No contract,Nova Starter,Bundle,8000,45000MB,,431,,,LTE,,5.0,1.0
CUST02528,SUB02528,PROD002,2348031993298,Customer 2528,M,46-60,,South West,,2021-11-03,Active,prepaid,ANNUAL,Nova Unlimited Voice,Voice,12000,61714,,79,12000,Card,LTE,,2.0,1.0
CUST02529,SUB02529,PROD001,2348081131315,Customer 2529,female,18-25,LAGOS,North Central,Premium,2022-05-10,,POSTPAID,Monthly,Nova Premium 5G,Data,25000,45000MB,3376.0,553,,USSD,LTE,-56.0,1.0,1.0
CUST02530,SUB02530,PROD004,2348086386169,Customer 2530,Male,36-45,Abuja,North Central,premium ,2021-08-30,active,POSTPAID,Annual,Nova SME Connect,Business,35000,21905,,747,35000,Bank Transfer,LTE,-61.0,5.0,
CUST02531,SUB02531,PROD002,2348097784002,Customer 2531,Female,60+,Abuja,North West,Premium,2022-05-13,Cancelled,Postpaid,monthly,Nova Unlimited Voice,Voice,12000,58760,,352,12000,,4G,-999.0,5.0,
CUST02532,SUB02532,PROD004,2348050430033,Customer 2532,F,,portharcourt,South West,STANDARD,2022-09-02,,Postpaid,Annual,Nova SME Connect,Business,35000,45000MB,2796.0,546,35000,Bank Transfer,5G,-96.0,0.0,2.0
CUST02533,SUB02533,PROD003,2348096564884,Customer 2533,Male,46-60,Lagos,North Central,Corporate,2021-07-13,,Prepaid,Annual,Nova Hybrid Plus,Bundle,18000,,,709,18000,,4G,,,3.0
CUST02534,SUB02534,PROD004,2348085404154,Customer 2534,Female,46-60,portharcourt,North West,Corporate,2021-04-02,cancelled,POSTPAID,monthly,Nova SME Connect,Business,35000,45000MB,2873.0,244,35000,bank transfer,4G,-81.0,1.0,4.0
CUST02535,SUB02535,PROD003,2348064905328,Customer 2535,F,26-35,portharcourt,South West,Corporate,2025-06-05,active,prepaid,Annual,Nova Hybrid Plus,Bundle,18000,,491.0,475,18000,Bank Transfer,5G,-999.0,5.0,3.0
CUST02536,SUB02536,PROD002,2348059607530,Customer 2536,Female,,lagos,North Central,,2021-01-12,ACTIVE,prepaid,Monthly,Nova Unlimited Voice,Voice,12000,,2347.0,797,12000,CARD,LTE,-999.0,,2.0
CUST02537,SUB02537,PROD004,2348040115813,Customer 2537,Male,46-60,,South South,Corporate,2022-03-08,ACTIVE,Postpaid,ANNUAL,Nova SME Connect,Business,35000,46953,3725.0,303,35000,Cash,3G,-999.0,5.0,4.0
CUST02538,SUB02538,PROD003,2348098131751,Customer 2538,Female,46-60,Enugu,South South,Premium,2022-01-19,Active,post paid,ANNUAL,Nova Hybrid Plus,Bundle,18000,5264,3985.0,125,18000,Cash,,-999.0,,4.0
CUST02539,SUB02539,PROD004,2348060327669,Customer 2539,Male,60+,Port Harcourt,North West,premium ,2022-10-04,cancelled,prepaid,No contract,Nova SME Connect,Business,35000,45000MB,,158,35000,bank transfer,3G,-999.0,,
CUST02540,SUB02540,PROD002,2348095447759, Customer 2540 ,F,18-25,lagos,South West,Premium,2024-10-21,ACTIVE,post paid,Annual,Nova Unlimited Voice,Voice,12000,,3465.0,573,12000,,LTE,-999.0,,1.0
CUST02541,SUB02541,PROD003,2348034910721,Customer 2541,Male,26-35,portharcourt,North Central,STANDARD,2022-09-25,cancelled,Prepaid,No contract,Nova Hybrid Plus,Bundle,18000,45000MB,,388,,USSD,5G,,,2.0
CUST02542,SUB02542,PROD002,2348010215441,Customer 2542,Female,18-25,LAGOS,South West,Premium,2024-08-28,cancelled,Postpaid,Monthly,Nova Unlimited Voice,Voice,12000,79168,,265,12000,CARD,5G,-999.0,1.0,4.0
CUST02543,SUB02543,PROD004,2348034178417,Customer 2543,male,18-25,portharcourt,North Central,Premium,2024-01-01,active,Prepaid,No contract,Nova SME Connect,Business,35000,45000MB,,215,,,3G,,1.0,1.0
CUST02544,SUB02544,PROD001,2348028964786,Customer 2544,FEMALE,46-60,Ibadan,North Central,Standard,2024-07-08,,Prepaid,ANNUAL,Nova Premium 5G,Data,25000,,,252,,,3G,-56.0,5.0,
CUST02545,SUB02545,PROD004,2348095596099,Customer 2545,,,portharcourt,North West,STANDARD,2021-01-06,,post paid,Annual,Nova SME Connect,Business,35000,45000MB,3075.0,253,,Card,LTE,-999.0,0.0,3.0
CUST02546,SUB02546,PROD003,2348080105383,Customer 2546,,18-25,Abuja,South East,Standard,2022-10-05,Active,POSTPAID,Annual,Nova Hybrid Plus,Bundle,18000,45000MB,2003.0,250,18000,CARD,5G,,5.0,3.0
CUST02547,SUB02547,PROD002,2348014602695,Customer 2547,Male,46-60,Kano,North West,Premium,2023-07-30,Cancelled,Prepaid,Monthly,Nova Unlimited Voice,Voice,12000,35906,2828.0,383,12000,USSD,LTE,,1.0,2.0
CUST02548,SUB02548,PROD005,2348062861997,Customer 2548,MALE,18-25,lagos,South South,Standard,2022-11-05,active,Postpaid,No contract,Nova Starter,Bundle,8000,8761,,326,,USSD,,-999.0,1.0,5.0
CUST02549,SUB02549,PROD005,2348051359060,Customer 2549,Female,60+,LAGOS,South East,Basic,2023-01-19,Suspended,Postpaid,monthly,Nova Starter,Bundle,8000,45000MB,1846.0,670,8000,USSD,LTE,,0.0,4.0
CUST02550,SUB02550,PROD001,2348076560600,Customer 2550,Female,,,South South,Basic,23/07/2022,Active,post paid,ANNUAL,Nova Premium 5G,Data,25000,70965,3631.0,777,,USSD,3G,-53.0,,2.0
CUST02551,SUB02551,PROD003,2348040207518,Customer 2551,Male,26-35,LAGOS,South East,STANDARD,2025-02-12,Active,post paid,monthly,Nova Hybrid Plus,Bundle,18000,45000MB,2626.0,362,18000,CARD,LTE,,,1.0
CUST02552,SUB02552,PROD001,2348057825551,Customer 2552,Female,26-35,lagos,South South,,2023-12-13,Active,prepaid,Monthly,Nova Premium 5G,Data,25000,,,520,,,LTE,-999.0,0.0,1.0
CUST02553,SUB02553,PROD001,2348033211042,Customer 2553,female,,Ibadan,South East,premium ,2023-05-22,Active,prepaid,No contract,Nova Premium 5G,Data,25000,45000MB,,77,,Bank Transfer,,-104.0,0.0,3.0
CUST02554,SUB02554,PROD004,2348054751813,Customer 2554,Female,46-60,Lagos,South South,Standard,2021-07-29,SUSPENDED,Postpaid,No contract,Nova SME Connect,Business,35000,,,37,,CARD,4g,,5.0,
CUST02555,SUB02555,PROD004,2348074311505,Customer 2555,Female,26-35,LAGOS,North West,Premium,2021-04-25,SUSPENDED,post paid,Monthly,Nova SME Connect,Business,35000,10449,,316,,Cash,3G,-999.0,,4.0
CUST02556,SUB02556,PROD004,2348016111464,Customer 2556,Male,46-60,,South West,,2022-02-26,SUSPENDED,Postpaid,monthly,Nova SME Connect,Business,35000,45000MB,1924.0,666,,bank transfer,LTE,,0.0,4.0
CUST02557,SUB02557,PROD004,2348023803428,Customer 2557,M,46-60,Port Harcourt,South South,Standard,2021-05-28,,prepaid,No contract,Nova SME Connect,Business,35000,45000MB,,499,35000,Cash,,,1.0,1.0
CUST02558,SUB02558,PROD004,2348048545693,Customer 2558,Male,36-45,,South South,Standard,2023-02-27,,Prepaid,ANNUAL,Nova SME Connect,Business,35000,45000MB,709.0,533,35000,,4g,-90.0,2.0,4.0
CUST02559,SUB02559,PROD001,2348040205428,Customer 2559,Female,36-45,Port Harcourt,North Central,Corporate,2025-03-24,,Prepaid,Annual,Nova Premium 5G,Data,25000,,2726.0,479,,Cash,,-999.0,5.0,5.0
CUST02560,SUB02560,PROD001,2348017811410, Customer 2560 ,M,36-45,Kano,North Central,Corporate,2022-07-26,Suspended,Postpaid,monthly,Nova Premium 5G,Data,25000,81487,1690.0,205,25000,,4G,-999.0,0.0,2.0
CUST02561,SUB02561,PROD001,2348076878530,Customer 2561,Female,26-35,Lagos,South South,Premium,2021-11-16,ACTIVE,prepaid,Annual,Nova Premium 5G,Data,25000,45000MB,,220,25000,USSD,5G,-999.0,,3.0
CUST02562,SUB02562,PROD005,2348066336632,Customer 2562,Female,60+, Abuja ,South East,Basic,2021-01-25,Suspended,prepaid,monthly,Nova Starter,Bundle,8000,,1486.0,691,,,5G,-84.0,1.0,5.0
CUST02563,SUB02563,PROD004,2348028001667,Customer 2563,Male,60+,Ibadan,South West,Basic,2021-11-14,,post paid,monthly,Nova SME Connect,Business,35000,45000MB,2547.0,152,35000,Cash,3G,-999.0,5.0,4.0
CUST02564,SUB02564,PROD005,2348064386394,Customer 2564,M,18-25,Abuja,South East,Standard,2021-04-11,Active,prepaid,ANNUAL,Nova Starter,Bundle,8000,15346,,345,8000,,4G,-999.0,1.0,
CUST02565,SUB02565,PROD004,2348084841200,Customer 2565,Female,,lagos,South South,,2024-01-22,active,post paid,Monthly,Nova SME Connect,Business,35000,45000MB,2391.0,68,35000,CARD,LTE,,1.0,3.0
CUST02566,SUB02566,PROD005,2348085094443,Customer 2566,M,36-45,portharcourt,South East,premium ,2025-04-24,Active,post paid,monthly,Nova Starter,Bundle,8000,45000MB,,554,,Card,4g,,5.0,4.0
CUST02567,SUB02567,PROD002,2348044386856,Customer 2567,Female,46-60,Port Harcourt,North West,Basic,2024-09-01,Cancelled,prepaid,No contract,Nova Unlimited Voice,Voice,12000,,1739.0,386,12000,Card,3G,-999.0,1.0,1.0
CUST02568,SUB02568,PROD002,2348019900704,Customer 2568,Male,46-60,Kano,South South,Corporate,2021-08-23,cancelled,post paid,Monthly,Nova Unlimited Voice,Voice,12000,45000MB,553.0,763,12000,Card,LTE,-76.0,1.0,5.0
CUST02569,SUB02569,PROD005,2348055874749,Customer 2569, f,46-60,Kano,South East,premium ,2023-01-27,Actv,Prepaid,No contract,Nova Starter,Bundle,8000,48576,,506,,CARD,LTE,,1.0,
CUST02570,SUB02570,PROD001,2348093655046,Customer 2570,,,lagos,South East,premium ,2025-06-22,cancelled,POSTPAID,Annual,Nova Premium 5G,Data,25000,45000MB,,170,25000,Cash,4G,,5.0,4.0
CUST02571,SUB02571,PROD002,2348065370697,Customer 2571,M,18-25,Abuja,South South,,2021-04-03,Suspended,Postpaid,Monthly,Nova Unlimited Voice,Voice,12000,,2958.0,285,12000,bank transfer,5G,-80.0,,4.0
CUST02572,SUB02572,PROD002,2348095158674,Customer 2572,FEMALE,36-45,Enugu,North Central,STANDARD,2022-07-30,Suspended,Postpaid,No contract,Nova Unlimited Voice,Voice,12000,7720,2696.0,674,,bank transfer,LTE,,1.0,3.0
CUST02573,SUB02573,PROD003,2348071929102,Customer 2573,Female,,Abuja,South South,Basic,2025-01-31,Active,post paid,ANNUAL,Nova Hybrid Plus,Bundle,18000,45000MB,,481,18000,Card,,,1.0,4.0
CUST02574,SUB02574,PROD004,2348077601020,Customer 2574,,46-60,Abuja,North Central,,2024-10-06,active,Postpaid,ANNUAL,Nova SME Connect,Business,35000,,,604,,bank transfer,5G,,2.0,5.0
CUST02575,SUB02575,PROD005,2348041014507,Customer 2575,Female,,Port Harcourt,North Central,Standard,22/06/2024,cancelled,prepaid,Annual,Nova Starter,Bundle,8000,45000MB,,34,8000,bank transfer,LTE,-999.0,2.0,5.0
CUST02576,SUB02576,PROD003,2348091516708,Customer 2576,Male,18-25,lagos,North West,Standard,2021-09-18,Cancelled,prepaid,No contract,Nova Hybrid Plus,Bundle,18000,45000MB,,721,18000,USSD,3G,-999.0,5.0,4.0
CUST02577,SUB02577,PROD003,2348041145441,Customer 2577,m ,46-60,LAGOS,South South,Basic,2021-05-29,active,Prepaid,Annual,Nova Hybrid Plus,Bundle,18000,,966.0,249,18000,Cash,3G,,5.0,5.0
CUST02578,SUB02578,PROD003,2348015079734,Customer 2578,MALE,36-45,portharcourt,North Central,premium ,2022-08-20,Suspended,POSTPAID,ANNUAL,Nova Hybrid Plus,Bundle,18000,45000MB,,515,18000,bank transfer,,-54.0,,
CUST02579,SUB02579,PROD003,2348065610193,Customer 2579,Female,36-45,Enugu,South East,Basic,2023-09-10,Cancelled,post paid,Monthly,Nova Hybrid Plus,Bundle,18000,,,766,,Card,5G,,2.0,2.0
CUST02580,SUB02580,PROD001,2348058292167, Customer 2580 ,Unknown,46-60,,South South,Premium,2025-08-19,cancelled,Postpaid,monthly,Nova Premium 5G,Data,25000,,2627.0,422,,Cash,4g,-53.0,5.0,1.0
CUST02581,SUB02581,PROD002,2348079854645,Customer 2581,M,60+,Port Harcourt,South South,Standard,2021-07-30,Cancelled,Postpaid,Annual,Nova Unlimited Voice,Voice,12000,,2967.0,349,,Card,3G,,,3.0
CUST02582,SUB02582,PROD003,2348041872308,Customer 2582,F,36-45,Lagos,South South,STANDARD,2024-07-02,Suspended,post paid,No contract,Nova Hybrid Plus,Bundle,18000,45000MB,2194.0,724,18000,Card,LTE,-999.0,0.0,
CUST02583,SUB02583,PROD004,2348071386865,Customer 2583,Male,,Abuja,North West,premium ,2021-04-18,cancelled,post paid,Annual,Nova SME Connect,Business,35000,,,283,,Bank Transfer,5G,-51.0,2.0,3.0
CUST02584,SUB02584,PROD004,2348069505755,Customer 2584,Male,36-45,Lagos,South West,Premium,2025-10-05,Actv,post paid,monthly,Nova SME Connect,Business,35000,45000MB,109.0,515,,,3G,-999.0,0.0,4.0
CUST02585,SUB02585,PROD005,2348038360912,Customer 2585,Male,, Abuja ,North Central,Basic,2025-09-28,cancelled,prepaid,Annual,Nova Starter,Bundle,8000,45000MB,1110.0,681,8000,Card,5G,,1.0,2.0
CUST02586,SUB02586,PROD002,2348076484763,Customer 2586,Female,,Abuja,South West,STANDARD,2023-11-01,,Postpaid,ANNUAL,Nova Unlimited Voice,Voice,12000,12597,2312.0,538,,Cash,4G,-999.0,,5.0
CUST02587,SUB02587,PROD003,2348076662432,Customer 2587,Female,26-35,portharcourt,North Central,premium ,2025-07-12,,Postpaid,No contract,Nova Hybrid Plus,Bundle,18000,45000MB,,372,18000,Card,5G,,0.0,
CUST02588,SUB02588,PROD003,2348029926552,Customer 2588,female,60+,Kano,South South,Standard,2021-07-26,Active,post paid,No contract,Nova Hybrid Plus,Bundle,18000,45000MB,,228,18000,Card,4g,-999.0,1.0,
CUST02589,SUB02589,PROD004,2348073997499,Customer 2589,Female,46-60,portharcourt,South South,,2021-04-22,,Postpaid,Annual,Nova SME Connect,Business,35000,,1626.0,719,,Cash,5G,,,5.0
CUST02590,SUB02590,PROD002,2348043671898,Customer 2590,Female,60+,LAGOS,North Central,STANDARD,2025-11-24,active,Prepaid,No contract,Nova Unlimited Voice,Voice,12000,30249,,624,,Card,4G,,1.0,1.0
CUST02591,SUB02591,PROD002,2348014599530,Customer 2591,M,36-45,portharcourt,North Central,premium ,2023-04-12,Cancelled,Postpaid,Monthly,Nova Unlimited Voice,Voice,12000,70929,931.0,33,12000,Cash,5G,-79.0,,3.0
CUST02592,SUB02592,PROD005,2348066865802,Customer 2592,Female,,,North West,Corporate,2024-10-12,Cancelled,post paid,No contract,Nova Starter,Bundle,8000,,1746.0,799,,CARD,LTE,-79.0,5.0,2.0
CUST02593,SUB02593,PROD005,2348082248932,Customer 2593,Male,26-35,Ibadan,North Central,STANDARD,2022-08-25,Suspended,Prepaid,monthly,Nova Starter,Bundle,8000,,,206,8000,Bank Transfer,5G,-64.0,,2.0
CUST02594,SUB02594,PROD002,2348030302600,Customer 2594,Female,60+,Ibadan,South East,Standard,2023-12-08,,Postpaid,Monthly,Nova Unlimited Voice,Voice,12000,45000MB,,225,12000,Bank Transfer,,-999.0,1.0,3.0
CUST02595,SUB02595,PROD005,2348063117330,Customer 2595,Male,,Lagos,South West,,2021-07-07,cancelled,Prepaid,No contract,Nova Starter,Bundle,8000,,,360,,,4g,,5.0,2.0
CUST02596,SUB02596,PROD002,2348047657395,Customer 2596,Female,46-60,Port Harcourt,South South,Corporate,2021-10-10,active,Postpaid,Annual,Nova Unlimited Voice,Voice,12000,,,175,,bank transfer,3G,-999.0,5.0,5.0
CUST02597,SUB02597,PROD003,2348079153818,Customer 2597,Male,46-60,Ibadan,North Central,STANDARD,2024-08-19,active,Postpaid,monthly,Nova Hybrid Plus,Bundle,18000,17675,389.0,41,18000,CARD,4g,-73.0,1.0,3.0
CUST02598,SUB02598,PROD002,2348019162089,Customer 2598,male,26-35,portharcourt,South East,Premium,2025-12-01,Suspended,Prepaid,Annual,Nova Unlimited Voice,Voice,12000,,,361,,bank transfer,3G,-85.0,5.0,4.0
CUST02599,SUB02599,PROD003,2348067599108,Customer 2599, f,18-25,LAGOS,South West,Premium,2024-01-15,Active,Postpaid,ANNUAL,Nova Hybrid Plus,Bundle,18000,,3537.0,778,,Cash,,-93.0,0.0,5.0
CUST02600,SUB02600,PROD001,2348094245915, Customer 2600 ,M,,Kano,South West,Premium,22/02/2021,cancelled,POSTPAID,monthly,Nova Premium 5G,Data,25000,45000MB,,339,,Cash,,-999.0,1.0,2.0
CUST02601,SUB02601,PROD001,2348063271545,Customer 2601,m ,36-45,Port Harcourt,North Central,premium ,2021-12-13,Active,Prepaid,ANNUAL,Nova Premium 5G,Data,25000,45000MB,,57,25000,CARD,,-999.0,2.0,1.0
CUST02602,SUB02602,PROD003,2348090435989,Customer 2602,male,26-35,lagos,South South,Premium,2022-02-02,SUSPENDED,Prepaid,Annual,Nova Hybrid Plus,Bundle,18000,,1344.0,287,18000,bank transfer,LTE,-999.0,5.0,4.0
CUST02603,SUB02603,PROD002,2348037259641,Customer 2603,,36-45,lagos,South East,Corporate,2023-03-02,SUSPENDED,POSTPAID,ANNUAL,Nova Unlimited Voice,Voice,12000,8935,2617.0,638,,bank transfer,4G,-70.0,0.0,
CUST02604,SUB02604,PROD004,2348087018332,Customer 2604,Female,46-60, Abuja ,South East,,2022-12-28,Active,POSTPAID,Monthly,Nova SME Connect,Business,35000,54408,,363,35000,,3G,,2.0,5.0
CUST02605,SUB02605,PROD002,2348070301774,Customer 2605, f,36-45,Abuja,South South,Standard,2022-09-18,Suspended,Prepaid,Monthly,Nova Unlimited Voice,Voice,12000,45000MB,923.0,32,12000,bank transfer,4G,-999.0,1.0,
CUST02606,SUB02606,PROD004,2348012328121,Customer 2606,Female,18-25,Port Harcourt,South East,STANDARD,2023-05-16,Active,post paid,ANNUAL,Nova SME Connect,Business,35000,45000MB,275.0,56,35000,Card,3G,-75.0,0.0,
CUST02607,SUB02607,PROD005,2348035206984,Customer 2607,Female,60+,lagos,South East,,2022-05-09,Active,post paid,ANNUAL,Nova Starter,Bundle,8000,67636,,448,8000,Bank Transfer,4G,-89.0,1.0,3.0
CUST02608,SUB02608,PROD004,2348012551762,Customer 2608,,,lagos,South West,Basic,2023-08-15,Suspended,Prepaid,Annual,Nova SME Connect,Business,35000,,2969.0,238,35000,Bank Transfer,3G,-999.0,5.0,
CUST02609,SUB02609,PROD005,2348048787089,Customer 2609,Female,46-60,LAGOS,North Central,Standard,2024-11-12,Cancelled,POSTPAID,Monthly,Nova Starter,Bundle,8000,,3627.0,0,,Card,,-69.0,2.0,1.0
CUST02610,SUB02610,PROD005,2348055497181,Customer 2610,female,60+,Port Harcourt,South South,Basic,2021-04-21,cancelled,Postpaid,Monthly,Nova Starter,Bundle,8000,62069,2033.0,701,8000,Cash,,,1.0,2.0
CUST02611,SUB02611,PROD003,2348084290128,Customer 2611,Female,36-45,portharcourt,South East,Premium,2025-10-08,cancelled,prepaid,Monthly,Nova Hybrid Plus,Bundle,18000,,,112,,Card,4g,-999.0,2.0,2.0
CUST02612,SUB02612,PROD005,2348094285415,Customer 2612,M,26-35,lagos,South West,Corporate,2022-10-01,Cancelled,prepaid,Annual,Nova Starter,Bundle,8000,73548,,561,8000,Cash,3G,-999.0,2.0,3.0
CUST02613,SUB02613,PROD002,2348017211512,Customer 2613,Female,26-35,Enugu,North Central,Corporate,2023-05-11,active,Postpaid,Monthly,Nova Unlimited Voice,Voice,12000,45000MB,1161.0,4,,USSD,,,0.0,5.0
CUST02614,SUB02614,PROD004,2348092351022,Customer 2614,Female,36-45, Abuja ,South East,STANDARD,2024-09-26,active,POSTPAID,No contract,Nova SME Connect,Business,35000,,2927.0,411,35000,Cash,3G,,0.0,4.0
CUST02615,SUB02615,PROD001,2348043994714,Customer 2615,Female,, Abuja ,North Central,Basic,2024-09-06,ACTIVE,Postpaid,ANNUAL,Nova Premium 5G,Data,25000,45000MB,3009.0,162,25000,Bank Transfer,LTE,-999.0,5.0,
CUST02616,SUB02616,PROD002,2348021895466,Customer 2616,female,26-35,Ibadan,South West,Basic,2023-08-20,Active,Postpaid,monthly,Nova Unlimited Voice,Voice,12000,45000MB,,67,,CARD,4G,-105.0,2.0,3.0
CUST02617,SUB02617,PROD002,2348048447035,Customer 2617,m ,46-60,Port Harcourt,South South,Standard,2022-06-17,cancelled,Prepaid,Annual,Nova Unlimited Voice,Voice,12000,,3174.0,454,12000,CARD,,,5.0,
CUST02618,SUB02618,PROD004,2348073546192,Customer 2618,,36-45,,North Central,Standard,2021-11-28,Active,POSTPAID,Annual,Nova SME Connect,Business,35000,49962,,430,,Cash,4g,,,4.0
CUST02619,SUB02619,PROD005,2348083612825,Customer 2619,FEMALE,,lagos,South South,Corporate,2025-12-01,Active,Postpaid,No contract,Nova Starter,Bundle,8000,61268,1465.0,132,8000,Bank Transfer,4g,-60.0,2.0,1.0
CUST02620,SUB02620,PROD005,2348067078614, Customer 2620 ,M,60+,Port Harcourt,North Central,Basic,2023-09-28,active,Prepaid,No contract,Nova Starter,Bundle,8000,14010,,50,,,4g,-999.0,5.0,
CUST02621,SUB02621,PROD001,2348034716003,Customer 2621,Male,60+,Kano,North Central,premium ,2023-10-04,cancelled,prepaid,ANNUAL,Nova Premium 5G,Data,25000,51564,2877.0,248,25000,Bank Transfer,LTE,,2.0,4.0
CUST02622,SUB02622,PROD003,2348040332889,Customer 2622,Male,,,North West,,2021-06-15,active,Prepaid,Annual,Nova Hybrid Plus,Bundle,18000,45000MB,1153.0,114,,bank transfer,3G,,5.0,1.0
CUST02623,SUB02623,PROD004,2348062739339,Customer 2623,Female,60+,portharcourt,South East,Premium,2024-08-25,Active,Postpaid,Monthly,Nova SME Connect,Business,35000,19821,,268,,CARD,,,5.0,3.0
CUST02624,SUB02624,PROD001,2348071321184,Customer 2624,FEMALE,60+,Port Harcourt,South South,STANDARD,2023-04-25,SUSPENDED,post paid,ANNUAL,Nova Premium 5G,Data,25000,45000MB,2654.0,646,,Bank Transfer,3G,-999.0,,
CUST02625,SUB02625,PROD001,2348014395524,Customer 2625,Female,26-35,Abuja,North West,STANDARD,18/04/2024,Active,Postpaid,ANNUAL,Nova Premium 5G,Data,25000,,2481.0,35,25000,USSD,5G,,1.0,1.0
CUST02626,SUB02626,PROD001,2348039522857,Customer 2626,Male,46-60,Enugu,South South,Standard,2024-01-24,Cancelled,prepaid,Monthly,Nova Premium 5G,Data,25000,,,362,,Bank Transfer,5G,-96.0,1.0,5.0
CUST02627,SUB02627,PROD001,2348079044005,Customer 2627,,26-35,Enugu,North West,STANDARD,2021-12-16,Suspended,Postpaid,Annual,Nova Premium 5G,Data,25000,45000MB,2417.0,636,,Cash,4g,-999.0,2.0,5.0
CUST02628,SUB02628,PROD003,2348060821922,Customer 2628,m ,18-25,Enugu,North West,Basic,2022-01-20,Actv,POSTPAID,No contract,Nova Hybrid Plus,Bundle,18000,45000MB,,367,18000,Bank Transfer,,-69.0,,1.0
CUST02629,SUB02629,PROD005,2348090750149,Customer 2629,Female,36-45,lagos,North Central,Premium,2021-05-24,Active,post paid,Annual,Nova Starter,Bundle,8000,45000MB,2599.0,531,8000,USSD,5G,-102.0,,5.0
CUST02630,SUB02630,PROD005,2348059274867,Customer 2630,Male,18-25,Lagos,South South,premium ,2024-05-25,Suspended,Postpaid,Annual,Nova Starter,Bundle,8000,74013,,93,8000,bank transfer,,,5.0,1.0
CUST02631,SUB02631,PROD004,2348092848103,Customer 2631,Male,46-60,Port Harcourt,North Central,Premium,2023-05-02,Active,POSTPAID,ANNUAL,Nova SME Connect,Business,35000,19308,2635.0,724,35000,bank transfer,,-999.0,2.0,2.0
CUST02632,SUB02632,PROD003,2348038248648,Customer 2632,m ,60+,Abuja,South West,Premium,2022-03-27,Active,prepaid,Monthly,Nova Hybrid Plus,Bundle,18000,45000MB,,741,18000,,,-999.0,0.0,4.0
CUST02633,SUB02633,PROD003,2348082899547,Customer 2633,FEMALE,46-60,Enugu,South East,Basic,2025-07-27,cancelled,POSTPAID,Monthly,Nova Hybrid Plus,Bundle,18000,16732,,292,18000,CARD,4g,-999.0,5.0,5.0
CUST02634,SUB02634,PROD001,2348022682760,Customer 2634,F,36-45,Ibadan,North Central,premium ,2023-12-04,Active,Prepaid,No contract,Nova Premium 5G,Data,25000,644,3205.0,162,,USSD,4G,,5.0,4.0
CUST02635,SUB02635,PROD001,2348047984430,Customer 2635,Female,,Lagos,South West,,2024-08-25,Active,Prepaid,No contract,Nova Premium 5G,Data,25000,45000MB,1845.0,162,25000,CARD,3G,,0.0,5.0
CUST02636,SUB02636,PROD001,2348099913589,Customer 2636,female,,Lagos,South East,Premium,2024-01-23,cancelled,Postpaid,Monthly,Nova Premium 5G,Data,25000,45000MB,,556,25000,CARD,,,2.0,1.0
CUST02637,SUB02637,PROD004,2348011171289,Customer 2637,Female,60+,Kano,South East,STANDARD,2025-06-24,Cancelled,POSTPAID,ANNUAL,Nova SME Connect,Business,35000,,,507,35000,USSD,4G,-999.0,2.0,
CUST02638,SUB02638,PROD003,2348083086372,Customer 2638,M,46-60,portharcourt,North West,Basic,2021-03-18,cancelled,POSTPAID,Annual,Nova Hybrid Plus,Bundle,18000,45000MB,,458,18000,USSD,4G,-102.0,,1.0
CUST02639,SUB02639,PROD001,2348094486532,Customer 2639,Male,26-35,Abuja,North West,premium ,2022-12-09,cancelled,post paid,No contract,Nova Premium 5G,Data,25000,,,240,,bank transfer,4g,,0.0,4.0
CUST02640,SUB02640,PROD005,2348098953182, Customer 2640 ,Female,36-45,lagos,North Central,STANDARD,2025-06-12,Active,post paid,Monthly,Nova Starter,Bundle,8000,29608,615.0,622,8000,Cash,5G,-110.0,,5.0
CUST02641,SUB02641,PROD004,2348095153027,Customer 2641,Male,, Abuja ,South South,Premium,2022-09-27,Active,prepaid,No contract,Nova SME Connect,Business,35000,46612,596.0,590,,CARD,4G,-999.0,2.0,
CUST02642,SUB02642,PROD003,2348061176523,Customer 2642,,,lagos,North Central,Standard,2022-05-03,Suspended,Prepaid,Annual,Nova Hybrid Plus,Bundle,18000,,,749,18000,CARD,LTE,-999.0,,5.0
CUST02643,SUB02643,PROD004,2348091935464,Customer 2643,Male,60+,Port Harcourt,South South,Premium,2024-07-16,ACTIVE,Prepaid,Annual,Nova SME Connect,Business,35000,2505,,30,,Cash,5G,,1.0,3.0
CUST02644,SUB02644,PROD003,2348021147458,Customer 2644,Male,18-25,,South East,,2021-10-09,Active,post paid,Monthly,Nova Hybrid Plus,Bundle,18000,45000MB,,146,,USSD,5G,-102.0,2.0,1.0
CUST02645,SUB02645,PROD001,2348082989053,Customer 2645,Male,36-45,Port Harcourt,South East,,2023-04-16,Active,POSTPAID,ANNUAL,Nova Premium 5G,Data,25000,22006,2379.0,553,25000,CARD,4g,,5.0,
CUST02646,SUB02646,PROD003,2348044571052,Customer 2646,Male,18-25,LAGOS,South West,Corporate,2021-11-28,Active,prepaid,ANNUAL,Nova Hybrid Plus,Bundle,18000,66240,,508,18000,USSD,,,5.0,2.0
CUST02647,SUB02647,PROD002,2348055077804,Customer 2647,Male,18-25,portharcourt,South South,STANDARD,2024-10-10,Suspended,POSTPAID,ANNUAL,Nova Unlimited Voice,Voice,12000,45000MB,1241.0,130,,USSD,3G,-71.0,1.0,4.0
CUST02648,SUB02648,PROD005,2348036902541,Customer 2648,Male,46-60, Abuja ,North West,Corporate,2025-08-24,Active,post paid,Annual,Nova Starter,Bundle,8000,72743,3881.0,307,8000,CARD,,,2.0,
CUST02649,SUB02649,PROD002,2348067380272,Customer 2649,Male,46-60,LAGOS,North West,Standard,2024-10-11,Active,POSTPAID,Monthly,Nova Unlimited Voice,Voice,12000,,,58,,Bank Transfer,4G,-999.0,2.0,2.0
CUST02650,SUB02650,PROD003,2348038786875,Customer 2650,Male,,Lagos,South East,Corporate,12/05/2022,Active,Postpaid,ANNUAL,Nova Hybrid Plus,Bundle,18000,,1409.0,270,18000,USSD,3G,,2.0,5.0
CUST02651,SUB02651,PROD005,2348014023550,Customer 2651,Male,60+,Abuja,South South,Basic,2021-08-30,Cancelled,post paid,ANNUAL,Nova Starter,Bundle,8000,,3448.0,663,8000,Cash,,-73.0,5.0,2.0
CUST02652,SUB02652,PROD002,2348019901563,Customer 2652,Male,,LAGOS,South West,Premium,2024-07-20,Cancelled,Prepaid,monthly,Nova Unlimited Voice,Voice,12000,,957.0,135,,Card,LTE,-999.0,2.0,1.0
CUST02653,SUB02653,PROD003,2348088761974,Customer 2653,F,60+,Lagos,North Central,premium ,2024-10-16,Active,Postpaid,No contract,Nova Hybrid Plus,Bundle,18000,68331,,292,,Card,3G,,0.0,1.0
CUST02654,SUB02654,PROD005,2348018122018,Customer 2654,m ,26-35,Abuja,South East,Standard,2025-05-17,Active,Postpaid,monthly,Nova Starter,Bundle,8000,45000MB,1720.0,750,,Card,3G,-999.0,1.0,5.0
CUST02655,SUB02655,PROD003,2348055121100,Customer 2655,M,36-45,Port Harcourt,South South,Standard,2023-09-27,cancelled,POSTPAID,ANNUAL,Nova Hybrid Plus,Bundle,18000,,,294,18000,Cash,3G,-72.0,5.0,3.0
CUST02656,SUB02656,PROD003,2348086362911,Customer 2656,male,26-35,Ibadan,South South,Basic,2021-12-01,active,POSTPAID,Annual,Nova Hybrid Plus,Bundle,18000,,1906.0,352,,Card,4g,-999.0,2.0,5.0
CUST02657,SUB02657,PROD005,2348025777586,Customer 2657,Female,60+,Abuja,North Central,STANDARD,2025-03-22,active,post paid,Monthly,Nova Starter,Bundle,8000,26182,1093.0,550,,Cash,LTE,-999.0,1.0,2.0
CUST02658,SUB02658,PROD001,2348025904598,Customer 2658,Male,26-35,Kano,South South,Basic,2021-05-08,Active,post paid,ANNUAL,Nova Premium 5G,Data,25000,995,,194,25000,bank transfer,LTE,-999.0,5.0,1.0
CUST02659,SUB02659,PROD001,2348069259160,Customer 2659,M,,Port Harcourt,South South,Premium,2023-02-20,Suspended,POSTPAID,ANNUAL,Nova Premium 5G,Data,25000,45000MB,,327,,bank transfer,3G,,5.0,4.0
CUST02660,SUB02660,PROD003,2348082387258, Customer 2660 ,M,,Kano,North West,Standard,2023-02-11,Active,Prepaid,No contract,Nova Hybrid Plus,Bundle,18000,62808,2881.0,513,18000,,LTE,-999.0,2.0,
CUST02661,SUB02661,PROD003,2348085448240,Customer 2661,Female,36-45,Lagos,South West,Basic,2022-09-01,Cancelled,prepaid,ANNUAL,Nova Hybrid Plus,Bundle,18000,45000MB,,412,18000,USSD,LTE,-92.0,,3.0
CUST02662,SUB02662,PROD005,2348059537520,Customer 2662,Female,26-35,Port Harcourt,South South,STANDARD,2024-06-02,Cancelled,post paid,ANNUAL,Nova Starter,Bundle,8000,45000MB,,351,8000,Bank Transfer,,,2.0,2.0
CUST02663,SUB02663,PROD003,2348071776152,Customer 2663,Female,18-25,,South East,,2023-09-09,,post paid,ANNUAL,Nova Hybrid Plus,Bundle,18000,45000MB,3597.0,175,18000,CARD,4G,-71.0,0.0,
CUST02664,SUB02664,PROD002,2348068602707,Customer 2664,Male,60+,Port Harcourt,South South,Basic,2021-02-23,Active,post paid,Monthly,Nova Unlimited Voice,Voice,12000,45000MB,,443,12000,Cash,3G,-68.0,1.0,4.0
CUST02665,SUB02665,PROD002,2348098025399,Customer 2665,Female,26-35,LAGOS,North Central,premium ,2021-07-22,active,prepaid,Monthly,Nova Unlimited Voice,Voice,12000,,,338,12000,bank transfer,,,2.0,4.0
CUST02666,SUB02666,PROD005,2348052137619,Customer 2666,M,36-45,Ibadan,North Central,Premium,2021-06-18,Active,POSTPAID,Annual,Nova Starter,Bundle,8000,,,404,8000,Bank Transfer,3G,-999.0,5.0,1.0
CUST02667,SUB02667,PROD005,2348075139651,Customer 2667,F,26-35,Ibadan,South West,Premium,2024-03-19,Active,post paid,Monthly,Nova Starter,Bundle,8000,45000MB,,301,8000,CARD,,-95.0,,3.0
CUST02668,SUB02668,PROD002,2348047055110,Customer 2668,Female,,Abuja,South East,Standard,2025-06-26,,post paid,ANNUAL,Nova Unlimited Voice,Voice,12000,45000MB,956.0,266,,Bank Transfer,3G,-99.0,2.0,1.0
CUST02669,SUB02669,PROD004,2348094018588,Customer 2669,Female,26-35,LAGOS,South East,premium ,2023-04-20,Suspended,post paid,Annual,Nova SME Connect,Business,35000,79903,3844.0,86,,bank transfer,4G,-999.0,2.0,
CUST02670,SUB02670,PROD005,2348064314932,Customer 2670,Male,,Kano,North West,Standard,2024-01-08,active,post paid,monthly,Nova Starter,Bundle,8000,19305,,320,8000,,4G,,1.0,4.0
CUST02671,SUB02671,PROD001,2348039922806,Customer 2671,Female,60+,Kano,South South,Corporate,2025-01-10,Active,prepaid,ANNUAL,Nova Premium 5G,Data,25000,31954,,18,25000,Card,LTE,-90.0,1.0,1.0
CUST02672,SUB02672,PROD002,2348071249586,Customer 2672,Female,36-45,LAGOS,South East,Corporate,2022-10-27,Active,Postpaid,Annual,Nova Unlimited Voice,Voice,12000,,,108,12000,Bank Transfer,3G,-58.0,,3.0
CUST02673,SUB02673,PROD003,2348053537520,Customer 2673,female,,Abuja,South West,,2025-09-14,Active,post paid,No contract,Nova Hybrid Plus,Bundle,18000,1623,,568,18000,USSD,LTE,-999.0,1.0,1.0
CUST02674,SUB02674,PROD001,2348025959682,Customer 2674,Male,26-35,Port Harcourt,North West,premium ,2021-07-28,Active,POSTPAID,Annual,Nova Premium 5G,Data,25000,51686,,34,,USSD,5G,,5.0,2.0
CUST02675,SUB02675,PROD004,2348020912634,Customer 2675,Female,36-45,Abuja,South East,Standard,12/10/2023,Active,post paid,monthly,Nova SME Connect,Business,35000,45000MB,2585.0,750,35000,Card,4g,-92.0,2.0,1.0
CUST02676,SUB02676,PROD003,2348033503171,Customer 2676,F,60+,Enugu,South South,STANDARD,2021-08-25,active,prepaid,Annual,Nova Hybrid Plus,Bundle,18000,,1988.0,352,18000,,5G,-59.0,5.0,3.0
CUST02677,SUB02677,PROD005,2348061551187,Customer 2677,Female,26-35,Lagos,South East,STANDARD,2025-01-22,active,POSTPAID,ANNUAL,Nova Starter,Bundle,8000,10074,,282,8000,USSD,LTE,,,1.0
CUST02678,SUB02678,PROD001,2348022303648,Customer 2678,Male,26-35, Abuja ,South South,premium ,2025-02-25,Suspended,post paid,monthly,Nova Premium 5G,Data,25000,45000MB,,519,25000,Bank Transfer,4g,,,3.0
CUST02679,SUB02679,PROD002,2348078545088,Customer 2679,M,26-35,,South South,Standard,2022-02-24,Active,post paid,No contract,Nova Unlimited Voice,Voice,12000,21582,,737,12000,Card,5G,,,2.0
CUST02680,SUB02680,PROD002,2348077421126, Customer 2680 ,Male,60+,Port Harcourt,South West,STANDARD,2024-01-30,Active,prepaid,ANNUAL,Nova Unlimited Voice,Voice,12000,,,522,12000,CARD,3G,,0.0,5.0
CUST02681,SUB02681,PROD002,2348094958766,Customer 2681,M,26-35,LAGOS,South East,Standard,2024-01-28,cancelled,Postpaid,Annual,Nova Unlimited Voice,Voice,12000,45000MB,,245,12000,Card,4g,-103.0,1.0,3.0
CUST02682,SUB02682,PROD005,2348017355862,Customer 2682,Female,36-45,Ibadan,South South,STANDARD,2025-07-11,cancelled,prepaid,ANNUAL,Nova Starter,Bundle,8000,,705.0,124,,USSD,4G,-999.0,,1.0
CUST02683,SUB02683,PROD003,2348056626532,Customer 2683,m ,,Port Harcourt,South South,,2021-07-12,cancelled,Prepaid,monthly,Nova Hybrid Plus,Bundle,18000,,,207,,bank transfer,LTE,-61.0,0.0,3.0
CUST02684,SUB02684,PROD005,2348037939278,Customer 2684,Unknown,46-60,LAGOS,South West,Corporate,2021-05-03,Cancelled,POSTPAID,Monthly,Nova Starter,Bundle,8000,,180.0,715,,bank transfer,4G,-92.0,2.0,2.0
CUST02685,SUB02685,PROD001,2348096338627,Customer 2685,Female,26-35,Abuja,North West,,2024-09-16,active,POSTPAID,No contract,Nova Premium 5G,Data,25000,24381,,137,25000,Cash,4G,-65.0,5.0,
CUST02686,SUB02686,PROD001,2348067787781,Customer 2686,MALE,60+,Ibadan,North West,Standard,2023-12-20,SUSPENDED,Prepaid,Annual,Nova Premium 5G,Data,25000,,718.0,218,,,4G,-999.0,5.0,1.0
CUST02687,SUB02687,PROD003,2348074388857,Customer 2687,F,36-45,Ibadan,North West,Corporate,2021-05-19,Suspended,Postpaid,monthly,Nova Hybrid Plus,Bundle,18000,,3668.0,550,18000,,LTE,-999.0,,4.0
CUST02688,SUB02688,PROD005,2348038169493,Customer 2688,Female,46-60,Enugu,North West,Standard,2021-02-12,Actv,Prepaid,No contract,Nova Starter,Bundle,8000,45000MB,2279.0,105,8000,CARD,4G,-999.0,0.0,
CUST02689,SUB02689,PROD005,2348045631180,Customer 2689,M,18-25,lagos,North West,STANDARD,2021-08-22,Active,Prepaid,monthly,Nova Starter,Bundle,8000,45000MB,1677.0,47,8000,bank transfer,4G,,5.0,
CUST02690,SUB02690,PROD001,2348094488839,Customer 2690,m ,36-45,,South West,Standard,2022-09-29,active,Prepaid,No contract,Nova Premium 5G,Data,25000,45000MB,,620,25000,Bank Transfer,LTE,-999.0,2.0,1.0
CUST02691,SUB02691,PROD003,2348067276373,Customer 2691,Male,60+,LAGOS,North Central,,2021-03-07,active,post paid,Monthly,Nova Hybrid Plus,Bundle,18000,45000MB,,667,18000,,4g,,2.0,
CUST02692,SUB02692,PROD004,2348019423774,Customer 2692,Female,36-45,Port Harcourt,South East,Basic,2024-09-22,Suspended,POSTPAID,Monthly,Nova SME Connect,Business,35000,45000MB,3160.0,646,35000,CARD,,-999.0,1.0,4.0
CUST02693,SUB02693,PROD004,2348055594100,Customer 2693,,46-60, Abuja ,South East,Basic,2023-04-27,ACTIVE,POSTPAID,No contract,Nova SME Connect,Business,35000,16598,107.0,198,35000,Bank Transfer,4G,-94.0,,1.0
CUST02694,SUB02694,PROD003,2348074330328,Customer 2694,Male,26-35,Kano,South East,Standard,2023-10-25,Suspended,Prepaid,Annual,Nova Hybrid Plus,Bundle,18000,,110.0,89,,Bank Transfer,,,5.0,1.0
CUST02695,SUB02695,PROD005,2348094628989,Customer 2695,,60+,lagos,North Central,,2025-01-25,Active,prepaid,ANNUAL,Nova Starter,Bundle,8000,45000MB,,21,8000,USSD,4G,,2.0,
CUST02696,SUB02696,PROD001,2348039590036,Customer 2696,,26-35,Ibadan,South West,,2023-07-26,,post paid,monthly,Nova Premium 5G,Data,25000,82891,1668.0,525,25000,Cash,4g,,5.0,2.0
CUST02697,SUB02697,PROD005,2348030618519,Customer 2697,F,60+,portharcourt,North Central,,2025-11-11,Actv,POSTPAID,Annual,Nova Starter,Bundle,8000,21232,,260,,,4g,-74.0,0.0,2.0
CUST02698,SUB02698,PROD001,2348058575351,Customer 2698,Female,46-60,LAGOS,South West,Premium,2022-01-15,Active,Prepaid,ANNUAL,Nova Premium 5G,Data,25000,45000MB,,638,25000,bank transfer,4g,,5.0,2.0
CUST02699,SUB02699,PROD001,2348066445440,Customer 2699,M,,Port Harcourt,South West,premium ,2024-06-03,cancelled,Prepaid,No contract,Nova Premium 5G,Data,25000,,,764,,USSD,4G,-105.0,1.0,5.0
CUST02700,SUB02700,PROD004,2348085041883, Customer 2700 ,F,46-60,Kano,North West,Standard,13/06/2021,Suspended,POSTPAID,Monthly,Nova SME Connect,Business,35000,2276,,396,35000,bank transfer,5G,,1.0,2.0
CUST02701,SUB02701,PROD003,2348041678270,Customer 2701,Male,60+,lagos,North Central,Corporate,2021-02-13,Cancelled,Prepaid,monthly,Nova Hybrid Plus,Bundle,18000,45000MB,3011.0,218,18000,Card,4g,,5.0,
CUST02702,SUB02702,PROD005,2348074999750,Customer 2702,Male,26-35,,South West,STANDARD,2023-01-17,Active,POSTPAID,ANNUAL,Nova Starter,Bundle,8000,45000MB,,13,8000,Card,LTE,-59.0,2.0,2.0
CUST02703,SUB02703,PROD005,2348074551789,Customer 2703,M,36-45,,South East,premium ,2025-11-04,active,prepaid,Annual,Nova Starter,Bundle,8000,45000MB,,519,8000,USSD,LTE,,0.0,1.0
CUST02704,SUB02704,PROD005,2348041218014,Customer 2704,Female,26-35,Ibadan,North West,Corporate,2025-02-11,cancelled,prepaid,ANNUAL,Nova Starter,Bundle,8000,45000MB,1879.0,291,,CARD,4g,,0.0,
CUST02705,SUB02705,PROD004,2348026563795,Customer 2705,Male,60+,Lagos,South South,STANDARD,2024-10-23,cancelled,Postpaid,Annual,Nova SME Connect,Business,35000,35654,1365.0,451,35000,Bank Transfer,LTE,-59.0,2.0,5.0
CUST02706,SUB02706,PROD005,2348041469753,Customer 2706,,26-35,Ibadan,South South,Corporate,2024-09-03,Cancelled,post paid,Annual,Nova Starter,Bundle,8000,45000MB,1522.0,718,8000,bank transfer,,-999.0,5.0,3.0
CUST02707,SUB02707,PROD004,2348077454397,Customer 2707,male,18-25,Kano,South West,Premium,2024-06-28,,POSTPAID,Monthly,Nova SME Connect,Business,35000,5084,,420,,,3G,,2.0,2.0
CUST02708,SUB02708,PROD001,2348070417948,Customer 2708,Female,18-25,Kano,North West,Basic,2025-05-21,cancelled,prepaid,Monthly,Nova Premium 5G,Data,25000,,,292,,Bank Transfer,4G,-99.0,5.0,5.0
CUST02709,SUB02709,PROD002,2348091473629,Customer 2709,Unknown,26-35,Port Harcourt,South West,Basic,2022-11-14,cancelled,Prepaid,Annual,Nova Unlimited Voice,Voice,12000,,3899.0,356,12000,USSD,5G,,1.0,1.0
CUST02710,SUB02710,PROD005,2348095684509,Customer 2710,Unknown,, Abuja ,North Central,Corporate,2022-09-12,Suspended,POSTPAID,No contract,Nova Starter,Bundle,8000,,2958.0,8,8000,Card,LTE,,0.0,4.0
CUST02711,SUB02711,PROD001,2348032234301,Customer 2711,Male,36-45,Enugu,South West,premium ,2022-01-15,,Postpaid,Monthly,Nova Premium 5G,Data,25000,45000MB,,91,,Card,LTE,-88.0,5.0,1.0
CUST02712,SUB02712,PROD001,2348081734144,Customer 2712,Male,60+,lagos,North West,Standard,2021-10-17,Active,prepaid,monthly,Nova Premium 5G,Data,25000,38617,,161,,bank transfer,4G,-59.0,2.0,
CUST02713,SUB02713,PROD004,2348064992838,Customer 2713,F,36-45,portharcourt,South South,Premium,2025-01-20,,prepaid,Annual,Nova SME Connect,Business,35000,45000MB,,409,,,4g,,0.0,1.0
CUST02714,SUB02714,PROD002,2348035027631,Customer 2714,female,26-35,Ibadan,South West,premium ,2024-06-20,Cancelled,Prepaid,No contract,Nova Unlimited Voice,Voice,12000,,,232,,Bank Transfer,5G,-999.0,1.0,5.0
CUST02715,SUB02715,PROD002,2348036398687,Customer 2715,m ,36-45,Ibadan,South West,Standard,2022-10-27,SUSPENDED,post paid,Monthly,Nova Unlimited Voice,Voice,12000,,2254.0,528,12000,CARD,3G,,5.0,4.0
CUST02716,SUB02716,PROD005,2348068437971,Customer 2716,Male,60+,Ibadan,North West,premium ,2024-10-29,SUSPENDED,post paid,Monthly,Nova Starter,Bundle,8000,,,261,8000,,4G,-53.0,,1.0
CUST02717,SUB02717,PROD004,2348076926509,Customer 2717,,60+,,South South,Premium,2021-06-22,,POSTPAID,monthly,Nova SME Connect,Business,35000,,776.0,725,35000,,4g,-999.0,1.0,
CUST02718,SUB02718,PROD002,2348030054029,Customer 2718,F,46-60,lagos,South East,Standard,2022-08-16,Suspended,Postpaid,No contract,Nova Unlimited Voice,Voice,12000,30037,,512,12000,,4G,,5.0,2.0
CUST02719,SUB02719,PROD002,2348094672260,Customer 2719,M,26-35,Lagos,North West,Corporate,2023-02-27,active,prepaid,Monthly,Nova Unlimited Voice,Voice,12000,,3359.0,712,12000,CARD,5G,-999.0,0.0,
CUST02720,SUB02720,PROD004,2348089972522, Customer 2720 ,Female,26-35, Abuja ,South East,premium ,2025-05-13,,prepaid,monthly,Nova SME Connect,Business,35000,72723,3867.0,392,35000,CARD,3G,-999.0,5.0,3.0
CUST02721,SUB02721,PROD004,2348097342540,Customer 2721,F,,LAGOS,South South,Premium,2024-12-19,cancelled,post paid,Monthly,Nova SME Connect,Business,35000,45000MB,,772,35000,CARD,,-107.0,0.0,1.0
CUST02722,SUB02722,PROD001,2348033398158,Customer 2722,female,26-35, Abuja ,South South,Standard,2025-05-02,Active,prepaid,ANNUAL,Nova Premium 5G,Data,25000,,545.0,101,25000,CARD,LTE,-999.0,1.0,4.0
CUST02723,SUB02723,PROD002,2348047778924,Customer 2723,,26-35,lagos,North West,Premium,2021-08-21,active,POSTPAID,monthly,Nova Unlimited Voice,Voice,12000,,2856.0,127,12000,Card,5G,-67.0,1.0,1.0
CUST02724,SUB02724,PROD001,2348047475915,Customer 2724,M,46-60,Enugu,South South,Standard,2024-12-25,Suspended,POSTPAID,monthly,Nova Premium 5G,Data,25000,45000MB,,44,,CARD,4g,-999.0,2.0,1.0
CUST02725,SUB02725,PROD004,2348090981174,Customer 2725,Female,36-45,Ibadan,North West,Standard,17/04/2023,,POSTPAID,No contract,Nova SME Connect,Business,35000,87551,,262,35000,USSD,3G,-79.0,2.0,
CUST02726,SUB02726,PROD003,2348034944057,Customer 2726,Male,60+,Port Harcourt,North Central,premium ,2021-07-27,Cancelled,post paid,ANNUAL,Nova Hybrid Plus,Bundle,18000,45000MB,,544,18000,bank transfer,,-77.0,,1.0
CUST02727,SUB02727,PROD001,2348099033182,Customer 2727,Male,18-25,portharcourt,South South,STANDARD,2021-08-24,cancelled,post paid,Monthly,Nova Premium 5G,Data,25000,,3698.0,688,25000,,4g,-60.0,5.0,1.0
CUST02728,SUB02728,PROD003,2348024681173,Customer 2728,Male,26-35, Abuja ,North Central,Corporate,2021-02-08,Suspended,Prepaid,Monthly,Nova Hybrid Plus,Bundle,18000,71314,1491.0,525,18000,CARD,,-999.0,0.0,1.0
CUST02729,SUB02729,PROD004,2348058816394,Customer 2729,Unknown,18-25,Enugu,South South,Basic,2021-01-24,ACTIVE,Postpaid,No contract,Nova SME Connect,Business,35000,45000MB,3757.0,165,,CARD,3G,-999.0,0.0,3.0
CUST02730,SUB02730,PROD001,2348089571530,Customer 2730,Female,36-45,Ibadan,South East,STANDARD,2024-04-03,Suspended,POSTPAID,ANNUAL,Nova Premium 5G,Data,25000,18184,226.0,715,25000,Cash,LTE,-999.0,5.0,2.0
CUST02731,SUB02731,PROD003,2348042621955,Customer 2731,Male,46-60,,North Central,STANDARD,2025-06-22,Actv,prepaid,ANNUAL,Nova Hybrid Plus,Bundle,18000,1459,,668,18000,Cash,4G,,5.0,
CUST02732,SUB02732,PROD001,2348043752730,Customer 2732,Male,18-25, Abuja ,South West,premium ,2025-09-01,Active,post paid,monthly,Nova Premium 5G,Data,25000,,448.0,223,25000,Bank Transfer,LTE,-73.0,1.0,1.0
CUST02733,SUB02733,PROD003,2348062614549,Customer 2733,F,46-60,LAGOS,South East,Corporate,2022-10-20,cancelled,Prepaid,Annual,Nova Hybrid Plus,Bundle,18000,,,520,,Card,4g,,,4.0
CUST02734,SUB02734,PROD001,2348059580145,Customer 2734,Male,36-45,Abuja,South South,premium ,2025-11-23,,Prepaid,Annual,Nova Premium 5G,Data,25000,45000MB,,346,,USSD,3G,,0.0,4.0
CUST02735,SUB02735,PROD003,2348047726354,Customer 2735,Male,18-25,Kano,South East,Basic,2024-03-12,Active,Prepaid,ANNUAL,Nova Hybrid Plus,Bundle,18000,45000MB,2927.0,10,,CARD,5G,,0.0,5.0
CUST02736,SUB02736,PROD001,2348031811134,Customer 2736,F,,portharcourt,South East,STANDARD,2024-09-30,cancelled,Postpaid,Annual,Nova Premium 5G,Data,25000,,,94,25000,USSD,3G,-999.0,0.0,4.0
CUST02737,SUB02737,PROD004,2348048526594,Customer 2737,,18-25,,North Central,,2021-06-30,active,post paid,monthly,Nova SME Connect,Business,35000,45000MB,325.0,216,,CARD,3G,-999.0,2.0,
CUST02738,SUB02738,PROD002,2348051633964,Customer 2738,male,60+,lagos,North West,STANDARD,2021-05-19,Active,prepaid,Monthly,Nova Unlimited Voice,Voice,12000,45000MB,,250,12000,Bank Transfer,LTE,-999.0,1.0,
CUST02739,SUB02739,PROD003,2348088580214,Customer 2739,m ,36-45,Kano,South East,premium ,2021-10-31,Active,post paid,monthly,Nova Hybrid Plus,Bundle,18000,60332,,716,18000,Bank Transfer,,-999.0,5.0,4.0
CUST02740,SUB02740,PROD002,2348025364439, Customer 2740 ,male,18-25,Port Harcourt,North West,,2021-03-01,Suspended,post paid,monthly,Nova Unlimited Voice,Voice,12000,73941,,734,12000,USSD,,-999.0,2.0,4.0
CUST02741,SUB02741,PROD002,2348019787727,Customer 2741,Male,60+,Abuja,South East,Basic,2024-05-12,cancelled,POSTPAID,No contract,Nova Unlimited Voice,Voice,12000,86742,3143.0,139,12000,Card,3G,-999.0,5.0,2.0
CUST02742,SUB02742,PROD003,2348090271199,Customer 2742,Male,46-60,Kano,South West,premium ,2023-04-16,active,POSTPAID,Annual,Nova Hybrid Plus,Bundle,18000,76286,,683,18000,bank transfer,3G,-999.0,1.0,5.0
CUST02743,SUB02743,PROD003,2348015341695,Customer 2743,FEMALE,,portharcourt,South South,Corporate,2021-04-01,active,post paid,Monthly,Nova Hybrid Plus,Bundle,18000,2079,1661.0,529,18000,Card,LTE,-999.0,5.0,5.0
CUST02744,SUB02744,PROD004,2348017972871,Customer 2744,female,36-45,,North West,Premium,2023-08-04,,Prepaid,ANNUAL,Nova SME Connect,Business,35000,45000MB,,542,35000,USSD,LTE,,2.0,4.0
CUST02745,SUB02745,PROD002,2348059771403,Customer 2745,Male,46-60,Abuja,South East,,2023-11-06,Actv,Postpaid,monthly,Nova Unlimited Voice,Voice,12000,,1270.0,15,,Bank Transfer,LTE,,1.0,2.0
CUST02746,SUB02746,PROD002,2348016994991,Customer 2746,Male,18-25,Kano,North Central,Premium,2025-02-16,Active,POSTPAID,Annual,Nova Unlimited Voice,Voice,12000,73204,,372,,Bank Transfer,4g,-999.0,,
CUST02747,SUB02747,PROD005,2348073633253,Customer 2747,Male,18-25,Kano,North West,Premium,2024-10-21,Active,Prepaid,ANNUAL,Nova Starter,Bundle,8000,45000MB,,799,8000,,,-91.0,0.0,4.0
CUST02748,SUB02748,PROD003,2348067428441,Customer 2748,Male,60+,Kano,North Central,,2024-09-16,cancelled,prepaid,Annual,Nova Hybrid Plus,Bundle,18000,45000MB,,334,18000,bank transfer,5G,-108.0,0.0,
CUST02749,SUB02749,PROD003,2348096301763,Customer 2749,M,26-35,Port Harcourt,South East,premium ,2024-04-15,cancelled,Prepaid,No contract,Nova Hybrid Plus,Bundle,18000,49896,,597,18000,Cash,4G,-999.0,2.0,5.0
CUST02750,SUB02750,PROD004,2348030277590,Customer 2750,MALE,,Kano,North West,,16/02/2021,,Prepaid,ANNUAL,Nova SME Connect,Business,35000,29605,,204,,bank transfer,LTE,,1.0,2.0
CUST02751,SUB02751,PROD003,2348014551602,Customer 2751,,26-35, Abuja ,North West,Premium,2021-04-06,Active,POSTPAID,ANNUAL,Nova Hybrid Plus,Bundle,18000,45000MB,1358.0,154,18000,CARD,5G,-80.0,1.0,2.0
CUST02752,SUB02752,PROD002,2348088599963,Customer 2752,Female,46-60,Enugu,North West,premium ,2023-07-02,Actv,POSTPAID,Monthly,Nova Unlimited Voice,Voice,12000,45000MB,2834.0,726,12000,,3G,,0.0,
CUST02753,SUB02753,PROD003,2348089178377,Customer 2753,Female,60+,Ibadan,South East,Corporate,2024-03-01,Active,prepaid,ANNUAL,Nova Hybrid Plus,Bundle,18000,64209,,71,18000,Card,LTE,,2.0,5.0
CUST02754,SUB02754,PROD004,2348028462709,Customer 2754,,26-35,portharcourt,South South,,2023-04-25,active,Prepaid,No contract,Nova SME Connect,Business,35000,30650,3080.0,769,35000,Card,5G,,5.0,2.0
CUST02755,SUB02755,PROD005,2348032124406,Customer 2755,,,Ibadan,North Central,Corporate,2024-08-24,Cancelled,POSTPAID,ANNUAL,Nova Starter,Bundle,8000,,,620,,Card,4G,-999.0,5.0,5.0
CUST02756,SUB02756,PROD003,2348094480038,Customer 2756,Male,,portharcourt,North Central,premium ,2025-09-07,Active,post paid,monthly,Nova Hybrid Plus,Bundle,18000,86910,,6,18000,Bank Transfer,LTE,,5.0,1.0
CUST02757,SUB02757,PROD003,2348034473682,Customer 2757,Male,60+,lagos,North West,premium ,2023-09-20,Active,POSTPAID,monthly,Nova Hybrid Plus,Bundle,18000,,1787.0,766,,Bank Transfer,,,1.0,4.0
CUST02758,SUB02758,PROD004,2348074889143,Customer 2758,,46-60,Port Harcourt,North West,Corporate,2025-10-22,,prepaid,monthly,Nova SME Connect,Business,35000,45000MB,1070.0,429,35000,Cash,5G,-999.0,0.0,4.0
CUST02759,SUB02759,PROD004,2348096902880,Customer 2759,FEMALE,26-35,Abuja,North Central,premium ,2021-07-30,Active,post paid,No contract,Nova SME Connect,Business,35000,41877,2080.0,351,35000,USSD,5G,,,
CUST02760,SUB02760,PROD005,2348016529703, Customer 2760 ,Male,, Abuja ,South South,Premium,2023-01-09,SUSPENDED,Postpaid,monthly,Nova Starter,Bundle,8000,39908,52.0,546,8000,,5G,-999.0,5.0,5.0
CUST02761,SUB02761,PROD005,2348098717371,Customer 2761,female,18-25,Enugu,South South,,2021-11-30,active,POSTPAID,monthly,Nova Starter,Bundle,8000,45000MB,1546.0,513,,Bank Transfer,5G,-73.0,1.0,3.0
CUST02762,SUB02762,PROD001,2348081661000,Customer 2762,Male,18-25, Abuja ,North West,,2025-08-14,active,prepaid,ANNUAL,Nova Premium 5G,Data,25000,45000MB,,478,,Cash,5G,-999.0,,
CUST02763,SUB02763,PROD002,2348033485872,Customer 2763,female,60+, Abuja ,North Central,,2023-08-21,Active,POSTPAID,monthly,Nova Unlimited Voice,Voice,12000,76770,,210,12000,USSD,4g,,5.0,1.0
CUST02764,SUB02764,PROD005,2348064113519,Customer 2764,M,26-35,Kano,South South,,2022-10-10,active,POSTPAID,ANNUAL,Nova Starter,Bundle,8000,45000MB,,644,,USSD,5G,-59.0,1.0,3.0
CUST02765,SUB02765,PROD003,2348039724739,Customer 2765,Female,,Lagos,South South,Standard,2025-09-10,active,Postpaid,No contract,Nova Hybrid Plus,Bundle,18000,88625,,415,18000,,5G,-74.0,0.0,
CUST02766,SUB02766,PROD002,2348042583098,Customer 2766,Male,18-25,Abuja,South South,premium ,2022-07-27,ACTIVE,post paid,No contract,Nova Unlimited Voice,Voice,12000,45000MB,1074.0,419,,Card,,,2.0,4.0
CUST02767,SUB02767,PROD001,2348094820336,Customer 2767,Male,26-35,Abuja,North Central,Basic,2025-05-30,Active,prepaid,Annual,Nova Premium 5G,Data,25000,,1251.0,414,,CARD,4g,-83.0,5.0,
CUST02768,SUB02768,PROD002,2348026386727,Customer 2768,Female,60+,Port Harcourt,North Central,Corporate,2025-02-01,,Postpaid,monthly,Nova Unlimited Voice,Voice,12000,3811,3728.0,576,,CARD,4G,-999.0,0.0,4.0
CUST02769,SUB02769,PROD001,2348066178772,Customer 2769,M,36-45,portharcourt,South East,Basic,2025-04-08,Active,Postpaid,ANNUAL,Nova Premium 5G,Data,25000,,547.0,469,25000,bank transfer,4g,,,3.0
CUST02770,SUB02770,PROD002,2348088659080,Customer 2770,Male,,Port Harcourt,North West,STANDARD,2022-12-02,Suspended,post paid,monthly,Nova Unlimited Voice,Voice,12000,,53.0,338,12000,CARD,,,2.0,5.0
CUST02771,SUB02771,PROD005,2348021485944,Customer 2771,Female,46-60,Abuja,South East,Basic,2021-01-26,Cancelled,POSTPAID,No contract,Nova Starter,Bundle,8000,77185,2956.0,457,8000,CARD,4G,-999.0,,4.0
CUST02772,SUB02772,PROD001,2348058886871,Customer 2772,Male,60+,portharcourt,South East,Premium,2024-07-16,,Prepaid,ANNUAL,Nova Premium 5G,Data,25000,,3505.0,544,25000,Cash,LTE,-109.0,,
CUST02773,SUB02773,PROD003,2348077298976,Customer 2773,Female,,portharcourt,South West,STANDARD,2021-12-10,Cancelled,POSTPAID,monthly,Nova Hybrid Plus,Bundle,18000,12403,,725,,Card,5G,-56.0,,2.0
CUST02774,SUB02774,PROD002,2348028233083,Customer 2774,Female,60+,Port Harcourt,North West,Corporate,2025-03-15,Cancelled,POSTPAID,Monthly,Nova Unlimited Voice,Voice,12000,14205,1911.0,397,,CARD,3G,-999.0,,3.0
CUST02775,SUB02775,PROD001,2348084487076,Customer 2775,Male,26-35,Abuja,South East,,28/04/2021,Cancelled,POSTPAID,No contract,Nova Premium 5G,Data,25000,66593,617.0,692,25000,USSD,LTE,,,1.0
CUST02776,SUB02776,PROD004,2348036887720,Customer 2776,Female,46-60,lagos,South West,Basic,2022-12-15,Active,Postpaid,ANNUAL,Nova SME Connect,Business,35000,,468.0,491,35000,USSD,LTE,-103.0,0.0,
CUST02777,SUB02777,PROD004,2348042752581,Customer 2777,Male,,Enugu,North West,premium ,2021-06-29,active,Postpaid,Monthly,Nova SME Connect,Business,35000,45647,1674.0,780,35000,CARD,3G,-88.0,0.0,2.0
CUST02778,SUB02778,PROD005,2348027540143,Customer 2778,Female,,Kano,South East,Premium,2023-07-06,Actv,prepaid,No contract,Nova Starter,Bundle,8000,,,624,,bank transfer,LTE,-86.0,5.0,5.0
CUST02779,SUB02779,PROD002,2348030645535,Customer 2779,Male,60+,Port Harcourt,South West,premium ,2021-06-23,,post paid,ANNUAL,Nova Unlimited Voice,Voice,12000,45000MB,1614.0,120,12000,Cash,4G,,2.0,3.0
CUST02780,SUB02780,PROD001,2348054077571, Customer 2780 ,Female,46-60,,South East,Premium,2023-05-16,ACTIVE,post paid,Annual,Nova Premium 5G,Data,25000,45000MB,697.0,406,25000,Cash,5G,,2.0,2.0
CUST02781,SUB02781,PROD001,2348032176934,Customer 2781,M,46-60,portharcourt,North West,Corporate,2021-09-06,Cancelled,post paid,monthly,Nova Premium 5G,Data,25000,41740,,477,25000,,LTE,,2.0,
CUST02782,SUB02782,PROD005,2348012954427,Customer 2782,Male,26-35,lagos,North Central,Corporate,2025-03-17,Active,POSTPAID,Monthly,Nova Starter,Bundle,8000,45000MB,,775,8000,,LTE,-999.0,0.0,
CUST02783,SUB02783,PROD004,2348010073366,Customer 2783,Male,26-35,Port Harcourt,South East,Standard,2021-05-19,Actv,Postpaid,ANNUAL,Nova SME Connect,Business,35000,45000MB,,38,35000,Cash,4g,,0.0,1.0
CUST02784,SUB02784,PROD004,2348043900675,Customer 2784,m ,18-25,portharcourt,South East,Premium,2022-05-19,Cancelled,POSTPAID,monthly,Nova SME Connect,Business,35000,45000MB,,65,,,5G,-62.0,0.0,4.0
CUST02785,SUB02785,PROD001,2348070097364,Customer 2785,female,46-60,Lagos,North West,STANDARD,2023-01-18,Actv,Prepaid,Monthly,Nova Premium 5G,Data,25000,45000MB,,154,,Card,5G,-999.0,,
CUST02786,SUB02786,PROD002,2348053600828,Customer 2786,Male,,portharcourt,South West,STANDARD,2024-06-11,SUSPENDED,Prepaid,Monthly,Nova Unlimited Voice,Voice,12000,,,60,12000,bank transfer,3G,-999.0,2.0,4.0
CUST02787,SUB02787,PROD003,2348078467182,Customer 2787,Male,18-25,Lagos,South West,Standard,2023-04-06,Suspended,Prepaid,monthly,Nova Hybrid Plus,Bundle,18000,45000MB,,481,,Card,,-64.0,1.0,3.0
CUST02788,SUB02788,PROD003,2348047971047,Customer 2788,M,36-45,Port Harcourt,South East,premium ,2024-08-24,Suspended,prepaid,ANNUAL,Nova Hybrid Plus,Bundle,18000,68698,3864.0,606,18000,CARD,3G,-77.0,,2.0
CUST02789,SUB02789,PROD001,2348041078660,Customer 2789,Female,18-25,,South South,premium ,2022-08-27,active,POSTPAID,Monthly,Nova Premium 5G,Data,25000,45000MB,3658.0,738,,bank transfer,5G,-69.0,0.0,1.0
CUST02790,SUB02790,PROD005,2348034439977,Customer 2790,Female,18-25,LAGOS,South West,Standard,2023-05-11,Cancelled,post paid,ANNUAL,Nova Starter,Bundle,8000,,2927.0,232,8000,CARD,4g,-51.0,0.0,3.0
CUST02791,SUB02791,PROD001,2348036446279,Customer 2791,Female,36-45,lagos,South South,STANDARD,2024-08-24,cancelled,Postpaid,ANNUAL,Nova Premium 5G,Data,25000,,,588,,Card,3G,-999.0,1.0,1.0
CUST02792,SUB02792,PROD002,2348028328938,Customer 2792,Female,46-60, Abuja ,North West,Corporate,2021-10-08,Cancelled,POSTPAID,No contract,Nova Unlimited Voice,Voice,12000,45000MB,,260,12000,Card,3G,,5.0,2.0
CUST02793,SUB02793,PROD003,2348033209983,Customer 2793,MALE,26-35,Kano,South South,Standard,2021-02-26,active,Postpaid,monthly,Nova Hybrid Plus,Bundle,18000,45000MB,,314,18000,Cash,5G,-60.0,1.0,4.0
CUST02794,SUB02794,PROD004,2348052245535,Customer 2794,M,18-25,Ibadan,North West,,2025-05-21,Active,Postpaid,Monthly,Nova SME Connect,Business,35000,48793,2822.0,645,35000,Bank Transfer,LTE,,1.0,
CUST02795,SUB02795,PROD001,2348049706841,Customer 2795,Female,26-35,Lagos,North West,Basic,2021-09-14,Cancelled,Prepaid,Annual,Nova Premium 5G,Data,25000,,,420,25000,Card,,-89.0,0.0,2.0
CUST02796,SUB02796,PROD004,2348086661946,Customer 2796,,18-25,Enugu,South South,Basic,2025-05-11,cancelled,prepaid,monthly,Nova SME Connect,Business,35000,,,435,35000,bank transfer,5G,-999.0,,3.0
CUST02797,SUB02797,PROD003,2348050584885,Customer 2797,,18-25, Abuja ,South East,STANDARD,2024-06-13,Active,POSTPAID,monthly,Nova Hybrid Plus,Bundle,18000,45000MB,2015.0,298,18000,CARD,,-72.0,5.0,
CUST02798,SUB02798,PROD004,2348080297955,Customer 2798,male,26-35,Abuja,South West,Premium,2021-08-12,active,Prepaid,No contract,Nova SME Connect,Business,35000,62330,,644,35000,bank transfer,,-999.0,2.0,4.0
CUST02799,SUB02799,PROD005,2348034423888,Customer 2799,,26-35,Kano,South East,Standard,2024-10-18,ACTIVE,POSTPAID,ANNUAL,Nova Starter,Bundle,8000,52115,1970.0,272,8000,CARD,4g,,,4.0
CUST02800,SUB02800,PROD001,2348015575996, Customer 2800 ,Female,,Port Harcourt,South South,Standard,28/09/2022,Suspended,Postpaid,No contract,Nova Premium 5G,Data,25000,31137,3766.0,738,25000,bank transfer,3G,-999.0,0.0,1.0
CUST02801,SUB02801,PROD004,2348042493557,Customer 2801,F,26-35,,South South,premium ,2021-09-21,active,post paid,No contract,Nova SME Connect,Business,35000,45000MB,2605.0,246,35000,Card,LTE,-94.0,2.0,5.0
CUST02802,SUB02802,PROD004,2348066987404,Customer 2802,FEMALE,46-60,LAGOS,South South,Corporate,2023-12-17,Cancelled,POSTPAID,monthly,Nova SME Connect,Business,35000,58423,,683,35000,Card,,-81.0,2.0,
CUST02803,SUB02803,PROD004,2348036976842,Customer 2803,Female,60+,Port Harcourt,South West,premium ,2025-03-19,Suspended,Prepaid,No contract,Nova SME Connect,Business,35000,41661,,317,,Card,LTE,-69.0,,2.0
CUST02804,SUB02804,PROD004,2348016451607,Customer 2804,F,60+,LAGOS,North West,Premium,2024-01-09,Active,POSTPAID,No contract,Nova SME Connect,Business,35000,79082,3783.0,25,35000,CARD,LTE,-91.0,5.0,
CUST02805,SUB02805,PROD001,2348074936927,Customer 2805,female,36-45,Ibadan,South East,Standard,2022-07-10,Suspended,Prepaid,No contract,Nova Premium 5G,Data,25000,,2165.0,673,25000,CARD,5G,-999.0,1.0,2.0
CUST02806,SUB02806,PROD001,2348048866597,Customer 2806,male,60+,Enugu,North West,Basic,2022-03-08,Suspended,Prepaid,monthly,Nova Premium 5G,Data,25000,75342,1885.0,255,,CARD,4g,,,
CUST02807,SUB02807,PROD001,2348081669226,Customer 2807,Female,36-45,Port Harcourt,North Central,premium ,2023-06-18,ACTIVE,Postpaid,ANNUAL,Nova Premium 5G,Data,25000,,,188,,Cash,LTE,,2.0,3.0
CUST02808,SUB02808,PROD001,2348057178047,Customer 2808, f,,lagos,South South,Premium,2024-03-03,Actv,POSTPAID,monthly,Nova Premium 5G,Data,25000,,,768,25000,CARD,4G,,,
CUST02809,SUB02809,PROD002,2348074445847,Customer 2809,Female,46-60,Ibadan,North Central,premium ,2025-04-27,SUSPENDED,post paid,No contract,Nova Unlimited Voice,Voice,12000,,2813.0,679,12000,CARD,4G,,1.0,3.0
CUST02810,SUB02810,PROD003,2348042983318,Customer 2810,FEMALE,26-35,lagos,South South,Standard,2025-02-12,SUSPENDED,prepaid,ANNUAL,Nova Hybrid Plus,Bundle,18000,,1244.0,75,18000,USSD,4g,-999.0,2.0,3.0
CUST02811,SUB02811,PROD001,2348027045185,Customer 2811,female,46-60,lagos,South East,STANDARD,2024-02-06,Cancelled,prepaid,ANNUAL,Nova Premium 5G,Data,25000,,,462,25000,,4g,-99.0,1.0,5.0
CUST02812,SUB02812,PROD005,2348083263214,Customer 2812,F,18-25,LAGOS,South South,STANDARD,2021-07-20,Cancelled,Postpaid,Annual,Nova Starter,Bundle,8000,1109,2533.0,299,8000,,4g,,,
CUST02813,SUB02813,PROD003,2348026818950,Customer 2813,female,18-25, Abuja ,South East,,2022-04-27,Suspended,prepaid,ANNUAL,Nova Hybrid Plus,Bundle,18000,35258,2113.0,324,18000,USSD,4G,-81.0,5.0,
CUST02814,SUB02814,PROD002,2348048890275,Customer 2814,FEMALE,60+,lagos,South West,Corporate,2023-05-13,active,POSTPAID,monthly,Nova Unlimited Voice,Voice,12000,45000MB,1919.0,150,12000,Card,5G,-68.0,1.0,2.0
CUST02815,SUB02815,PROD001,2348054392680,Customer 2815,FEMALE,,Enugu,North West,premium ,2023-07-21,Active,Postpaid,ANNUAL,Nova Premium 5G,Data,25000,45000MB,2258.0,445,,bank transfer,,-89.0,,2.0
CUST02816,SUB02816,PROD002,2348021847435,Customer 2816,Male,46-60,Enugu,South West,STANDARD,2021-10-23,Active,prepaid,No contract,Nova Unlimited Voice,Voice,12000,39655,1876.0,98,12000,Cash,4G,-72.0,5.0,3.0
CUST02817,SUB02817,PROD003,2348026902184,Customer 2817,Female,26-35,Ibadan,North Central,Premium,2025-03-06,Active,Postpaid,Annual,Nova Hybrid Plus,Bundle,18000,,,613,18000,CARD,4g,-999.0,,1.0
CUST02818,SUB02818,PROD004,2348053112594,Customer 2818,Male,46-60,Enugu,South West,Premium,2021-06-21,Suspended,post paid,No contract,Nova SME Connect,Business,35000,45000MB,,740,,Cash,3G,,2.0,1.0
CUST02819,SUB02819,PROD002,2348037793572,Customer 2819,Male,18-25,Kano,South West,STANDARD,2023-01-17,Cancelled,Prepaid,monthly,Nova Unlimited Voice,Voice,12000,45000MB,,280,12000,,4g,-83.0,1.0,
CUST02820,SUB02820,PROD001,2348090647510, Customer 2820 ,Male,60+,,South West,,2023-02-23,Active,POSTPAID,monthly,Nova Premium 5G,Data,25000,,1577.0,186,25000,USSD,,,5.0,2.0
CUST02821,SUB02821,PROD005,2348063769618,Customer 2821,Female,18-25, Abuja ,North West,,2022-12-07,Suspended,Postpaid,monthly,Nova Starter,Bundle,8000,45000MB,193.0,430,,Card,4G,,0.0,2.0
CUST02822,SUB02822,PROD003,2348062933217,Customer 2822,Female,,portharcourt,South West,STANDARD,2022-10-01,Active,post paid,ANNUAL,Nova Hybrid Plus,Bundle,18000,45000MB,1923.0,8,18000,Bank Transfer,4G,-999.0,,3.0
CUST02823,SUB02823,PROD001,2348067981631,Customer 2823,F,60+,Enugu,North Central,Basic,2023-12-26,Cancelled,POSTPAID,Monthly,Nova Premium 5G,Data,25000,,3264.0,670,25000,Cash,,-102.0,5.0,2.0
CUST02824,SUB02824,PROD003,2348053513269,Customer 2824,F,18-25,,North Central,Standard,2022-05-12,Suspended,prepaid,No contract,Nova Hybrid Plus,Bundle,18000,,3156.0,240,,Card,5G,-999.0,,
CUST02825,SUB02825,PROD003,2348018873532,Customer 2825,Male,36-45,Lagos,South West,Standard,04/06/2024,,POSTPAID,ANNUAL,Nova Hybrid Plus,Bundle,18000,,262.0,108,18000,Bank Transfer,3G,,,1.0
CUST02826,SUB02826,PROD003,2348026684702,Customer 2826,Female,36-45, Abuja ,South West,STANDARD,2024-12-17,,prepaid,ANNUAL,Nova Hybrid Plus,Bundle,18000,69322,,49,,Cash,3G,-999.0,0.0,2.0
CUST02827,SUB02827,PROD001,2348014697736,Customer 2827,Male,,LAGOS,South West,Basic,2022-07-18,active,post paid,No contract,Nova Premium 5G,Data,25000,,1603.0,452,25000,Cash,LTE,-999.0,,3.0
CUST02828,SUB02828,PROD001,2348012046101,Customer 2828,F,46-60,Port Harcourt,North Central,,2025-11-23,Actv,post paid,Annual,Nova Premium 5G,Data,25000,45000MB,,256,,bank transfer,4g,-999.0,2.0,2.0
CUST02829,SUB02829,PROD004,2348047750414,Customer 2829,F,36-45,,South East,STANDARD,2023-04-22,active,post paid,monthly,Nova SME Connect,Business,35000,,858.0,646,,Card,5G,-999.0,2.0,4.0
CUST02830,SUB02830,PROD004,2348094863241,Customer 2830,Unknown,26-35,lagos,South East,,2022-01-16,cancelled,post paid,ANNUAL,Nova SME Connect,Business,35000,,161.0,291,35000,Bank Transfer,LTE,-91.0,5.0,
CUST02831,SUB02831,PROD002,2348066997219,Customer 2831,Male,,Port Harcourt,South West,,2024-08-30,active,Prepaid,Annual,Nova Unlimited Voice,Voice,12000,3721,2187.0,592,12000,CARD,5G,,1.0,2.0
CUST02832,SUB02832,PROD002,2348071900245,Customer 2832,M,60+,Port Harcourt,South East,Basic,2023-12-12,Active,POSTPAID,ANNUAL,Nova Unlimited Voice,Voice,12000,82220,,293,12000,CARD,5G,,5.0,4.0
CUST02833,SUB02833,PROD003,2348023651100,Customer 2833,male,26-35,,North Central,premium ,2025-08-20,active,prepaid,ANNUAL,Nova Hybrid Plus,Bundle,18000,6241,3052.0,576,18000,,,,1.0,
CUST02834,SUB02834,PROD001,2348014862775,Customer 2834,F,36-45,Abuja,South South,Standard,2021-01-08,Active,Postpaid,No contract,Nova Premium 5G,Data,25000,,171.0,562,25000,CARD,3G,,5.0,1.0
CUST02835,SUB02835,PROD001,2348089791845,Customer 2835,Male,46-60,,North Central,Corporate,2025-09-08,SUSPENDED,post paid,ANNUAL,Nova Premium 5G,Data,25000,82705,,781,,Card,4g,,5.0,5.0
CUST02836,SUB02836,PROD005,2348022086397,Customer 2836,female,26-35,Ibadan,North Central,STANDARD,2021-12-10,Active,Postpaid,ANNUAL,Nova Starter,Bundle,8000,36931,3799.0,154,8000,CARD,4G,-999.0,1.0,1.0
CUST02837,SUB02837,PROD004,2348062401940,Customer 2837,m ,26-35,Enugu,South East,,2021-04-29,active,POSTPAID,Annual,Nova SME Connect,Business,35000,,,799,,USSD,LTE,-999.0,1.0,4.0
CUST02838,SUB02838,PROD003,2348011674607,Customer 2838,female,46-60,LAGOS,North West,STANDARD,2023-09-26,Active,Prepaid,Monthly,Nova Hybrid Plus,Bundle,18000,,2923.0,338,,bank transfer,3G,-96.0,1.0,2.0
CUST02839,SUB02839,PROD003,2348011945197,Customer 2839,female,18-25,Kano,South East,Basic,2025-10-06,,prepaid,ANNUAL,Nova Hybrid Plus,Bundle,18000,,,371,18000,Cash,3G,,,1.0
CUST02840,SUB02840,PROD004,2348024664289, Customer 2840 ,Female,18-25,Port Harcourt,South South,Basic,2024-11-16,Actv,post paid,No contract,Nova SME Connect,Business,35000,87255,,185,35000,,4G,-64.0,2.0,4.0
CUST02841,SUB02841,PROD005,2348093363286,Customer 2841,,46-60,portharcourt,South South,Basic,2025-03-01,,POSTPAID,Annual,Nova Starter,Bundle,8000,45000MB,,218,8000,CARD,5G,-81.0,1.0,2.0
CUST02842,SUB02842,PROD001,2348097693777,Customer 2842,male,18-25,Abuja,South East,,2023-03-12,,post paid,monthly,Nova Premium 5G,Data,25000,,,127,,bank transfer,3G,,0.0,4.0
CUST02843,SUB02843,PROD002,2348098414809,Customer 2843,,, Abuja ,North Central,Basic,2023-11-08,,POSTPAID,monthly,Nova Unlimited Voice,Voice,12000,,3293.0,283,12000,Cash,LTE,-999.0,0.0,1.0
CUST02844,SUB02844,PROD002,2348027577658,Customer 2844,F,60+,Lagos,South East,Corporate,2023-04-15,,POSTPAID,No contract,Nova Unlimited Voice,Voice,12000,45000MB,,392,12000,Card,4g,-999.0,0.0,5.0
CUST02845,SUB02845,PROD001,2348083650470,Customer 2845,female,,LAGOS,North Central,Premium,2024-01-18,ACTIVE,post paid,Monthly,Nova Premium 5G,Data,25000,45000MB,,553,25000,USSD,5G,,2.0,4.0
CUST02846,SUB02846,PROD003,2348067495743,Customer 2846,male,26-35,Lagos,South South,Standard,2024-12-20,Suspended,POSTPAID,Monthly,Nova Hybrid Plus,Bundle,18000,,559.0,573,18000,CARD,5G,-62.0,5.0,3.0
CUST02847,SUB02847,PROD003,2348088082275,Customer 2847,female,18-25,Ibadan,North Central,Standard,2022-08-30,Suspended,prepaid,ANNUAL,Nova Hybrid Plus,Bundle,18000,45000MB,638.0,346,18000,Bank Transfer,5G,,2.0,5.0
CUST02848,SUB02848,PROD003,2348029937090,Customer 2848,M,,Kano,North West,STANDARD,2021-07-19,Cancelled,post paid,No contract,Nova Hybrid Plus,Bundle,18000,55942,,109,18000,,5G,,0.0,5.0
CUST02849,SUB02849,PROD004,2348093333233,Customer 2849,female,60+,Ibadan,South East,STANDARD,2024-08-21,Cancelled,POSTPAID,Monthly,Nova SME Connect,Business,35000,,3202.0,163,,CARD,4g,,,1.0
CUST02850,SUB02850,PROD003,2348033958411,Customer 2850,Female,60+,Lagos,South West,Premium,22/09/2024,active,prepaid,Monthly,Nova Hybrid Plus,Bundle,18000,45000MB,,237,18000,,3G,-92.0,,
CUST02851,SUB02851,PROD005,2348031831195,Customer 2851,,36-45,Lagos,South West,,2024-07-07,Active,Postpaid,Annual,Nova Starter,Bundle,8000,,2787.0,498,8000,USSD,LTE,-59.0,2.0,
CUST02852,SUB02852,PROD005,2348073010027,Customer 2852,Female,36-45,Ibadan,South East,Corporate,2021-01-25,active,prepaid,Annual,Nova Starter,Bundle,8000,45000MB,,226,8000,CARD,,,,1.0
CUST02853,SUB02853,PROD003,2348016598751,Customer 2853,F,36-45,LAGOS,South East,Premium,2022-10-19,Cancelled,prepaid,Annual,Nova Hybrid Plus,Bundle,18000,,,107,,CARD,3G,-999.0,0.0,3.0
CUST02854,SUB02854,PROD005,2348028116218,Customer 2854,Female,26-35,,North Central,Corporate,2025-10-02,SUSPENDED,prepaid,monthly,Nova Starter,Bundle,8000,45000MB,,733,8000,Card,,-60.0,2.0,2.0
CUST02855,SUB02855,PROD004,2348055090250,Customer 2855,,,portharcourt,South South,premium ,2022-06-19,Active,post paid,Monthly,Nova SME Connect,Business,35000,,,165,,bank transfer,,-55.0,,4.0
CUST02856,SUB02856,PROD002,2348088066804,Customer 2856,Male,,,North West,Premium,2024-01-02,Suspended,post paid,Annual,Nova Unlimited Voice,Voice,12000,22103,,781,,bank transfer,LTE,-64.0,1.0,4.0
CUST02857,SUB02857,PROD001,2348097634390,Customer 2857,m ,60+,Ibadan,North Central,Premium,2024-01-14,active,Postpaid,ANNUAL,Nova Premium 5G,Data,25000,4934,2632.0,139,25000,CARD,4G,-71.0,,2.0
CUST02858,SUB02858,PROD005,2348074401633,Customer 2858,Unknown,18-25,Enugu,North Central,Basic,2022-01-30,ACTIVE,post paid,ANNUAL,Nova Starter,Bundle,8000,,,450,,Cash,LTE,,0.0,1.0
CUST02859,SUB02859,PROD001,2348090000139,Customer 2859,Female,60+,Enugu,South South,,2022-04-02,active,POSTPAID,No contract,Nova Premium 5G,Data,25000,7411,924.0,282,,bank transfer,3G,-999.0,1.0,3.0
CUST02860,SUB02860,PROD001,2348073726896, Customer 2860 ,Unknown,60+,portharcourt,South South,,2025-11-06,Active,Postpaid,Annual,Nova Premium 5G,Data,25000,,,105,25000,bank transfer,4G,-999.0,,3.0
CUST02861,SUB02861,PROD005,2348017932293,Customer 2861,Male,26-35,portharcourt,North West,Premium,2022-08-15,cancelled,prepaid,monthly,Nova Starter,Bundle,8000,45000MB,269.0,392,8000,,3G,,2.0,2.0
CUST02862,SUB02862,PROD002,2348095410266,Customer 2862,Male,46-60,Ibadan,South South,,2025-09-13,Active,prepaid,Monthly,Nova Unlimited Voice,Voice,12000,,,124,12000,bank transfer,,-999.0,0.0,3.0
CUST02863,SUB02863,PROD005,2348047597360,Customer 2863,FEMALE,26-35,Ibadan,North Central,,2024-06-02,Active,prepaid,Annual,Nova Starter,Bundle,8000,45000MB,710.0,288,8000,Bank Transfer,4g,-68.0,2.0,1.0
CUST02864,SUB02864,PROD005,2348054220432,Customer 2864,Male,46-60,Port Harcourt,North West,Standard,2021-06-15,Active,Prepaid,monthly,Nova Starter,Bundle,8000,45000MB,2131.0,382,,,3G,,,4.0
CUST02865,SUB02865,PROD003,2348075260529,Customer 2865,M,18-25,Kano,South West,Premium,2021-05-29,,POSTPAID,No contract,Nova Hybrid Plus,Bundle,18000,45000MB,835.0,606,,Card,4G,-999.0,5.0,4.0
CUST02866,SUB02866,PROD001,2348076272090,Customer 2866,M,36-45,Kano,South East,,2023-11-29,active,prepaid,monthly,Nova Premium 5G,Data,25000,45000MB,1449.0,433,25000,Card,4g,,2.0,
CUST02867,SUB02867,PROD003,2348057738249,Customer 2867,Female,36-45,Lagos,South East,Premium,2021-08-17,active,POSTPAID,monthly,Nova Hybrid Plus,Bundle,18000,,,487,18000,Bank Transfer,4G,-999.0,5.0,
CUST02868,SUB02868,PROD001,2348048247367,Customer 2868,FEMALE,,Enugu,South South,,2021-03-24,Active,post paid,Monthly,Nova Premium 5G,Data,25000,45000MB,3717.0,185,,bank transfer,3G,,,4.0
CUST02869,SUB02869,PROD003,2348052965479,Customer 2869,Female,26-35,Lagos,South South,Premium,2022-04-06,,post paid,Monthly,Nova Hybrid Plus,Bundle,18000,45000MB,1767.0,712,18000,bank transfer,4g,-999.0,5.0,2.0
CUST02870,SUB02870,PROD001,2348022551488,Customer 2870,F,60+,Ibadan,South East,Premium,2021-03-25,cancelled,post paid,monthly,Nova Premium 5G,Data,25000,,1337.0,662,25000,CARD,LTE,-999.0,,5.0
CUST02871,SUB02871,PROD001,2348025830741,Customer 2871,Female,18-25,Port Harcourt,South West,Basic,2023-03-27,Actv,POSTPAID,monthly,Nova Premium 5G,Data,25000,,2032.0,413,25000,Cash,5G,-999.0,5.0,
CUST02872,SUB02872,PROD001,2348027809549,Customer 2872,Male,18-25,LAGOS,South South,Standard,2021-09-10,Active,prepaid,monthly,Nova Premium 5G,Data,25000,45000MB,1589.0,145,25000,Card,LTE,,0.0,4.0
CUST02873,SUB02873,PROD003,2348059116127,Customer 2873,F,46-60, Abuja ,South West,Premium,2025-03-24,Active,Postpaid,No contract,Nova Hybrid Plus,Bundle,18000,45000MB,,7,,CARD,5G,-999.0,0.0,4.0
CUST02874,SUB02874,PROD001,2348046562397,Customer 2874,Male,26-35, Abuja ,South West,premium ,2023-04-30,Active,Prepaid,No contract,Nova Premium 5G,Data,25000,,1257.0,143,,bank transfer,LTE,-999.0,,4.0
CUST02875,SUB02875,PROD002,2348053177085,Customer 2875,M,,LAGOS,North Central,Premium,31/10/2024,Cancelled,Postpaid,Annual,Nova Unlimited Voice,Voice,12000,1671,2636.0,573,12000,Cash,LTE,-999.0,5.0,4.0
CUST02876,SUB02876,PROD001,2348086048285,Customer 2876,Female,18-25,Lagos,North West,,2022-10-25,active,Postpaid,Monthly,Nova Premium 5G,Data,25000,49781,546.0,290,,bank transfer,3G,-84.0,1.0,2.0
CUST02877,SUB02877,PROD004,2348037017671,Customer 2877,male,26-35,LAGOS,North Central,Corporate,2025-04-10,Active,post paid,Monthly,Nova SME Connect,Business,35000,,3321.0,510,35000,,5G,-90.0,1.0,3.0
CUST02878,SUB02878,PROD004,2348018185145,Customer 2878,female,18-25, Abuja ,North Central,premium ,2023-08-05,,Postpaid,No contract,Nova SME Connect,Business,35000,,,729,,Bank Transfer,3G,,5.0,1.0
CUST02879,SUB02879,PROD004,2348072320496,Customer 2879,F,,Abuja,South South,STANDARD,2023-09-30,SUSPENDED,POSTPAID,Annual,Nova SME Connect,Business,35000,45000MB,2534.0,241,35000,CARD,4g,-56.0,5.0,2.0
CUST02880,SUB02880,PROD004,2348080294614, Customer 2880 ,Female,,portharcourt,South East,Corporate,2025-11-24,Actv,Prepaid,Monthly,Nova SME Connect,Business,35000,45000MB,460.0,550,,,,-87.0,,5.0
CUST02881,SUB02881,PROD003,2348042466672,Customer 2881,male,18-25,portharcourt,South South,Corporate,2022-06-27,Suspended,Prepaid,No contract,Nova Hybrid Plus,Bundle,18000,45000MB,421.0,733,18000,USSD,3G,-999.0,5.0,4.0
CUST02882,SUB02882,PROD005,2348062276335,Customer 2882,Male,46-60,Abuja,South East,premium ,2025-03-11,Active,post paid,No contract,Nova Starter,Bundle,8000,45000MB,1498.0,162,,Bank Transfer,3G,,1.0,1.0
CUST02883,SUB02883,PROD003,2348098308793,Customer 2883,M,18-25,Kano,South East,Standard,2023-01-01,cancelled,prepaid,No contract,Nova Hybrid Plus,Bundle,18000,45000MB,,468,,,,-999.0,1.0,4.0
CUST02884,SUB02884,PROD004,2348099283253,Customer 2884,male,,Lagos,South South,Corporate,2025-06-04,Cancelled,POSTPAID,monthly,Nova SME Connect,Business,35000,45000MB,,435,35000,Card,4G,,,2.0
CUST02885,SUB02885,PROD005,2348048230634,Customer 2885,Male,18-25,Kano,South South,Standard,2025-03-16,Active,POSTPAID,monthly,Nova Starter,Bundle,8000,45000MB,,102,8000,CARD,3G,,0.0,5.0
CUST02886,SUB02886,PROD005,2348031273279,Customer 2886,F,26-35,Port Harcourt,North West,Corporate,2021-06-09,Active,post paid,Annual,Nova Starter,Bundle,8000,,2302.0,669,,Cash,4G,,1.0,5.0
CUST02887,SUB02887,PROD004,2348068690360,Customer 2887,Female,46-60,LAGOS,South South,Corporate,2023-05-06,cancelled,Postpaid,No contract,Nova SME Connect,Business,35000,45000MB,,649,,bank transfer,,-100.0,,1.0
CUST02888,SUB02888,PROD003,2348093178277,Customer 2888,Male,36-45, Abuja ,North West,STANDARD,2022-07-31,Active,POSTPAID,Monthly,Nova Hybrid Plus,Bundle,18000,18482,,342,18000,USSD,,,5.0,
CUST02889,SUB02889,PROD005,2348090819009,Customer 2889,Unknown,60+,portharcourt,South South,premium ,2021-08-03,Active,Postpaid,No contract,Nova Starter,Bundle,8000,45000MB,,60,8000,CARD,5G,-999.0,,
CUST02890,SUB02890,PROD001,2348016139191,Customer 2890,Female,60+,Ibadan,North West,Corporate,2024-10-26,Actv,Postpaid,Monthly,Nova Premium 5G,Data,25000,45000MB,,399,25000,,,,1.0,
CUST02891,SUB02891,PROD003,2348087328814,Customer 2891,Unknown,18-25,LAGOS,North West,,2024-03-02,Cancelled,POSTPAID,monthly,Nova Hybrid Plus,Bundle,18000,733,2479.0,596,18000,Card,,-999.0,2.0,
CUST02892,SUB02892,PROD004,2348059129261,Customer 2892,Female,60+, Abuja ,South South,premium ,2025-03-30,cancelled,Prepaid,Annual,Nova SME Connect,Business,35000,45000MB,,159,,Cash,4G,-999.0,2.0,2.0
CUST02893,SUB02893,PROD001,2348067421875,Customer 2893,male,46-60,,South South,premium ,2022-02-18,Active,prepaid,Monthly,Nova Premium 5G,Data,25000,,,148,25000,bank transfer,4g,,2.0,4.0
CUST02894,SUB02894,PROD003,2348088877076,Customer 2894,Male,46-60,,South East,premium ,2023-08-16,ACTIVE,post paid,Monthly,Nova Hybrid Plus,Bundle,18000,45000MB,,546,,Bank Transfer,LTE,-75.0,5.0,3.0
CUST02895,SUB02895,PROD004,2348043042019,Customer 2895,Male,36-45,Kano,North Central,Standard,2022-03-22,active,prepaid,monthly,Nova SME Connect,Business,35000,,,798,35000,USSD,5G,-999.0,,
CUST02896,SUB02896,PROD002,2348053015739,Customer 2896,Female,26-35,Enugu,North Central,Standard,2024-09-07,cancelled,prepaid,Monthly,Nova Unlimited Voice,Voice,12000,,2937.0,340,12000,,LTE,,1.0,4.0
CUST02897,SUB02897,PROD001,2348049015161,Customer 2897,M,60+,Kano,North Central,Premium,2022-08-09,Active,POSTPAID,Monthly,Nova Premium 5G,Data,25000,45000MB,,415,,USSD,5G,,0.0,1.0
CUST02898,SUB02898,PROD005,2348016521322,Customer 2898,Female,36-45,Lagos,South West,Corporate,2021-01-12,cancelled,Postpaid,No contract,Nova Starter,Bundle,8000,73483,2895.0,539,8000,Cash,4g,-999.0,0.0,2.0
CUST02899,SUB02899,PROD004,2348074227318,Customer 2899,Male,18-25,Kano,South South,premium ,2021-05-23,,Prepaid,ANNUAL,Nova SME Connect,Business,35000,45000MB,,625,,,3G,-999.0,2.0,1.0
CUST02900,SUB02900,PROD002,2348015991554, Customer 2900 ,Male,60+,LAGOS,North Central,premium ,19/01/2022,,post paid,Monthly,Nova Unlimited Voice,Voice,12000,45000MB,112.0,221,12000,CARD,4g,-999.0,2.0,2.0
CUST02901,SUB02901,PROD002,2348062819902,Customer 2901,Female,26-35,Lagos,North Central,premium ,2022-12-02,cancelled,post paid,Monthly,Nova Unlimited Voice,Voice,12000,,,354,12000,,3G,-999.0,1.0,2.0
CUST02902,SUB02902,PROD004,2348033259106,Customer 2902,Female,46-60,Kano,North West,,2024-11-25,Cancelled,POSTPAID,Annual,Nova SME Connect,Business,35000,48814,1292.0,23,,Card,LTE,-999.0,,1.0
CUST02903,SUB02903,PROD001,2348069606543,Customer 2903,Male,26-35,Lagos,South West,premium ,2025-03-26,Suspended,Prepaid,ANNUAL,Nova Premium 5G,Data,25000,51049,2273.0,353,,Cash,4g,-999.0,1.0,2.0
CUST02904,SUB02904,PROD001,2348030661536,Customer 2904,,36-45,,South West,STANDARD,2025-06-11,,prepaid,ANNUAL,Nova Premium 5G,Data,25000,35524,1459.0,403,,,3G,-93.0,2.0,3.0
CUST02905,SUB02905,PROD002,2348078802014,Customer 2905,MALE,18-25, Abuja ,South South,Standard,2023-12-22,,Prepaid,Annual,Nova Unlimited Voice,Voice,12000,64542,,202,12000,,3G,-87.0,0.0,2.0
CUST02906,SUB02906,PROD004,2348049826368,Customer 2906,Male,26-35,Abuja,South East,Basic,2022-10-10,Suspended,post paid,Monthly,Nova SME Connect,Business,35000,,,683,35000,CARD,4G,-54.0,5.0,2.0
CUST02907,SUB02907,PROD001,2348063468632,Customer 2907,,26-35, Abuja ,South East,Corporate,2023-04-03,Active,post paid,Monthly,Nova Premium 5G,Data,25000,45000MB,2540.0,646,25000,Cash,LTE,,,3.0
CUST02908,SUB02908,PROD003,2348093831353,Customer 2908,,26-35,Enugu,South West,,2024-05-08,Suspended,POSTPAID,monthly,Nova Hybrid Plus,Bundle,18000,25167,132.0,269,18000,Card,3G,-93.0,,
CUST02909,SUB02909,PROD003,2348048150364,Customer 2909,Female,46-60,LAGOS,South East,premium ,2025-07-31,SUSPENDED,Prepaid,No contract,Nova Hybrid Plus,Bundle,18000,31923,473.0,39,,bank transfer,,,1.0,3.0
CUST02910,SUB02910,PROD005,2348091511209,Customer 2910,male,18-25,Ibadan,South South,Premium,2024-08-24,cancelled,POSTPAID,Annual,Nova Starter,Bundle,8000,,,346,8000,Bank Transfer,5G,,0.0,
CUST02911,SUB02911,PROD003,2348040557096,Customer 2911,Female,46-60,,South South,Standard,2021-09-27,Active,POSTPAID,monthly,Nova Hybrid Plus,Bundle,18000,45000MB,,114,18000,Bank Transfer,,,1.0,5.0
CUST02912,SUB02912,PROD002,2348015071702,Customer 2912,,46-60,Ibadan,North West,STANDARD,2022-03-10,cancelled,Prepaid,Annual,Nova Unlimited Voice,Voice,12000,45000MB,2024.0,608,,,,-999.0,2.0,1.0
CUST02913,SUB02913,PROD005,2348094542806,Customer 2913, f,26-35,Port Harcourt,North West,STANDARD,2023-12-02,Active,prepaid,Monthly,Nova Starter,Bundle,8000,,,535,8000,bank transfer,5G,,5.0,3.0
CUST02914,SUB02914,PROD003,2348059874844,Customer 2914,Male,, Abuja ,North Central,STANDARD,2025-05-17,ACTIVE,post paid,No contract,Nova Hybrid Plus,Bundle,18000,45000MB,3742.0,117,18000,CARD,3G,-999.0,5.0,5.0
CUST02915,SUB02915,PROD003,2348083503368,Customer 2915,male,26-35,Kano,South East,,2025-07-10,Active,post paid,ANNUAL,Nova Hybrid Plus,Bundle,18000,48714,682.0,514,18000,Bank Transfer,LTE,-999.0,5.0,3.0
CUST02916,SUB02916,PROD003,2348084012963,Customer 2916,Female,26-35,Enugu,South South,Corporate,2022-03-31,SUSPENDED,POSTPAID,Annual,Nova Hybrid Plus,Bundle,18000,45000MB,,580,,CARD,4G,,5.0,3.0
CUST02917,SUB02917,PROD005,2348095324158,Customer 2917,,36-45,Enugu,North West,Basic,2025-08-22,Suspended,Prepaid,Annual,Nova Starter,Bundle,8000,45000MB,,166,8000,Cash,4g,-999.0,5.0,3.0
CUST02918,SUB02918,PROD005,2348094393134,Customer 2918,Male,18-25,LAGOS,North Central,Premium,2021-01-13,active,POSTPAID,No contract,Nova Starter,Bundle,8000,45000MB,,303,8000,,4g,,1.0,5.0
CUST02919,SUB02919,PROD004,2348025380673,Customer 2919,Male,46-60,Lagos,North Central,premium ,2023-06-16,,POSTPAID,No contract,Nova SME Connect,Business,35000,76391,,79,,bank transfer,4g,,2.0,3.0
CUST02920,SUB02920,PROD003,2348087560127, Customer 2920 ,Female,,Abuja,South South,Premium,2021-11-26,active,prepaid,monthly,Nova Hybrid Plus,Bundle,18000,45000MB,3196.0,792,18000,CARD,4g,,2.0,4.0
CUST02921,SUB02921,PROD002,2348068894868,Customer 2921,M,26-35,Port Harcourt,North West,STANDARD,2022-07-13,active,prepaid,monthly,Nova Unlimited Voice,Voice,12000,45000MB,,422,12000,bank transfer,3G,-66.0,,2.0
CUST02922,SUB02922,PROD004,2348079306280,Customer 2922,FEMALE,18-25,LAGOS,South East,Premium,2025-09-10,Actv,prepaid,monthly,Nova SME Connect,Business,35000,71404,,643,35000,Card,3G,-999.0,2.0,1.0
CUST02923,SUB02923,PROD004,2348025418780,Customer 2923,Male,18-25,portharcourt,North West,premium ,2021-03-30,cancelled,POSTPAID,monthly,Nova SME Connect,Business,35000,66337,178.0,716,,CARD,LTE,-999.0,0.0,1.0
CUST02924,SUB02924,PROD003,2348071534419,Customer 2924,M,60+,Kano,North Central,,2022-12-30,,prepaid,monthly,Nova Hybrid Plus,Bundle,18000,45000MB,,699,18000,Cash,5G,-999.0,1.0,2.0
CUST02925,SUB02925,PROD004,2348013898360,Customer 2925,M,36-45,LAGOS,South South,STANDARD,27/10/2025,ACTIVE,Postpaid,Monthly,Nova SME Connect,Business,35000,,1204.0,119,,Bank Transfer,5G,-95.0,,5.0
CUST02926,SUB02926,PROD002,2348045452177,Customer 2926,M,18-25,Port Harcourt,South East,Premium,2025-08-23,Active,Postpaid,Annual,Nova Unlimited Voice,Voice,12000,42993,2859.0,4,,Card,,-86.0,5.0,3.0
CUST02927,SUB02927,PROD001,2348068795314,Customer 2927,male,46-60,portharcourt,North Central,,2021-06-17,active,Prepaid,ANNUAL,Nova Premium 5G,Data,25000,,,606,,Bank Transfer,4g,-999.0,0.0,1.0
CUST02928,SUB02928,PROD002,2348044642015,Customer 2928,MALE,18-25,Ibadan,South South,STANDARD,2025-04-30,Suspended,post paid,No contract,Nova Unlimited Voice,Voice,12000,79231,183.0,565,12000,USSD,5G,-87.0,2.0,5.0
CUST02929,SUB02929,PROD003,2348013775070,Customer 2929,Female,,Kano,South West,Basic,2022-05-03,Active,Postpaid,Monthly,Nova Hybrid Plus,Bundle,18000,,,652,,Bank Transfer,4G,,5.0,2.0
CUST02930,SUB02930,PROD005,2348079022243,Customer 2930,M,,Enugu,North West,premium ,2023-11-21,active,Postpaid,Monthly,Nova Starter,Bundle,8000,,,194,8000,USSD,4g,-999.0,1.0,5.0
CUST02931,SUB02931,PROD003,2348044633553,Customer 2931,male,,Lagos,North Central,Premium,2022-11-30,,POSTPAID,ANNUAL,Nova Hybrid Plus,Bundle,18000,32861,2138.0,736,,Cash,LTE,-999.0,2.0,4.0
CUST02932,SUB02932,PROD003,2348012259633,Customer 2932,Female,46-60,LAGOS,South West,,2022-04-22,Active,post paid,monthly,Nova Hybrid Plus,Bundle,18000,,2362.0,260,18000,,4g,,1.0,5.0
CUST02933,SUB02933,PROD002,2348013703038,Customer 2933,FEMALE,18-25,,South East,Standard,2025-08-03,,prepaid,ANNUAL,Nova Unlimited Voice,Voice,12000,,,792,12000,Card,5G,-999.0,,4.0
CUST02934,SUB02934,PROD004,2348035208957,Customer 2934,Female,36-45,Enugu,South South,,2022-05-14,Cancelled,Prepaid,No contract,Nova SME Connect,Business,35000,84154,1759.0,434,35000,Bank Transfer,5G,-999.0,2.0,5.0
CUST02935,SUB02935,PROD004,2348010915763,Customer 2935,M,60+,lagos,South East,,2025-04-14,active,POSTPAID,No contract,Nova SME Connect,Business,35000,,,522,,,4G,,1.0,
CUST02936,SUB02936,PROD002,2348023279116,Customer 2936,Female,36-45,Lagos,North West,Basic,2025-04-10,,post paid,Annual,Nova Unlimited Voice,Voice,12000,45000MB,1939.0,49,,CARD,4G,-999.0,2.0,2.0
CUST02937,SUB02937,PROD005,2348017350113,Customer 2937, f,,Enugu,South West,premium ,2022-10-23,,POSTPAID,monthly,Nova Starter,Bundle,8000,,,223,,Card,,,5.0,3.0
CUST02938,SUB02938,PROD005,2348047146146,Customer 2938,male,60+,Kano,South East,,2025-09-12,active,prepaid,No contract,Nova Starter,Bundle,8000,60309,,573,8000,,,-999.0,5.0,4.0
CUST02939,SUB02939,PROD004,2348026694609,Customer 2939,Male,18-25,Kano,South West,Corporate,2023-11-02,SUSPENDED,post paid,ANNUAL,Nova SME Connect,Business,35000,47338,3254.0,782,35000,bank transfer,3G,-999.0,2.0,1.0
CUST02940,SUB02940,PROD003,2348010427177, Customer 2940 ,male,26-35,,North Central,,2021-09-21,Cancelled,Postpaid,monthly,Nova Hybrid Plus,Bundle,18000,45000MB,,624,18000,CARD,,-999.0,1.0,1.0
CUST02941,SUB02941,PROD003,2348033592412,Customer 2941,Unknown,26-35,Enugu,North Central,,2023-04-21,Active,Prepaid,No contract,Nova Hybrid Plus,Bundle,18000,45000MB,,65,18000,,4g,-999.0,2.0,5.0
CUST02942,SUB02942,PROD002,2348069287411,Customer 2942,,60+,portharcourt,North West,Basic,2023-07-10,ACTIVE,post paid,ANNUAL,Nova Unlimited Voice,Voice,12000,45000MB,,40,12000,,LTE,-999.0,5.0,
CUST02943,SUB02943,PROD004,2348063352826,Customer 2943,,46-60,Enugu,South East,STANDARD,2023-01-25,active,Postpaid,monthly,Nova SME Connect,Business,35000,,,58,35000,Cash,3G,-106.0,0.0,5.0
CUST02944,SUB02944,PROD005,2348078220201,Customer 2944,Male,36-45, Abuja ,North West,,2021-02-26,Active,Postpaid,ANNUAL,Nova Starter,Bundle,8000,68577,,154,,Bank Transfer,4g,-62.0,5.0,
CUST02945,SUB02945,PROD005,2348087344765,Customer 2945,Male,60+,Lagos,North Central,,2024-12-24,,prepaid,monthly,Nova Starter,Bundle,8000,50705,,156,,CARD,4g,-109.0,,4.0
CUST02946,SUB02946,PROD005,2348054803997,Customer 2946,Male,,lagos,South East,Corporate,2025-03-13,active,Postpaid,No contract,Nova Starter,Bundle,8000,45000MB,2437.0,531,8000,Bank Transfer,4G,,0.0,
CUST02947,SUB02947,PROD002,2348086779138,Customer 2947,Female,46-60,LAGOS,North Central,Premium,2023-07-13,Active,POSTPAID,monthly,Nova Unlimited Voice,Voice,12000,41798,2112.0,513,12000,Bank Transfer,4G,-999.0,2.0,4.0
CUST02948,SUB02948,PROD002,2348026448442,Customer 2948,Female,46-60,Abuja,North Central,Basic,2024-08-23,Active,Prepaid,monthly,Nova Unlimited Voice,Voice,12000,45000MB,3345.0,171,,USSD,3G,-999.0,,2.0
CUST02949,SUB02949,PROD002,2348095655353,Customer 2949,Female,,Abuja,South West,STANDARD,2021-01-04,Suspended,POSTPAID,No contract,Nova Unlimited Voice,Voice,12000,45000MB,1741.0,194,12000,Cash,LTE,-87.0,2.0,
CUST02950,SUB02950,PROD005,2348018977845,Customer 2950,Female,18-25, Abuja ,South South,Basic,22/04/2023,cancelled,POSTPAID,No contract,Nova Starter,Bundle,8000,45000MB,,681,,Card,3G,-80.0,0.0,1.0
CUST02951,SUB02951,PROD001,2348037654510,Customer 2951,female,60+,Abuja,North Central,STANDARD,2021-12-14,Actv,Prepaid,monthly,Nova Premium 5G,Data,25000,,21.0,41,25000,CARD,4g,,1.0,2.0
CUST02952,SUB02952,PROD001,2348079506692,Customer 2952,M,,Abuja,South East,premium ,2025-01-10,ACTIVE,post paid,monthly,Nova Premium 5G,Data,25000,,,347,,Bank Transfer,,,,
CUST02953,SUB02953,PROD005,2348060456834,Customer 2953,Male,36-45,Lagos,South South,premium ,2021-06-13,cancelled,post paid,Annual,Nova Starter,Bundle,8000,88995,,553,8000,CARD,4G,,5.0,4.0
CUST02954,SUB02954,PROD002,2348062332374,Customer 2954,Male,60+,Lagos,South East,Premium,2021-04-07,Active,Prepaid,monthly,Nova Unlimited Voice,Voice,12000,45000MB,,778,,,5G,-79.0,2.0,2.0
CUST02955,SUB02955,PROD001,2348090013900,Customer 2955,Male,60+,Abuja,South East,Premium,2024-10-31,SUSPENDED,POSTPAID,ANNUAL,Nova Premium 5G,Data,25000,45000MB,2745.0,459,25000,Cash,5G,-63.0,1.0,4.0
CUST02956,SUB02956,PROD005,2348099186538,Customer 2956,m ,26-35,Port Harcourt,South South,STANDARD,2025-07-11,cancelled,Postpaid,monthly,Nova Starter,Bundle,8000,45000MB,2636.0,723,,Card,,-82.0,2.0,4.0
CUST02957,SUB02957,PROD001,2348086296591,Customer 2957,Male,26-35,Abuja,North West,Basic,2023-01-17,Active,Postpaid,Annual,Nova Premium 5G,Data,25000,45000MB,3072.0,137,25000,,3G,-999.0,,4.0
CUST02958,SUB02958,PROD001,2348039616895,Customer 2958,Female,46-60,LAGOS,South East,Premium,2023-06-12,Suspended,prepaid,ANNUAL,Nova Premium 5G,Data,25000,45000MB,1203.0,686,,,5G,,0.0,3.0
CUST02959,SUB02959,PROD003,2348035921882,Customer 2959,m ,46-60,portharcourt,North Central,Basic,2023-01-08,Suspended,prepaid,Monthly,Nova Hybrid Plus,Bundle,18000,45000MB,,553,,USSD,,-82.0,1.0,4.0
CUST02960,SUB02960,PROD002,2348089929608, Customer 2960 ,Female,,lagos,North West,Corporate,2021-10-15,cancelled,post paid,Monthly,Nova Unlimited Voice,Voice,12000,,,798,,bank transfer,4g,-99.0,1.0,3.0
CUST02961,SUB02961,PROD005,2348022016191,Customer 2961,Female,36-45,Abuja,South South,Corporate,2025-11-04,Actv,prepaid,Monthly,Nova Starter,Bundle,8000,45000MB,,780,,,4g,,,3.0
CUST02962,SUB02962,PROD004,2348055752198,Customer 2962,female,26-35,Port Harcourt,North Central,Basic,2021-03-14,Actv,post paid,Annual,Nova SME Connect,Business,35000,45000MB,,490,,,,,1.0,
CUST02963,SUB02963,PROD001,2348091202681,Customer 2963, f,46-60,,South West,Basic,2021-01-03,Actv,Postpaid,monthly,Nova Premium 5G,Data,25000,,,514,25000,USSD,3G,-999.0,5.0,3.0
CUST02964,SUB02964,PROD002,2348024417432,Customer 2964,M,,portharcourt,South East,,2025-02-23,active,Postpaid,No contract,Nova Unlimited Voice,Voice,12000,5900,1716.0,657,,bank transfer,4g,-999.0,5.0,1.0
CUST02965,SUB02965,PROD002,2348027967528,Customer 2965,F,46-60,portharcourt,South South,premium ,2024-09-22,Suspended,Prepaid,monthly,Nova Unlimited Voice,Voice,12000,16202,,668,12000,bank transfer,5G,-103.0,2.0,2.0
CUST02966,SUB02966,PROD001,2348045302098,Customer 2966,F,60+,,South South,Premium,2021-03-09,,post paid,ANNUAL,Nova Premium 5G,Data,25000,55161,,129,,bank transfer,,-79.0,,2.0
CUST02967,SUB02967,PROD001,2348010653800,Customer 2967,Unknown,26-35,Port Harcourt,South West,Standard,2023-03-29,cancelled,prepaid,Monthly,Nova Premium 5G,Data,25000,,1860.0,272,25000,CARD,LTE,,1.0,1.0
CUST02968,SUB02968,PROD005,2348045915621,Customer 2968,,26-35, Abuja ,South South,Corporate,2024-11-17,cancelled,Postpaid,monthly,Nova Starter,Bundle,8000,45000MB,,114,,CARD,4g,,0.0,1.0
CUST02969,SUB02969,PROD005,2348028788950,Customer 2969,Female,26-35,,North West,Corporate,2022-02-06,Cancelled,Prepaid,monthly,Nova Starter,Bundle,8000,,,737,8000,Bank Transfer,4G,,1.0,
CUST02970,SUB02970,PROD005,2348087736334,Customer 2970, f,46-60,,North West,Basic,2023-06-26,active,post paid,ANNUAL,Nova Starter,Bundle,8000,,,393,8000,Bank Transfer,4g,,1.0,2.0
CUST02971,SUB02971,PROD001,2348080309201,Customer 2971,Female,18-25, Abuja ,North Central,Corporate,2022-05-10,Active,prepaid,ANNUAL,Nova Premium 5G,Data,25000,75287,,141,25000,bank transfer,4g,,,4.0
CUST02972,SUB02972,PROD005,2348064526766,Customer 2972,m ,26-35,LAGOS,North Central,Basic,2022-05-23,Cancelled,Postpaid,No contract,Nova Starter,Bundle,8000,86410,,312,8000,Cash,,-999.0,5.0,1.0
CUST02973,SUB02973,PROD005,2348015956426,Customer 2973,,,lagos,North West,Corporate,2023-12-09,Active,POSTPAID,No contract,Nova Starter,Bundle,8000,45000MB,2566.0,587,,USSD,3G,,2.0,4.0
CUST02974,SUB02974,PROD005,2348028107522,Customer 2974,Male,26-35,Kano,South West,Corporate,2022-04-23,active,Postpaid,Annual,Nova Starter,Bundle,8000,,2724.0,766,8000,CARD,,,,
CUST02975,SUB02975,PROD003,2348075490862,Customer 2975,Male,18-25,Lagos,North Central,Standard,04/03/2024,Suspended,prepaid,No contract,Nova Hybrid Plus,Bundle,18000,45000MB,709.0,791,18000,bank transfer,4g,-66.0,5.0,
CUST02976,SUB02976,PROD001,2348060596728,Customer 2976,Male,36-45,lagos,South South,STANDARD,2024-04-28,active,POSTPAID,monthly,Nova Premium 5G,Data,25000,41490,3625.0,34,25000,CARD,,-91.0,2.0,4.0
CUST02977,SUB02977,PROD005,2348018711778,Customer 2977,M,60+,Ibadan,South South,,2022-08-05,Active,prepaid,Annual,Nova Starter,Bundle,8000,28408,,260,,CARD,4g,-999.0,2.0,
CUST02978,SUB02978,PROD003,2348059497607,Customer 2978,Female,46-60,Enugu,South West,STANDARD,2024-01-24,Actv,prepaid,No contract,Nova Hybrid Plus,Bundle,18000,,,569,18000,Bank Transfer,4G,-999.0,1.0,1.0
CUST02979,SUB02979,PROD001,2348013997992,Customer 2979,Male,60+,Port Harcourt,North Central,Premium,2024-02-25,cancelled,prepaid,ANNUAL,Nova Premium 5G,Data,25000,45000MB,3293.0,410,25000,,4G,-999.0,2.0,2.0
CUST02980,SUB02980,PROD003,2348020087471, Customer 2980 ,,,Lagos,North West,Corporate,2025-08-24,,Prepaid,Annual,Nova Hybrid Plus,Bundle,18000,28400,212.0,546,18000,Bank Transfer,,-56.0,5.0,
CUST02981,SUB02981,PROD002,2348035318552,Customer 2981,F,26-35,Ibadan,South East,Standard,2023-07-17,Actv,POSTPAID,Annual,Nova Unlimited Voice,Voice,12000,,1045.0,181,,Cash,5G,-63.0,2.0,
CUST02982,SUB02982,PROD002,2348023648692,Customer 2982,Male,36-45,Abuja,South East,Premium,2025-01-04,Cancelled,POSTPAID,No contract,Nova Unlimited Voice,Voice,12000,60720,2856.0,760,12000,Card,3G,,,2.0
CUST02983,SUB02983,PROD002,2348056769332,Customer 2983,Female,46-60,Lagos,North West,premium ,2021-03-31,Actv,Prepaid,Annual,Nova Unlimited Voice,Voice,12000,12999,454.0,639,12000,bank transfer,3G,-95.0,1.0,5.0
CUST02984,SUB02984,PROD004,2348022077026,Customer 2984,Female,46-60,Kano,South East,STANDARD,2021-02-23,Actv,POSTPAID,ANNUAL,Nova SME Connect,Business,35000,,,37,,,,-61.0,2.0,3.0
CUST02985,SUB02985,PROD001,2348040113875,Customer 2985,male,18-25,portharcourt,South East,Basic,2024-03-28,Active,POSTPAID,monthly,Nova Premium 5G,Data,25000,,,455,25000,Cash,5G,,0.0,3.0
CUST02986,SUB02986,PROD005,2348073670335,Customer 2986,female,18-25,Enugu,South South,Corporate,2021-10-13,SUSPENDED,Postpaid,No contract,Nova Starter,Bundle,8000,,3995.0,140,8000,Cash,3G,-72.0,,
CUST02987,SUB02987,PROD005,2348095483037,Customer 2987,female,26-35,Enugu,South South,Corporate,2021-09-07,Active,Postpaid,monthly,Nova Starter,Bundle,8000,10018,,200,8000,Bank Transfer,3G,-999.0,,
CUST02988,SUB02988,PROD004,2348015825533,Customer 2988,Female,36-45,Port Harcourt,North West,Corporate,2023-02-13,Suspended,Prepaid,monthly,Nova SME Connect,Business,35000,8766,,20,35000,,4g,-73.0,5.0,3.0
CUST02989,SUB02989,PROD004,2348014494078,Customer 2989,Female,60+,portharcourt,South South,Premium,2025-07-13,active,post paid,ANNUAL,Nova SME Connect,Business,35000,81350,2777.0,569,,Bank Transfer,5G,,0.0,2.0
CUST02990,SUB02990,PROD003,2348080291170,Customer 2990,Female,,Kano,South South,Premium,2021-08-10,SUSPENDED,prepaid,monthly,Nova Hybrid Plus,Bundle,18000,45000MB,,546,,Cash,4g,-999.0,0.0,5.0
CUST02991,SUB02991,PROD004,2348084199102,Customer 2991,Unknown,18-25,portharcourt,North West,premium ,2022-02-05,,Prepaid,No contract,Nova SME Connect,Business,35000,45000MB,,565,35000,Card,3G,-999.0,2.0,3.0
CUST02992,SUB02992,PROD001,2348052062144,Customer 2992,Female,, Abuja ,North West,,2021-06-23,Actv,Prepaid,Annual,Nova Premium 5G,Data,25000,45000MB,,242,,Cash,4g,,,4.0
CUST02993,SUB02993,PROD002,2348095806854,Customer 2993,Female,46-60,,South South,premium ,2022-06-07,active,post paid,ANNUAL,Nova Unlimited Voice,Voice,12000,,,8,,Bank Transfer,3G,-53.0,1.0,2.0
CUST02994,SUB02994,PROD002,2348053136681,Customer 2994,Female,46-60,Kano,North West,Basic,2024-01-21,active,POSTPAID,Annual,Nova Unlimited Voice,Voice,12000,,521.0,37,,Card,3G,,,1.0
CUST02995,SUB02995,PROD004,2348092326785,Customer 2995,M,46-60,,South South,STANDARD,2022-10-11,cancelled,Prepaid,ANNUAL,Nova SME Connect,Business,35000,2259,1882.0,156,35000,Card,3G,,2.0,2.0
CUST02996,SUB02996,PROD004,2348017152410,Customer 2996,Female,,LAGOS,South East,Basic,2023-08-29,Cancelled,Postpaid,Monthly,Nova SME Connect,Business,35000,68658,,489,,,3G,-999.0,,5.0
CUST02997,SUB02997,PROD001,2348083428714,Customer 2997,female,26-35,LAGOS,South East,Premium,2021-03-30,active,Prepaid,Annual,Nova Premium 5G,Data,25000,44675,,730,25000,Cash,4G,,2.0,
CUST02998,SUB02998,PROD003,2348089195857,Customer 2998,Female,60+,Port Harcourt,South East,,2022-07-17,Suspended,POSTPAID,No contract,Nova Hybrid Plus,Bundle,18000,,1653.0,484,18000,Cash,,-999.0,0.0,5.0
CUST02999,SUB02999,PROD003,2348089939868,Customer 2999,Female,26-35,Port Harcourt,South East,Premium,2024-07-20,,prepaid,Annual,Nova Hybrid Plus,Bundle,18000,45000MB,,493,18000,,4G,-999.0,1.0,1.0
CUST03000,SUB03000,PROD001,2348087325444, Customer 3000 ,Male,18-25, Abuja ,South East,Premium,11/10/2023,cancelled,post paid,monthly,Nova Premium 5G,Data,25000,,,384,,Card,3G,-86.0,2.0,3.0
CUST03001,SUB03001,PROD001,2348027350515,Customer 3001,Male,, Abuja ,South West,Corporate,2024-06-26,Cancelled,Postpaid,ANNUAL,Nova Premium 5G,Data,25000,,,433,25000,,4G,,0.0,
CUST03002,SUB03002,PROD001,2348032836148,Customer 3002,Male,36-45, Abuja ,South East,,2025-05-22,cancelled,POSTPAID,Annual,Nova Premium 5G,Data,25000,,,84,25000,Bank Transfer,3G,-98.0,0.0,3.0
CUST03003,SUB03003,PROD003,2348070354255,Customer 3003,Male,26-35,LAGOS,North Central,STANDARD,2023-06-03,cancelled,Postpaid,Annual,Nova Hybrid Plus,Bundle,18000,,,112,18000,bank transfer,4G,-109.0,5.0,1.0
CUST03004,SUB03004,PROD002,2348098272136,Customer 3004,F,46-60,Abuja,North Central,Standard,2021-07-07,Active,Prepaid,Monthly,Nova Unlimited Voice,Voice,12000,,1950.0,607,12000,Cash,3G,-89.0,5.0,2.0
CUST03005,SUB03005,PROD001,2348026149718,Customer 3005,Female,46-60,Lagos,North West,Corporate,2022-08-05,cancelled,Prepaid,No contract,Nova Premium 5G,Data,25000,33111,,128,25000,USSD,3G,-999.0,2.0,4.0
CUST03006,SUB03006,PROD004,2348057245579,Customer 3006,Male,,,South West,STANDARD,2021-11-04,active,Postpaid,ANNUAL,Nova SME Connect,Business,35000,45000MB,,664,35000,bank transfer,LTE,-999.0,5.0,5.0
CUST03007,SUB03007,PROD004,2348012951786,Customer 3007,F,46-60,Port Harcourt,North Central,Corporate,2023-05-24,Cancelled,Prepaid,ANNUAL,Nova SME Connect,Business,35000,,3241.0,62,35000,Bank Transfer,3G,,0.0,1.0
CUST03008,SUB03008,PROD005,2348073350026,Customer 3008,,,Lagos,South East,STANDARD,2022-04-04,Active,Postpaid,monthly,Nova Starter,Bundle,8000,,3989.0,346,,USSD,3G,-82.0,2.0,1.0
CUST03009,SUB03009,PROD001,2348090757800,Customer 3009,m ,60+,Abuja,South West,Standard,2023-01-08,cancelled,Prepaid,ANNUAL,Nova Premium 5G,Data,25000,35372,3540.0,133,25000,USSD,,,0.0,
CUST03010,SUB03010,PROD005,2348094686121,Customer 3010,,60+,lagos,South West,Basic,2024-03-24,active,prepaid,Annual,Nova Starter,Bundle,8000,45000MB,3552.0,97,8000,Bank Transfer,LTE,,1.0,3.0
CUST03011,SUB03011,PROD004,2348015488383,Customer 3011,F,,Enugu,South South,Basic,2023-08-05,Active,POSTPAID,ANNUAL,Nova SME Connect,Business,35000,58562,858.0,88,35000,Cash,4G,-52.0,1.0,
CUST03012,SUB03012,PROD003,2348011310017,Customer 3012,Female,36-45,Enugu,South West,,2023-05-22,,Postpaid,Annual,Nova Hybrid Plus,Bundle,18000,45000MB,3563.0,372,18000,bank transfer,,,2.0,
CUST03013,SUB03013,PROD005,2348068195925,Customer 3013,Female,26-35, Abuja ,North West,Premium,2023-01-13,,Postpaid,Annual,Nova Starter,Bundle,8000,53966,,427,8000,Cash,5G,,1.0,5.0
CUST03014,SUB03014,PROD004,2348080455606,Customer 3014,m ,18-25,Port Harcourt,South East,Standard,2024-11-25,Suspended,POSTPAID,Monthly,Nova SME Connect,Business,35000,32511,,270,35000,Bank Transfer,3G,,1.0,1.0
CUST03015,SUB03015,PROD002,2348053261771,Customer 3015,Female,18-25,Ibadan,North West,Basic,2022-12-01,,post paid,Annual,Nova Unlimited Voice,Voice,12000,63585,,140,12000,CARD,,-72.0,5.0,5.0
CUST03016,SUB03016,PROD002,2348040095370,Customer 3016,Male,18-25,Port Harcourt,North Central,Standard,2021-10-24,Actv,post paid,ANNUAL,Nova Unlimited Voice,Voice,12000,45000MB,,582,,Bank Transfer,5G,-83.0,1.0,3.0
CUST03017,SUB03017,PROD001,2348038743531,Customer 3017,Male,46-60,Enugu,South East,Basic,2021-08-21,Suspended,Postpaid,Monthly,Nova Premium 5G,Data,25000,,,576,,Cash,4g,-999.0,2.0,2.0
CUST03018,SUB03018,PROD004,2348052574307,Customer 3018,Male,36-45,Abuja,North Central,premium ,2021-08-04,SUSPENDED,Prepaid,monthly,Nova SME Connect,Business,35000,,1039.0,168,,bank transfer,4G,-999.0,2.0,
CUST03019,SUB03019,PROD003,2348043463934,Customer 3019,M,26-35,Kano,North Central,Premium,2021-02-16,Suspended,prepaid,monthly,Nova Hybrid Plus,Bundle,18000,8400,,657,,Card,LTE,,2.0,1.0
CUST03020,SUB03020,PROD004,2348049531858, Customer 3020 ,Female,46-60,lagos,South South,Corporate,2021-11-16,active,Prepaid,monthly,Nova SME Connect,Business,35000,,2724.0,225,35000,,4g,-104.0,5.0,
CUST03021,SUB03021,PROD001,2348021567804,Customer 3021,Male,60+,portharcourt,South South,Corporate,2022-06-23,Cancelled,post paid,Annual,Nova Premium 5G,Data,25000,45000MB,1502.0,647,25000,bank transfer,,-60.0,0.0,4.0
CUST03022,SUB03022,PROD003,2348077062597,Customer 3022,M,60+,Ibadan,South East,STANDARD,2021-07-24,SUSPENDED,POSTPAID,ANNUAL,Nova Hybrid Plus,Bundle,18000,20883,346.0,255,18000,Card,3G,,5.0,1.0
CUST03023,SUB03023,PROD004,2348048237810,Customer 3023,MALE,18-25,Kano,North Central,,2021-10-14,Active,prepaid,Annual,Nova SME Connect,Business,35000,45000MB,,655,35000,Bank Transfer,5G,-108.0,5.0,
CUST03024,SUB03024,PROD004,2348045617097,Customer 3024,Female,60+,Abuja,North West,STANDARD,2025-06-12,Active,post paid,No contract,Nova SME Connect,Business,35000,45000MB,721.0,460,35000,Cash,4G,-84.0,2.0,4.0
CUST03025,SUB03025,PROD002,2348065389387,Customer 3025,M,60+,Abuja,North Central,Premium,22/09/2022,active,Prepaid,Monthly,Nova Unlimited Voice,Voice,12000,,3184.0,542,12000,,4G,-999.0,,4.0
CUST03026,SUB03026,PROD005,2348038553198,Customer 3026,Male,46-60,portharcourt,South West,Corporate,2022-03-18,,Postpaid,No contract,Nova Starter,Bundle,8000,45000MB,2776.0,537,,Card,LTE,,0.0,
CUST03027,SUB03027,PROD001,2348024440422,Customer 3027,Female,18-25,Ibadan,South West,premium ,2023-08-11,,POSTPAID,No contract,Nova Premium 5G,Data,25000,45000MB,2696.0,123,,bank transfer,4g,,2.0,4.0
CUST03028,SUB03028,PROD001,2348088416227,Customer 3028,Female,,portharcourt,North Central,Standard,2024-05-27,Active,post paid,monthly,Nova Premium 5G,Data,25000,,,372,25000,USSD,5G,,5.0,2.0
CUST03029,SUB03029,PROD005,2348088914067,Customer 3029,Male,36-45,LAGOS,South West,,2024-12-14,Active,Postpaid,ANNUAL,Nova Starter,Bundle,8000,78112,1629.0,560,8000,CARD,5G,-105.0,,1.0
CUST03030,SUB03030,PROD005,2348012450077,Customer 3030,Female,46-60, Abuja ,North West,Basic,2024-06-08,cancelled,prepaid,Monthly,Nova Starter,Bundle,8000,45193,2244.0,466,,CARD,4G,-59.0,5.0,5.0
CUST03031,SUB03031,PROD001,2348041706924,Customer 3031,Male,46-60,Lagos,South West,STANDARD,2024-12-23,SUSPENDED,post paid,monthly,Nova Premium 5G,Data,25000,10324,3550.0,602,,bank transfer,,,,
CUST03032,SUB03032,PROD001,2348056386320,Customer 3032,M,26-35,Abuja,South South,Basic,2021-01-22,Actv,Prepaid,No contract,Nova Premium 5G,Data,25000,45000MB,,781,25000,Card,5G,-999.0,2.0,5.0
CUST03033,SUB03033,PROD005,2348061068716,Customer 3033,female,46-60,portharcourt,South West,premium ,2023-03-10,ACTIVE,POSTPAID,monthly,Nova Starter,Bundle,8000,45000MB,,664,8000,USSD,4G,,5.0,3.0
CUST03034,SUB03034,PROD005,2348049889932,Customer 3034,Female,26-35,lagos,North Central,Corporate,2023-12-29,cancelled,prepaid,monthly,Nova Starter,Bundle,8000,45000MB,774.0,76,8000,USSD,4G,-71.0,,
CUST03035,SUB03035,PROD002,2348077943121,Customer 3035,Male,,LAGOS,South East,Corporate,2023-06-24,Cancelled,Postpaid,ANNUAL,Nova Unlimited Voice,Voice,12000,58490,,56,12000,Cash,5G,-999.0,2.0,3.0
CUST03036,SUB03036,PROD001,2348073052521,Customer 3036,,46-60,Lagos,South South,Standard,2022-04-26,SUSPENDED,prepaid,No contract,Nova Premium 5G,Data,25000,45000MB,1107.0,622,,bank transfer,3G,-999.0,2.0,4.0
CUST03037,SUB03037,PROD001,2348085620987,Customer 3037,Male,18-25, Abuja ,South West,Corporate,2024-01-09,Actv,prepaid,Monthly,Nova Premium 5G,Data,25000,20469,,327,,,4G,,1.0,
CUST03038,SUB03038,PROD002,2348092393447,Customer 3038,m ,18-25, Abuja ,South East,Basic,2023-02-02,ACTIVE,prepaid,No contract,Nova Unlimited Voice,Voice,12000,60225,,757,12000,bank transfer,3G,-74.0,5.0,
CUST03039,SUB03039,PROD005,2348065716106,Customer 3039,F,60+,Ibadan,North West,,2021-10-08,Suspended,prepaid,monthly,Nova Starter,Bundle,8000,45000MB,3640.0,199,,CARD,LTE,,1.0,4.0
CUST03040,SUB03040,PROD001,2348097977243, Customer 3040 , f,26-35,lagos,South East,Standard,2022-02-14,Active,prepaid,ANNUAL,Nova Premium 5G,Data,25000,45000MB,,144,25000,Cash,4g,-999.0,,5.0
CUST03041,SUB03041,PROD002,2348060804725,Customer 3041,Female,,Enugu,South West,Premium,2023-05-01,Active,post paid,monthly,Nova Unlimited Voice,Voice,12000,84631,1704.0,461,12000,USSD,,-999.0,0.0,2.0
CUST03042,SUB03042,PROD005,2348077784760,Customer 3042,male,18-25,Abuja,South South,,2021-04-27,Active,Prepaid,No contract,Nova Starter,Bundle,8000,,3757.0,178,8000,Card,5G,-999.0,2.0,2.0
CUST03043,SUB03043,PROD002,2348090350639,Customer 3043,,60+,LAGOS,South East,,2022-02-23,Active,Postpaid,Annual,Nova Unlimited Voice,Voice,12000,,,662,12000,CARD,5G,,0.0,3.0
CUST03044,SUB03044,PROD001,2348035065065,Customer 3044,M,,Enugu,South East,Basic,2025-10-05,Active,post paid,Annual,Nova Premium 5G,Data,25000,45000MB,1864.0,104,,Cash,LTE,-86.0,,2.0
CUST03045,SUB03045,PROD003,2348094754697,Customer 3045,MALE,36-45, Abuja ,South South,premium ,2024-05-20,Active,Postpaid,No contract,Nova Hybrid Plus,Bundle,18000,45000MB,196.0,234,18000,Card,3G,,1.0,4.0
CUST03046,SUB03046,PROD003,2348061493455,Customer 3046,Female,36-45,lagos,North Central,,2025-11-20,Cancelled,Prepaid,No contract,Nova Hybrid Plus,Bundle,18000,,1836.0,164,,bank transfer,,-89.0,,
CUST03047,SUB03047,PROD004,2348088746884,Customer 3047,Female,18-25,,South West,STANDARD,2023-01-26,Actv,Postpaid,ANNUAL,Nova SME Connect,Business,35000,,,725,35000,bank transfer,3G,,2.0,3.0
CUST03048,SUB03048,PROD003,2348030343176,Customer 3048,male,36-45,Abuja,North Central,premium ,2025-11-16,Actv,post paid,ANNUAL,Nova Hybrid Plus,Bundle,18000,,1656.0,86,18000,USSD,4G,-74.0,5.0,1.0
CUST03049,SUB03049,PROD001,2348014340958,Customer 3049,MALE,36-45,,North West,,2024-01-03,Actv,POSTPAID,Monthly,Nova Premium 5G,Data,25000,,,675,,Bank Transfer,5G,-999.0,1.0,2.0
CUST03050,SUB03050,PROD001,2348085685999,Customer 3050,Female,,LAGOS,South South,,21/05/2021,Cancelled,prepaid,ANNUAL,Nova Premium 5G,Data,25000,55734,3897.0,532,25000,USSD,4G,,1.0,
CUST03051,SUB03051,PROD002,2348058499014,Customer 3051,Male,26-35,Enugu,South East,Corporate,2025-06-27,active,Postpaid,Monthly,Nova Unlimited Voice,Voice,12000,,1742.0,739,12000,CARD,,-999.0,2.0,1.0
CUST03052,SUB03052,PROD005,2348058504682,Customer 3052,Female,,Kano,South East,Premium,2021-02-17,active,Postpaid,Monthly,Nova Starter,Bundle,8000,77937,1538.0,313,8000,Cash,5G,-107.0,5.0,4.0
CUST03053,SUB03053,PROD002,2348019913509,Customer 3053,Female,,Lagos,North West,,2021-12-05,SUSPENDED,prepaid,No contract,Nova Unlimited Voice,Voice,12000,,,96,12000,USSD,LTE,-999.0,5.0,2.0
CUST03054,SUB03054,PROD004,2348032408272,Customer 3054,male,36-45,Abuja,North West,Standard,2025-10-03,Active,POSTPAID,monthly,Nova SME Connect,Business,35000,45000MB,,543,,CARD,4g,,1.0,
CUST03055,SUB03055,PROD005,2348010024025,Customer 3055,Female,,Port Harcourt,North Central,Basic,2023-04-10,Active,post paid,Annual,Nova Starter,Bundle,8000,45000MB,,384,8000,bank transfer,5G,,0.0,3.0
CUST03056,SUB03056,PROD004,2348049527919,Customer 3056, f,36-45,Kano,North West,,2025-02-01,active,post paid,ANNUAL,Nova SME Connect,Business,35000,43819,,661,35000,bank transfer,5G,-999.0,5.0,1.0
CUST03057,SUB03057,PROD001,2348019289789,Customer 3057,Male,26-35,Ibadan,North West,Standard,2025-07-28,Suspended,Prepaid,No contract,Nova Premium 5G,Data,25000,,2004.0,605,25000,bank transfer,3G,-103.0,,2.0
CUST03058,SUB03058,PROD001,2348014561418,Customer 3058,female,,Ibadan,South West,Standard,2022-09-02,Active,prepaid,Monthly,Nova Premium 5G,Data,25000,74496,2498.0,442,25000,Card,,-999.0,2.0,
CUST03059,SUB03059,PROD004,2348018854510,Customer 3059,Male,,portharcourt,North West,STANDARD,2023-07-07,Suspended,Postpaid,Annual,Nova SME Connect,Business,35000,,,189,,CARD,5G,-999.0,,2.0
CUST03060,SUB03060,PROD004,2348011222289, Customer 3060 ,Male,60+,Abuja,South East,Corporate,2025-08-19,Suspended,Postpaid,ANNUAL,Nova SME Connect,Business,35000,,,620,35000,bank transfer,LTE,-65.0,0.0,5.0
CUST03061,SUB03061,PROD004,2348064038687,Customer 3061,m ,26-35,Abuja,South West,Corporate,2024-12-12,Actv,post paid,ANNUAL,Nova SME Connect,Business,35000,18965,1927.0,736,35000,Cash,5G,,,
CUST03062,SUB03062,PROD004,2348040306679,Customer 3062,Male,,lagos,North West,Premium,2025-07-04,cancelled,POSTPAID,ANNUAL,Nova SME Connect,Business,35000,73210,1033.0,697,,Card,,,,5.0
CUST03063,SUB03063,PROD004,2348034931845,Customer 3063,male,,Kano,South South,Standard,2021-08-16,ACTIVE,post paid,No contract,Nova SME Connect,Business,35000,,,478,35000,USSD,4G,-999.0,5.0,3.0
CUST03064,SUB03064,PROD004,2348013580893,Customer 3064,,36-45,LAGOS,North Central,premium ,2024-08-13,,Postpaid,monthly,Nova SME Connect,Business,35000,45000MB,1048.0,499,35000,Cash,LTE,,0.0,4.0
CUST03065,SUB03065,PROD004,2348070052062,Customer 3065,Female,,Enugu,South South,STANDARD,2024-03-01,Active,prepaid,Annual,Nova SME Connect,Business,35000,45000MB,1129.0,279,35000,USSD,3G,-999.0,,4.0
CUST03066,SUB03066,PROD003,2348095339081,Customer 3066,Female,36-45,Kano,North Central,,2025-04-12,active,prepaid,monthly,Nova Hybrid Plus,Bundle,18000,,3188.0,76,18000,Cash,LTE,-89.0,5.0,1.0
CUST03067,SUB03067,PROD004,2348040912125,Customer 3067,Male,36-45,Abuja,North Central,premium ,2023-05-23,active,POSTPAID,Monthly,Nova SME Connect,Business,35000,45000MB,,390,35000,Cash,5G,-999.0,,3.0
CUST03068,SUB03068,PROD002,2348047171522,Customer 3068,Female,18-25,portharcourt,North West,Corporate,2022-04-24,Active,POSTPAID,ANNUAL,Nova Unlimited Voice,Voice,12000,,,414,,Cash,4G,-999.0,5.0,4.0
CUST03069,SUB03069,PROD002,2348033706248,Customer 3069,Female,46-60,Lagos,South East,Corporate,2024-11-18,cancelled,post paid,Annual,Nova Unlimited Voice,Voice,12000,21854,,371,12000,CARD,,,1.0,3.0
CUST03070,SUB03070,PROD002,2348087213243,Customer 3070,MALE,36-45,Ibadan,South South,Premium,2025-05-18,Actv,post paid,No contract,Nova Unlimited Voice,Voice,12000,,3774.0,335,,USSD,3G,-999.0,1.0,4.0
CUST03071,SUB03071,PROD002,2348092735084,Customer 3071,M,26-35,LAGOS,North Central,,2021-02-13,SUSPENDED,post paid,Monthly,Nova Unlimited Voice,Voice,12000,,1396.0,756,,bank transfer,,-54.0,5.0,3.0
CUST03072,SUB03072,PROD002,2348077564570,Customer 3072, f,46-60,LAGOS,South South,premium ,2023-09-16,cancelled,Postpaid,Monthly,Nova Unlimited Voice,Voice,12000,,2477.0,292,,,LTE,-999.0,1.0,
CUST03073,SUB03073,PROD004,2348027554755,Customer 3073,F,,LAGOS,North West,Basic,2021-03-21,,prepaid,No contract,Nova SME Connect,Business,35000,,,690,35000,USSD,4G,,1.0,
CUST03074,SUB03074,PROD004,2348017896108,Customer 3074,MALE,26-35,lagos,South East,Standard,2022-04-08,cancelled,Postpaid,Monthly,Nova SME Connect,Business,35000,45000MB,1791.0,302,,bank transfer,4g,-999.0,1.0,3.0
CUST03075,SUB03075,PROD001,2348088466250,Customer 3075,female,60+,Ibadan,North Central,Basic,13/08/2021,Suspended,POSTPAID,No contract,Nova Premium 5G,Data,25000,45000MB,,609,,Bank Transfer,3G,-999.0,5.0,
CUST03076,SUB03076,PROD004,2348067216738,Customer 3076,Female,60+, Abuja ,South West,,2022-01-29,Active,Postpaid,No contract,Nova SME Connect,Business,35000,16348,3832.0,538,35000,Bank Transfer,3G,-60.0,2.0,
CUST03077,SUB03077,PROD002,2348064062946,Customer 3077,MALE,26-35,Abuja,North West,Corporate,2024-10-14,cancelled,POSTPAID,No contract,Nova Unlimited Voice,Voice,12000,45000MB,1480.0,542,,Cash,3G,-66.0,2.0,
CUST03078,SUB03078,PROD001,2348022806712,Customer 3078,Male,36-45,portharcourt,South West,Premium,2021-05-29,Active,POSTPAID,No contract,Nova Premium 5G,Data,25000,45000MB,3362.0,616,25000,USSD,,-999.0,,5.0
CUST03079,SUB03079,PROD002,2348060841289,Customer 3079,Female,18-25,Kano,North West,Premium,2021-09-16,Cancelled,Postpaid,Monthly,Nova Unlimited Voice,Voice,12000,45000MB,877.0,656,12000,CARD,5G,-999.0,5.0,5.0
CUST03080,SUB03080,PROD002,2348067042565, Customer 3080 ,Male,60+, Abuja ,South South,STANDARD,2024-02-29,cancelled,Prepaid,ANNUAL,Nova Unlimited Voice,Voice,12000,72197,,358,12000,Bank Transfer,LTE,-78.0,2.0,
CUST03081,SUB03081,PROD002,2348048904310,Customer 3081,,,Port Harcourt,South East,STANDARD,2025-05-30,Cancelled,Postpaid,Annual,Nova Unlimited Voice,Voice,12000,45000MB,,587,,,3G,-999.0,0.0,5.0
CUST03082,SUB03082,PROD004,2348010448190,Customer 3082,F,60+,Lagos,South South,premium ,2021-03-23,Suspended,POSTPAID,Annual,Nova SME Connect,Business,35000,,802.0,214,35000,Card,4G,,0.0,4.0
CUST03083,SUB03083,PROD003,2348073930749,Customer 3083,Male,18-25,,North Central,STANDARD,2024-07-11,cancelled,post paid,monthly,Nova Hybrid Plus,Bundle,18000,45000MB,47.0,692,18000,bank transfer,5G,-999.0,2.0,1.0
CUST03084,SUB03084,PROD002,2348067925982,Customer 3084,Female,36-45,Kano,North West,premium ,2023-09-04,Suspended,post paid,Annual,Nova Unlimited Voice,Voice,12000,,2834.0,374,12000,Card,4g,-999.0,2.0,3.0
CUST03085,SUB03085,PROD001,2348045288767,Customer 3085,Male,,Kano,South East,Corporate,2025-03-29,Active,POSTPAID,ANNUAL,Nova Premium 5G,Data,25000,45000MB,,592,,Cash,,-999.0,5.0,5.0
CUST03086,SUB03086,PROD005,2348020805587,Customer 3086,Male,18-25,Abuja,North West,Premium,2021-10-30,Cancelled,Prepaid,monthly,Nova Starter,Bundle,8000,47210,3980.0,720,8000,Card,4g,,1.0,4.0
CUST03087,SUB03087,PROD005,2348041731857,Customer 3087,FEMALE,26-35,Ibadan,South South,Corporate,2024-08-09,active,Prepaid,ANNUAL,Nova Starter,Bundle,8000,45000MB,,178,8000,USSD,,-91.0,,4.0
CUST03088,SUB03088,PROD003,2348032190620,Customer 3088,m ,36-45,Enugu,North West,,2024-08-31,Cancelled,post paid,ANNUAL,Nova Hybrid Plus,Bundle,18000,45000MB,3540.0,274,18000,Cash,LTE,-82.0,1.0,3.0
CUST03089,SUB03089,PROD001,2348027136556,Customer 3089,,26-35,Kano,South South,premium ,2023-12-11,Active,Prepaid,Monthly,Nova Premium 5G,Data,25000,,2235.0,600,,Card,,,2.0,
CUST03090,SUB03090,PROD004,2348028057246,Customer 3090,female,36-45,lagos,North West,Basic,2023-07-25,active,prepaid,Monthly,Nova SME Connect,Business,35000,11164,,258,,,,-999.0,1.0,4.0
CUST03091,SUB03091,PROD003,2348041464574,Customer 3091,,18-25,,South West,Corporate,2024-01-02,Active,prepaid,Monthly,Nova Hybrid Plus,Bundle,18000,,,183,,Cash,LTE,,,3.0
CUST03092,SUB03092,PROD005,2348016320686,Customer 3092,Female,26-35,portharcourt,South South,STANDARD,2024-04-29,Cancelled,POSTPAID,Monthly,Nova Starter,Bundle,8000,45000MB,,29,8000,USSD,,-999.0,0.0,4.0
CUST03093,SUB03093,PROD004,2348020607298,Customer 3093,Male,46-60,Enugu,South West,Premium,2023-07-21,Active,prepaid,Monthly,Nova SME Connect,Business,35000,45000MB,2069.0,470,35000,Cash,4G,,1.0,
CUST03094,SUB03094,PROD004,2348086025506,Customer 3094,M,60+,Port Harcourt,South West,premium ,2024-05-11,SUSPENDED,Postpaid,Annual,Nova SME Connect,Business,35000,,3714.0,448,35000,Bank Transfer,3G,,2.0,5.0
CUST03095,SUB03095,PROD003,2348018420987,Customer 3095,MALE,36-45,Abuja,North Central,premium ,2024-06-21,Cancelled,post paid,No contract,Nova Hybrid Plus,Bundle,18000,,,788,18000,USSD,LTE,-77.0,5.0,
CUST03096,SUB03096,PROD002,2348075657087,Customer 3096,,18-25,portharcourt,South South,Corporate,2021-09-10,Actv,prepaid,Monthly,Nova Unlimited Voice,Voice,12000,,,772,,Bank Transfer,4G,,,1.0
CUST03097,SUB03097,PROD001,2348020264338,Customer 3097,Female,18-25,Abuja,South East,,2021-03-15,active,post paid,Monthly,Nova Premium 5G,Data,25000,,1615.0,76,,,LTE,,,4.0
CUST03098,SUB03098,PROD005,2348036290223,Customer 3098,Male,36-45,Abuja,South West,,2025-06-05,Actv,Postpaid,ANNUAL,Nova Starter,Bundle,8000,,,72,8000,bank transfer,,-73.0,,4.0
CUST03099,SUB03099,PROD002,2348094298193,Customer 3099,female,,lagos,South West,premium ,2022-01-04,Active,POSTPAID,monthly,Nova Unlimited Voice,Voice,12000,,3039.0,564,,,4g,-999.0,0.0,3.0
CUST03100,SUB03100,PROD004,2348041912398, Customer 3100 ,Female,18-25,LAGOS,South South,STANDARD,02/05/2021,Suspended,post paid,Annual,Nova SME Connect,Business,35000,60437,1876.0,641,,,3G,-78.0,5.0,2.0
CUST03101,SUB03101,PROD004,2348038000253,Customer 3101,,46-60, Abuja ,South South,,2021-06-30,active,prepaid,ANNUAL,Nova SME Connect,Business,35000,45000MB,655.0,194,35000,Card,LTE,,0.0,4.0
CUST03102,SUB03102,PROD001,2348072607271,Customer 3102,male,26-35,Ibadan,South East,,2025-01-03,active,Prepaid,Annual,Nova Premium 5G,Data,25000,34991,2740.0,659,25000,Cash,3G,-103.0,5.0,2.0
CUST03103,SUB03103,PROD002,2348057007191,Customer 3103,Female,18-25,Abuja,South West,,2021-05-30,,Prepaid,monthly,Nova Unlimited Voice,Voice,12000,56896,,184,12000,Bank Transfer,LTE,-999.0,,2.0
CUST03104,SUB03104,PROD003,2348041645799,Customer 3104,Male,36-45,Ibadan,South South,Premium,2021-05-08,Active,Postpaid,No contract,Nova Hybrid Plus,Bundle,18000,45000MB,3054.0,16,,CARD,LTE,-999.0,2.0,3.0
CUST03105,SUB03105,PROD002,2348061742113,Customer 3105,F,46-60,Ibadan,North Central,Standard,2022-08-31,Cancelled,prepaid,Annual,Nova Unlimited Voice,Voice,12000,,1307.0,104,12000,Cash,4g,,5.0,5.0
CUST03106,SUB03106,PROD003,2348038797427,Customer 3106,Unknown,18-25,portharcourt,North West,Basic,2025-02-04,Active,Postpaid,monthly,Nova Hybrid Plus,Bundle,18000,45000MB,2178.0,236,18000,Bank Transfer,4g,-73.0,2.0,1.0
CUST03107,SUB03107,PROD001,2348087168032,Customer 3107,m ,26-35,Ibadan,South South,Standard,2021-09-07,active,Postpaid,Annual,Nova Premium 5G,Data,25000,75296,1260.0,168,,CARD,,-93.0,5.0,5.0
CUST03108,SUB03108,PROD005,2348057440386,Customer 3108, f,18-25,lagos,South East,Basic,2023-11-26,Actv,Prepaid,Monthly,Nova Starter,Bundle,8000,,3075.0,313,8000,Cash,,-999.0,2.0,
CUST03109,SUB03109,PROD001,2348070366177,Customer 3109,Female,,Abuja,South South,STANDARD,2024-11-22,active,Prepaid,Annual,Nova Premium 5G,Data,25000,829,840.0,503,,bank transfer,LTE,-69.0,5.0,5.0
CUST03110,SUB03110,PROD004,2348091717618,Customer 3110,male,36-45, Abuja ,South South,Basic,2025-10-17,Active,Postpaid,ANNUAL,Nova SME Connect,Business,35000,76130,,533,35000,,,-999.0,5.0,5.0
CUST03111,SUB03111,PROD004,2348015918144,Customer 3111,M,26-35,portharcourt,South South,STANDARD,2025-10-20,Active,post paid,No contract,Nova SME Connect,Business,35000,3594,,420,,CARD,4G,-102.0,,3.0
CUST03112,SUB03112,PROD002,2348075086493,Customer 3112,Female,60+,Enugu,North West,Standard,2024-02-16,Active,Prepaid,ANNUAL,Nova Unlimited Voice,Voice,12000,,,149,,Card,4G,,0.0,3.0
CUST03113,SUB03113,PROD002,2348090172568,Customer 3113,F,46-60,Abuja,North West,Corporate,2024-03-22,SUSPENDED,Postpaid,Monthly,Nova Unlimited Voice,Voice,12000,,,171,12000,Card,5G,-53.0,5.0,1.0
CUST03114,SUB03114,PROD001,2348089997798,Customer 3114,Male,18-25,LAGOS,South South,STANDARD,2022-12-26,Suspended,prepaid,No contract,Nova Premium 5G,Data,25000,,2211.0,181,25000,,,,1.0,5.0
CUST03115,SUB03115,PROD005,2348022264072,Customer 3115,M,36-45,portharcourt,North Central,Standard,2024-04-12,cancelled,Postpaid,monthly,Nova Starter,Bundle,8000,65460,119.0,397,8000,,3G,,5.0,
CUST03116,SUB03116,PROD002,2348091754612,Customer 3116,Female,36-45,Lagos,North Central,Premium,2021-06-16,,Postpaid,Monthly,Nova Unlimited Voice,Voice,12000,68222,,129,12000,Cash,5G,,1.0,
CUST03117,SUB03117,PROD001,2348049917488,Customer 3117,m ,36-45,Enugu,South West,Corporate,2022-08-05,active,prepaid,ANNUAL,Nova Premium 5G,Data,25000,45000MB,,648,25000,USSD,,-71.0,1.0,1.0
CUST03118,SUB03118,PROD003,2348013360862,Customer 3118,Male,26-35, Abuja ,South West,Corporate,2025-03-18,Active,Postpaid,Monthly,Nova Hybrid Plus,Bundle,18000,45000MB,598.0,164,,USSD,5G,,5.0,4.0
CUST03119,SUB03119,PROD005,2348010938832,Customer 3119,Male,26-35,Enugu,South South,Basic,2021-12-04,active,POSTPAID,No contract,Nova Starter,Bundle,8000,48716,,143,8000,USSD,5G,,0.0,3.0
CUST03120,SUB03120,PROD004,2348026485816, Customer 3120 ,Female,18-25,LAGOS,South South,premium ,2022-04-08,active,Prepaid,No contract,Nova SME Connect,Business,35000,,,104,35000,Bank Transfer,5G,-78.0,2.0,3.0
CUST03121,SUB03121,PROD005,2348057391443,Customer 3121,m ,46-60,Port Harcourt,South West,Premium,2021-09-12,Cancelled,Postpaid,Annual,Nova Starter,Bundle,8000,,,709,8000,,5G,-97.0,1.0,2.0
CUST03122,SUB03122,PROD001,2348027668216,Customer 3122,Male,36-45,LAGOS,South East,STANDARD,2022-04-27,ACTIVE,post paid,Monthly,Nova Premium 5G,Data,25000,45000MB,,41,25000,Card,4g,,,
CUST03123,SUB03123,PROD001,2348096548651,Customer 3123,F,,lagos,South South,Basic,2024-10-18,,prepaid,Monthly,Nova Premium 5G,Data,25000,,3283.0,131,,Cash,3G,,0.0,
CUST03124,SUB03124,PROD005,2348055062741,Customer 3124,Female,36-45,Port Harcourt,North Central,,2021-12-16,Suspended,post paid,monthly,Nova Starter,Bundle,8000,65341,1781.0,666,,Bank Transfer,4G,,1.0,
CUST03125,SUB03125,PROD001,2348051906946,Customer 3125,m ,36-45,lagos,South West,Corporate,25/03/2023,,prepaid,ANNUAL,Nova Premium 5G,Data,25000,73368,,643,,,3G,-999.0,,
CUST03126,SUB03126,PROD005,2348081662058,Customer 3126,Female,46-60,Lagos,South East,premium ,2025-06-12,active,Prepaid,Annual,Nova Starter,Bundle,8000,45000MB,2961.0,645,8000,Card,LTE,-999.0,,
CUST03127,SUB03127,PROD004,2348019883800,Customer 3127,Female,26-35, Abuja ,South West,Basic,2024-11-30,Actv,post paid,ANNUAL,Nova SME Connect,Business,35000,,1257.0,433,35000,Cash,,-999.0,1.0,3.0
CUST03128,SUB03128,PROD002,2348050339619,Customer 3128,m ,18-25,Lagos,North Central,Premium,2021-02-24,active,prepaid,Monthly,Nova Unlimited Voice,Voice,12000,21697,,529,12000,bank transfer,4g,-999.0,5.0,2.0
CUST03129,SUB03129,PROD001,2348060978796,Customer 3129,Male,18-25,portharcourt,South West,STANDARD,2023-08-06,active,prepaid,monthly,Nova Premium 5G,Data,25000,69037,1105.0,211,,USSD,,-97.0,1.0,2.0
CUST03130,SUB03130,PROD003,2348014299932,Customer 3130,F,46-60,portharcourt,North Central,Corporate,2022-02-19,active,prepaid,Monthly,Nova Hybrid Plus,Bundle,18000,,2990.0,156,18000,CARD,3G,-53.0,2.0,5.0
CUST03131,SUB03131,PROD005,2348062261600,Customer 3131,M,26-35, Abuja ,South West,premium ,2025-05-02,Cancelled,prepaid,Annual,Nova Starter,Bundle,8000,,,526,,,,-101.0,2.0,1.0
CUST03132,SUB03132,PROD005,2348067626510,Customer 3132,Unknown,36-45,Port Harcourt,South West,Standard,2024-04-10,cancelled,POSTPAID,No contract,Nova Starter,Bundle,8000,18799,,8,8000,USSD,5G,,,3.0
CUST03133,SUB03133,PROD001,2348058909671,Customer 3133,Female,,Abuja,South South,,2024-08-26,,POSTPAID,Annual,Nova Premium 5G,Data,25000,45000MB,,478,25000,Card,3G,-106.0,0.0,3.0
CUST03134,SUB03134,PROD002,2348099743520,Customer 3134,Male,, Abuja ,North Central,STANDARD,2022-03-17,SUSPENDED,POSTPAID,ANNUAL,Nova Unlimited Voice,Voice,12000,45000MB,2913.0,606,12000,Card,5G,-70.0,1.0,1.0
CUST03135,SUB03135,PROD005,2348071979490,Customer 3135,M,18-25,Port Harcourt,North West,STANDARD,2022-04-02,cancelled,POSTPAID,Annual,Nova Starter,Bundle,8000,45000MB,,105,,Bank Transfer,3G,-69.0,,4.0
CUST03136,SUB03136,PROD004,2348081068734,Customer 3136,M,36-45,Enugu,North Central,Corporate,2022-08-16,Suspended,Prepaid,Monthly,Nova SME Connect,Business,35000,45000MB,,411,,,LTE,,2.0,3.0
CUST03137,SUB03137,PROD004,2348043052631,Customer 3137,M,26-35, Abuja ,North West,premium ,2025-07-09,Cancelled,Postpaid,Monthly,Nova SME Connect,Business,35000,45000MB,,659,35000,CARD,4G,,5.0,1.0
CUST03138,SUB03138,PROD004,2348092253997,Customer 3138,,,,South West,STANDARD,2023-07-03,cancelled,post paid,Annual,Nova SME Connect,Business,35000,45000MB,1939.0,455,35000,CARD,5G,-110.0,0.0,2.0
CUST03139,SUB03139,PROD003,2348023976881,Customer 3139,Male,36-45,Abuja,South South,,2025-07-25,Active,POSTPAID,monthly,Nova Hybrid Plus,Bundle,18000,45000MB,3276.0,552,18000,,LTE,-999.0,5.0,4.0
CUST03140,SUB03140,PROD001,2348083256752, Customer 3140 ,female,46-60,Enugu,North Central,,2021-11-15,cancelled,Postpaid,No contract,Nova Premium 5G,Data,25000,45000MB,,363,,Card,4G,-999.0,5.0,3.0
CUST03141,SUB03141,PROD002,2348080646581,Customer 3141,F,,LAGOS,South West,premium ,2022-04-02,Cancelled,POSTPAID,Annual,Nova Unlimited Voice,Voice,12000,40727,2921.0,147,,bank transfer,,-101.0,,2.0
CUST03142,SUB03142,PROD001,2348010308232,Customer 3142,M,,Abuja,North West,STANDARD,2023-04-24,active,POSTPAID,monthly,Nova Premium 5G,Data,25000,,2976.0,53,25000,Cash,,-999.0,2.0,3.0
CUST03143,SUB03143,PROD002,2348028513221,Customer 3143,Male,36-45,lagos,South East,STANDARD,2021-10-16,cancelled,POSTPAID,monthly,Nova Unlimited Voice,Voice,12000,,3770.0,584,12000,CARD,LTE,,2.0,2.0
CUST03144,SUB03144,PROD004,2348033569936,Customer 3144,Male,26-35,Enugu,North Central,Standard,2023-05-03,Active,post paid,monthly,Nova SME Connect,Business,35000,,,657,35000,Card,5G,-999.0,5.0,2.0
CUST03145,SUB03145,PROD004,2348098645292,Customer 3145,female,18-25,Port Harcourt,North West,,2023-05-18,active,Postpaid,ANNUAL,Nova SME Connect,Business,35000,,1680.0,456,35000,Card,4g,,2.0,
CUST03146,SUB03146,PROD001,2348037363505,Customer 3146,F,,Abuja,South West,Standard,2025-09-18,ACTIVE,Prepaid,Annual,Nova Premium 5G,Data,25000,39892,1841.0,728,25000,Card,4G,-102.0,5.0,5.0
CUST03147,SUB03147,PROD005,2348065368645,Customer 3147,Female,36-45,Port Harcourt,South South,Premium,2023-11-23,ACTIVE,post paid,ANNUAL,Nova Starter,Bundle,8000,,1380.0,551,8000,CARD,,-109.0,0.0,
CUST03148,SUB03148,PROD002,2348086406404,Customer 3148,m ,,LAGOS,South East,Standard,2024-08-30,SUSPENDED,post paid,No contract,Nova Unlimited Voice,Voice,12000,45000MB,,361,12000,Bank Transfer,5G,-999.0,0.0,5.0
CUST03149,SUB03149,PROD004,2348035627056,Customer 3149, f,,Port Harcourt,South West,STANDARD,2022-05-27,Active,prepaid,No contract,Nova SME Connect,Business,35000,,3356.0,321,,bank transfer,LTE,,2.0,2.0
CUST03150,SUB03150,PROD004,2348049500450,Customer 3150,Male,26-35,LAGOS,South East,Premium,26/09/2023,Active,Prepaid,monthly,Nova SME Connect,Business,35000,,,218,,bank transfer,5G,-999.0,1.0,3.0
CUST03151,SUB03151,PROD003,2348078203891,Customer 3151,,60+,Port Harcourt,South West,Corporate,2025-08-26,Actv,prepaid,No contract,Nova Hybrid Plus,Bundle,18000,38295,,495,18000,Card,4G,,,4.0
CUST03152,SUB03152,PROD001,2348047446517,Customer 3152,M,60+,Lagos,South West,Premium,2024-11-10,SUSPENDED,Postpaid,Monthly,Nova Premium 5G,Data,25000,45000MB,1034.0,380,,CARD,4G,,,3.0
CUST03153,SUB03153,PROD003,2348061825403,Customer 3153,F,26-35,Abuja,South South,Premium,2022-01-31,Cancelled,POSTPAID,monthly,Nova Hybrid Plus,Bundle,18000,59690,1583.0,13,18000,Bank Transfer,3G,-93.0,2.0,
CUST03154,SUB03154,PROD005,2348093570389,Customer 3154,,60+, Abuja ,South South,premium ,2023-02-17,,prepaid,No contract,Nova Starter,Bundle,8000,45000MB,1309.0,785,,Cash,3G,-77.0,0.0,2.0
CUST03155,SUB03155,PROD003,2348073300552,Customer 3155,Female,36-45,Kano,South East,,2022-02-10,Active,post paid,monthly,Nova Hybrid Plus,Bundle,18000,45000MB,2224.0,552,18000,,4g,-999.0,1.0,5.0
CUST03156,SUB03156,PROD003,2348027523800,Customer 3156,,36-45,Lagos,South East,premium ,2023-05-06,cancelled,Prepaid,ANNUAL,Nova Hybrid Plus,Bundle,18000,45000MB,,58,18000,bank transfer,4G,-999.0,1.0,4.0
CUST03157,SUB03157,PROD004,2348023920828,Customer 3157,M,46-60,,South East,Standard,2021-04-07,Cancelled,Prepaid,Annual,Nova SME Connect,Business,35000,45000MB,,689,,bank transfer,4g,-999.0,,4.0
CUST03158,SUB03158,PROD004,2348092846701,Customer 3158,m ,46-60, Abuja ,North Central,,2024-09-09,Cancelled,POSTPAID,monthly,Nova SME Connect,Business,35000,18045,163.0,604,35000,Bank Transfer,LTE,-999.0,5.0,1.0
CUST03159,SUB03159,PROD003,2348035726622,Customer 3159,MALE,46-60,lagos,North West,Corporate,2024-03-26,cancelled,post paid,Monthly,Nova Hybrid Plus,Bundle,18000,,1872.0,137,18000,CARD,4g,-90.0,1.0,3.0
CUST03160,SUB03160,PROD003,2348092762272, Customer 3160 ,F,46-60,Ibadan,North Central,STANDARD,2022-10-16,Actv,POSTPAID,Monthly,Nova Hybrid Plus,Bundle,18000,,,297,,USSD,3G,-999.0,,2.0
CUST03161,SUB03161,PROD001,2348042000369,Customer 3161,M,,Enugu,South East,Corporate,2022-11-05,Cancelled,POSTPAID,No contract,Nova Premium 5G,Data,25000,45000MB,,207,25000,CARD,,,0.0,4.0
CUST03162,SUB03162,PROD003,2348021465831,Customer 3162,Male,26-35,Kano,South West,STANDARD,2022-02-24,SUSPENDED,prepaid,Monthly,Nova Hybrid Plus,Bundle,18000,,260.0,508,,USSD,5G,-999.0,0.0,1.0
CUST03163,SUB03163,PROD002,2348092177232,Customer 3163,F,46-60,Abuja,North West,Standard,2024-03-09,ACTIVE,POSTPAID,No contract,Nova Unlimited Voice,Voice,12000,45779,,43,12000,bank transfer,LTE,-999.0,,4.0
CUST03164,SUB03164,PROD005,2348067988644,Customer 3164,Female,18-25, Abuja ,North Central,Premium,2021-03-27,active,Prepaid,Monthly,Nova Starter,Bundle,8000,45000MB,539.0,258,8000,USSD,3G,-999.0,0.0,1.0
CUST03165,SUB03165,PROD004,2348031708402,Customer 3165,Unknown,60+,Abuja,South West,Corporate,2024-03-24,Suspended,prepaid,No contract,Nova SME Connect,Business,35000,,,296,,CARD,5G,-81.0,0.0,4.0
CUST03166,SUB03166,PROD001,2348033414641,Customer 3166,female,60+,Abuja,South East,STANDARD,2022-11-08,cancelled,post paid,Monthly,Nova Premium 5G,Data,25000,45000MB,643.0,95,25000,CARD,3G,-999.0,5.0,
CUST03167,SUB03167,PROD002,2348079110516,Customer 3167,Unknown,60+,Abuja,South South,Standard,2023-01-02,ACTIVE,post paid,No contract,Nova Unlimited Voice,Voice,12000,,,509,12000,CARD,3G,,0.0,1.0
CUST03168,SUB03168,PROD002,2348036702624,Customer 3168,Male,36-45,LAGOS,South South,,2022-12-19,Cancelled,POSTPAID,ANNUAL,Nova Unlimited Voice,Voice,12000,43132,2948.0,429,12000,Cash,3G,-999.0,1.0,2.0
CUST03169,SUB03169,PROD001,2348059526596,Customer 3169,Female,46-60,Enugu,North Central,STANDARD,2023-03-28,Active,post paid,Annual,Nova Premium 5G,Data,25000,45000MB,1746.0,666,25000,,,,5.0,2.0
CUST03170,SUB03170,PROD004,2348070660185,Customer 3170,Female,18-25,Ibadan,South West,premium ,2022-06-16,,post paid,Monthly,Nova SME Connect,Business,35000,45000MB,3612.0,64,,,4G,,1.0,4.0
CUST03171,SUB03171,PROD001,2348010652099,Customer 3171,Male,60+,Port Harcourt,South South,STANDARD,2024-04-25,cancelled,post paid,Monthly,Nova Premium 5G,Data,25000,11340,1175.0,438,25000,CARD,3G,-999.0,5.0,2.0
CUST03172,SUB03172,PROD005,2348025541880,Customer 3172,Female,46-60,Lagos,South South,premium ,2024-03-04,active,post paid,monthly,Nova Starter,Bundle,8000,,,772,,USSD,4g,-999.0,,4.0
CUST03173,SUB03173,PROD004,2348058733143,Customer 3173,,26-35,LAGOS,South South,Corporate,2021-10-03,Active,Postpaid,Annual,Nova SME Connect,Business,35000,54177,,87,35000,bank transfer,,-999.0,2.0,4.0
CUST03174,SUB03174,PROD004,2348072178844,Customer 3174,Male,,Abuja,South South,Corporate,2024-04-26,Cancelled,Prepaid,Annual,Nova SME Connect,Business,35000,47198,,495,35000,bank transfer,5G,-999.0,2.0,5.0
CUST03175,SUB03175,PROD003,2348051082996,Customer 3175,,36-45,Abuja,South East,premium ,03/11/2025,Active,post paid,Annual,Nova Hybrid Plus,Bundle,18000,45000MB,2619.0,478,18000,,4G,,,
CUST03176,SUB03176,PROD005,2348091203157,Customer 3176, f,26-35,Abuja,South South,premium ,2024-04-13,Actv,Prepaid,ANNUAL,Nova Starter,Bundle,8000,,,512,,USSD,4g,,1.0,5.0
CUST03177,SUB03177,PROD002,2348056152284,Customer 3177,Female,18-25, Abuja ,South West,Corporate,2024-12-16,Cancelled,prepaid,monthly,Nova Unlimited Voice,Voice,12000,,,490,12000,USSD,,-999.0,2.0,2.0
CUST03178,SUB03178,PROD004,2348036505868,Customer 3178,MALE,36-45,Ibadan,North Central,,2021-06-24,active,Postpaid,monthly,Nova SME Connect,Business,35000,45000MB,,494,35000,CARD,5G,-999.0,0.0,1.0
CUST03179,SUB03179,PROD003,2348096251873,Customer 3179,Female,18-25,Enugu,South South,Basic,2025-07-31,Cancelled,prepaid,No contract,Nova Hybrid Plus,Bundle,18000,45000MB,,452,18000,Cash,LTE,-87.0,2.0,
CUST03180,SUB03180,PROD003,2348044497085, Customer 3180 ,Male,26-35,Enugu,South East,Premium,2025-08-05,Suspended,prepaid,Annual,Nova Hybrid Plus,Bundle,18000,,564.0,282,18000,Bank Transfer,4g,,1.0,2.0
CUST03181,SUB03181,PROD004,2348061236377,Customer 3181,Male,60+,,South West,Basic,2021-02-27,cancelled,post paid,Monthly,Nova SME Connect,Business,35000,48378,118.0,495,,Cash,3G,-999.0,5.0,1.0
CUST03182,SUB03182,PROD002,2348014909224,Customer 3182,,36-45,,South West,Basic,2021-07-23,active,Postpaid,ANNUAL,Nova Unlimited Voice,Voice,12000,,1857.0,678,12000,,4G,,1.0,5.0
CUST03183,SUB03183,PROD004,2348016860556,Customer 3183,,46-60,Ibadan,South West,STANDARD,2025-11-26,Cancelled,prepaid,ANNUAL,Nova SME Connect,Business,35000,,,782,35000,Card,3G,-999.0,0.0,4.0
CUST03184,SUB03184,PROD001,2348025273492,Customer 3184,Female,18-25,lagos,North Central,Standard,2025-05-23,Active,Postpaid,Annual,Nova Premium 5G,Data,25000,,,327,25000,CARD,5G,,1.0,1.0
CUST03185,SUB03185,PROD003,2348014183068,Customer 3185,male,18-25,,South South,,2022-12-14,active,post paid,No contract,Nova Hybrid Plus,Bundle,18000,45000MB,,96,18000,Cash,LTE,,1.0,5.0
CUST03186,SUB03186,PROD001,2348086169543,Customer 3186,female,36-45,portharcourt,South South,Corporate,2021-09-22,active,Postpaid,monthly,Nova Premium 5G,Data,25000,45000MB,,405,,Card,,-999.0,,3.0
CUST03187,SUB03187,PROD001,2348089049536,Customer 3187,M,46-60, Abuja ,North West,STANDARD,2022-03-28,active,prepaid,Monthly,Nova Premium 5G,Data,25000,45000MB,,745,,Card,4g,,2.0,
CUST03188,SUB03188,PROD001,2348095018640,Customer 3188,Female,60+,Ibadan,South West,Basic,2024-10-03,,prepaid,ANNUAL,Nova Premium 5G,Data,25000,,,688,25000,CARD,3G,-999.0,,5.0
CUST03189,SUB03189,PROD003,2348063111996,Customer 3189,F,36-45,Ibadan,South West,Premium,2022-04-12,Cancelled,POSTPAID,No contract,Nova Hybrid Plus,Bundle,18000,78721,,671,,,4G,,,4.0
CUST03190,SUB03190,PROD005,2348098700793,Customer 3190,Female,18-25,LAGOS,South West,Standard,2022-07-10,Suspended,Prepaid,monthly,Nova Starter,Bundle,8000,45000MB,2354.0,456,,bank transfer,4G,,2.0,3.0
CUST03191,SUB03191,PROD005,2348045671255,Customer 3191,Male,36-45,Port Harcourt,South South,Premium,2024-05-22,Active,Postpaid,No contract,Nova Starter,Bundle,8000,45000MB,,402,8000,Card,3G,-999.0,0.0,2.0
CUST03192,SUB03192,PROD002,2348090527224,Customer 3192,Male,60+,Kano,South South,Corporate,2024-11-16,Actv,prepaid,Monthly,Nova Unlimited Voice,Voice,12000,,243.0,59,,CARD,,,0.0,4.0
CUST03193,SUB03193,PROD004,2348097965108,Customer 3193,Female,26-35,Port Harcourt,North Central,Corporate,2025-12-02,active,post paid,monthly,Nova SME Connect,Business,35000,45000MB,,345,35000,USSD,4G,-85.0,,
CUST03194,SUB03194,PROD001,2348060647196,Customer 3194,F,36-45, Abuja ,South East,Standard,2022-07-14,Active,post paid,Annual,Nova Premium 5G,Data,25000,45000MB,,466,25000,,3G,-999.0,1.0,2.0
CUST03195,SUB03195,PROD005,2348019279307,Customer 3195,Female,46-60,Enugu,North Central,Premium,2024-01-15,cancelled,POSTPAID,ANNUAL,Nova Starter,Bundle,8000,45000MB,3415.0,684,,,3G,-64.0,0.0,2.0
CUST03196,SUB03196,PROD001,2348047020026,Customer 3196,Male,,lagos,South East,Corporate,2023-04-05,Active,Postpaid,Annual,Nova Premium 5G,Data,25000,45000MB,3795.0,730,25000,bank transfer,4G,-999.0,1.0,5.0
CUST03197,SUB03197,PROD003,2348097468989,Customer 3197,M,, Abuja ,South West,Premium,2024-02-05,Suspended,post paid,No contract,Nova Hybrid Plus,Bundle,18000,,2305.0,54,18000,USSD,3G,,,1.0
CUST03198,SUB03198,PROD004,2348080396545,Customer 3198,F,26-35,Lagos,South East,premium ,2023-10-02,active,prepaid,ANNUAL,Nova SME Connect,Business,35000,,,348,,Card,4G,-999.0,5.0,3.0
CUST03199,SUB03199,PROD003,2348060714125,Customer 3199,Female,36-45,Kano,South South,Corporate,2022-01-14,Cancelled,prepaid,Annual,Nova Hybrid Plus,Bundle,18000,14829,,430,,bank transfer,4G,-53.0,5.0,3.0
CUST03200,SUB03200,PROD005,2348053970605, Customer 3200 ,male,46-60,Abuja,South East,Standard,26/07/2023,Cancelled,Postpaid,No contract,Nova Starter,Bundle,8000,22053,146.0,78,8000,Bank Transfer,4G,,2.0,1.0
CUST03201,SUB03201,PROD004,2348026072777,Customer 3201,Female,26-35,Lagos,South West,,2025-01-07,cancelled,prepaid,No contract,Nova SME Connect,Business,35000,45000MB,,190,35000,Bank Transfer,4g,-52.0,,4.0
CUST03202,SUB03202,PROD001,2348098764884,Customer 3202,male,46-60,Ibadan,North West,premium ,2025-03-18,Suspended,prepaid,ANNUAL,Nova Premium 5G,Data,25000,,,756,25000,CARD,,,2.0,3.0
CUST03203,SUB03203,PROD001,2348091170731,Customer 3203,Female,36-45,lagos,South East,Standard,2025-07-21,active,Postpaid,Annual,Nova Premium 5G,Data,25000,45000MB,413.0,222,,bank transfer,,-999.0,,4.0
CUST03204,SUB03204,PROD004,2348053071937,Customer 3204,Male,26-35,LAGOS,South East,Premium,2023-04-29,active,POSTPAID,ANNUAL,Nova SME Connect,Business,35000,45000MB,,198,35000,Bank Transfer,,-999.0,,2.0
CUST03205,SUB03205,PROD004,2348054821123,Customer 3205,Female,60+, Abuja ,North West,,2021-11-19,Active,prepaid,ANNUAL,Nova SME Connect,Business,35000,45000MB,506.0,610,35000,USSD,5G,-999.0,1.0,
CUST03206,SUB03206,PROD004,2348010310841,Customer 3206,Male,36-45, Abuja ,North West,,2025-08-01,Active,Postpaid,monthly,Nova SME Connect,Business,35000,,,120,35000,CARD,4g,-999.0,5.0,4.0
CUST03207,SUB03207,PROD005,2348053251815,Customer 3207,M,26-35, Abuja ,South South,STANDARD,2025-02-23,active,Prepaid,Annual,Nova Starter,Bundle,8000,,,150,8000,bank transfer,4g,-74.0,2.0,
CUST03208,SUB03208,PROD003,2348091985611,Customer 3208,Male,18-25,LAGOS,South South,STANDARD,2023-12-02,Cancelled,prepaid,monthly,Nova Hybrid Plus,Bundle,18000,,,599,,bank transfer,3G,,2.0,3.0
CUST03209,SUB03209,PROD004,2348089136253,Customer 3209,female,18-25,LAGOS,South South,Standard,2021-06-17,,POSTPAID,Monthly,Nova SME Connect,Business,35000,45000MB,1794.0,564,35000,USSD,4g,-89.0,1.0,5.0
CUST03210,SUB03210,PROD004,2348020709301,Customer 3210,Female,36-45,lagos,North West,Premium,2024-02-08,Active,post paid,Annual,Nova SME Connect,Business,35000,36508,,18,35000,,4g,,0.0,5.0
CUST03211,SUB03211,PROD005,2348066039336,Customer 3211, f,26-35, Abuja ,North West,Standard,2025-05-28,Active,Postpaid,Monthly,Nova Starter,Bundle,8000,,260.0,153,8000,USSD,5G,,2.0,4.0
CUST03212,SUB03212,PROD002,2348081819558,Customer 3212,F,,Lagos,North Central,Premium,2025-02-18,SUSPENDED,POSTPAID,Annual,Nova Unlimited Voice,Voice,12000,,680.0,219,,Card,LTE,-999.0,5.0,1.0
CUST03213,SUB03213,PROD003,2348013661765,Customer 3213,Female,18-25,,North West,Basic,2025-11-27,Cancelled,Prepaid,ANNUAL,Nova Hybrid Plus,Bundle,18000,74286,,164,18000,CARD,4g,-999.0,2.0,1.0
CUST03214,SUB03214,PROD003,2348036114561,Customer 3214,,18-25,Abuja,South West,,2022-09-06,Cancelled,post paid,No contract,Nova Hybrid Plus,Bundle,18000,45000MB,848.0,551,18000,Card,LTE,,5.0,1.0
CUST03215,SUB03215,PROD005,2348036773459,Customer 3215,Male,18-25,Kano,South West,,2021-12-23,active,prepaid,ANNUAL,Nova Starter,Bundle,8000,31755,293.0,732,8000,,3G,-89.0,2.0,2.0
CUST03216,SUB03216,PROD002,2348070343532,Customer 3216,Female,18-25,LAGOS,North Central,,2024-05-17,cancelled,Postpaid,ANNUAL,Nova Unlimited Voice,Voice,12000,45000MB,3777.0,634,12000,CARD,4G,-999.0,1.0,2.0
CUST03217,SUB03217,PROD005,2348084492704,Customer 3217,Female,,Kano,South West,premium ,2025-09-23,ACTIVE,POSTPAID,No contract,Nova Starter,Bundle,8000,,1358.0,735,8000,Bank Transfer,5G,-78.0,,5.0
CUST03218,SUB03218,PROD003,2348047178703,Customer 3218,Female,36-45,Lagos,South West,STANDARD,2022-09-16,Active,Prepaid,No contract,Nova Hybrid Plus,Bundle,18000,,,651,18000,CARD,,,1.0,4.0
CUST03219,SUB03219,PROD001,2348019725693,Customer 3219,F,46-60,portharcourt,South South,Standard,2022-07-01,SUSPENDED,Postpaid,No contract,Nova Premium 5G,Data,25000,45000MB,,688,25000,Bank Transfer,4g,-107.0,0.0,3.0
CUST03220,SUB03220,PROD005,2348033089625, Customer 3220 ,,36-45,LAGOS,North West,Basic,2025-07-16,Cancelled,post paid,Monthly,Nova Starter,Bundle,8000,,,400,8000,Cash,4g,,5.0,3.0
CUST03221,SUB03221,PROD004,2348085483098,Customer 3221,Female,60+,Kano,South West,STANDARD,2025-08-13,Actv,Prepaid,Annual,Nova SME Connect,Business,35000,45000MB,,348,35000,CARD,4g,-95.0,5.0,3.0
CUST03222,SUB03222,PROD002,2348045908574,Customer 3222,Female,60+,Ibadan,South East,Corporate,2021-02-16,active,post paid,Monthly,Nova Unlimited Voice,Voice,12000,,2991.0,135,12000,USSD,5G,,,
CUST03223,SUB03223,PROD005,2348047769280,Customer 3223,Male,36-45,Lagos,North West,Basic,2024-03-28,active,POSTPAID,No contract,Nova Starter,Bundle,8000,,284.0,438,8000,bank transfer,4g,,0.0,3.0
CUST03224,SUB03224,PROD003,2348099552108,Customer 3224,Male,18-25,Port Harcourt,South West,Standard,2021-05-04,Cancelled,Postpaid,Annual,Nova Hybrid Plus,Bundle,18000,8833,,84,,Cash,LTE,-103.0,0.0,
CUST03225,SUB03225,PROD005,2348036944605,Customer 3225,F,26-35, Abuja ,South East,Corporate,27/12/2024,Suspended,Prepaid,No contract,Nova Starter,Bundle,8000,,980.0,133,8000,USSD,LTE,-999.0,,5.0
CUST03226,SUB03226,PROD004,2348052844314,Customer 3226,F,26-35,Ibadan,North West,Premium,2025-11-26,Suspended,POSTPAID,monthly,Nova SME Connect,Business,35000,56756,,196,,CARD,LTE,-999.0,2.0,
CUST03227,SUB03227,PROD002,2348016608111,Customer 3227,,46-60,Port Harcourt,South South,,2024-08-28,Active,post paid,ANNUAL,Nova Unlimited Voice,Voice,12000,,1104.0,112,12000,USSD,4g,-999.0,0.0,3.0
CUST03228,SUB03228,PROD004,2348023024217,Customer 3228, f,36-45,Abuja,South East,Standard,2022-11-10,Actv,Postpaid,Annual,Nova SME Connect,Business,35000,,,425,,Bank Transfer,4G,-87.0,,4.0
CUST03229,SUB03229,PROD005,2348057316190,Customer 3229,Female,,Enugu,South South,Standard,2025-04-25,Active,Postpaid,Annual,Nova Starter,Bundle,8000,45000MB,,550,,bank transfer,4G,-999.0,1.0,2.0
CUST03230,SUB03230,PROD004,2348047440113,Customer 3230,Male,60+,Abuja,South West,Standard,2021-11-04,,prepaid,No contract,Nova SME Connect,Business,35000,2884,,585,35000,Bank Transfer,4g,-999.0,2.0,5.0
CUST03231,SUB03231,PROD003,2348015408634,Customer 3231, f,60+,Port Harcourt,South South,premium ,2021-10-11,SUSPENDED,prepaid,Monthly,Nova Hybrid Plus,Bundle,18000,45000MB,,400,,Cash,3G,-51.0,0.0,4.0
CUST03232,SUB03232,PROD002,2348026163408,Customer 3232,female,,lagos,North Central,Corporate,2021-06-10,,prepaid,Annual,Nova Unlimited Voice,Voice,12000,,,429,12000,Bank Transfer,4g,-56.0,1.0,
CUST03233,SUB03233,PROD003,2348078644187,Customer 3233,MALE,26-35,Ibadan,South West,Standard,2023-08-14,Active,post paid,monthly,Nova Hybrid Plus,Bundle,18000,35325,,722,18000,,4g,-999.0,1.0,
CUST03234,SUB03234,PROD005,2348049928568,Customer 3234,M,,Lagos,South East,Standard,2023-01-03,,prepaid,ANNUAL,Nova Starter,Bundle,8000,,1492.0,599,8000,bank transfer,,-64.0,5.0,
CUST03235,SUB03235,PROD004,2348099965865,Customer 3235,Female,,lagos,South West,Basic,2023-07-03,Active,Prepaid,No contract,Nova SME Connect,Business,35000,45000MB,2924.0,272,,Bank Transfer,3G,-999.0,,1.0
CUST03236,SUB03236,PROD003,2348087804131,Customer 3236,,,Ibadan,North West,Basic,2021-08-24,Actv,POSTPAID,Monthly,Nova Hybrid Plus,Bundle,18000,52239,1454.0,758,18000,USSD,4G,,1.0,5.0
CUST03237,SUB03237,PROD003,2348098863362,Customer 3237,Male,26-35,portharcourt,South West,Premium,2025-09-28,Cancelled,POSTPAID,No contract,Nova Hybrid Plus,Bundle,18000,15332,1217.0,136,,Card,4g,-70.0,5.0,2.0
CUST03238,SUB03238,PROD003,2348019925667,Customer 3238,m ,26-35,Port Harcourt,South East,Corporate,2025-01-16,active,post paid,Monthly,Nova Hybrid Plus,Bundle,18000,45000MB,,286,18000,CARD,3G,,,3.0
CUST03239,SUB03239,PROD003,2348090045522,Customer 3239,male,36-45,Kano,South East,Basic,2024-01-23,Cancelled,Postpaid,Monthly,Nova Hybrid Plus,Bundle,18000,8075,543.0,383,,USSD,5G,-999.0,5.0,1.0
CUST03240,SUB03240,PROD001,2348061670183, Customer 3240 ,M,60+,LAGOS,North West,Premium,2023-06-21,,Prepaid,No contract,Nova Premium 5G,Data,25000,,3011.0,384,25000,bank transfer,LTE,,2.0,
CUST03241,SUB03241,PROD001,2348012761277,Customer 3241,Female,18-25,portharcourt,South East,Premium,2022-06-02,Active,POSTPAID,monthly,Nova Premium 5G,Data,25000,25166,3883.0,467,25000,Cash,,-64.0,2.0,2.0
CUST03242,SUB03242,PROD002,2348059609187,Customer 3242,Male,36-45,Abuja,South West,Standard,2025-04-22,active,post paid,Monthly,Nova Unlimited Voice,Voice,12000,32643,,586,,Cash,5G,,1.0,5.0
CUST03243,SUB03243,PROD002,2348067763625,Customer 3243,Female,18-25,Kano,South East,Standard,2025-05-03,Active,Prepaid,monthly,Nova Unlimited Voice,Voice,12000,,,559,12000,Cash,4G,-78.0,1.0,3.0
CUST03244,SUB03244,PROD002,2348048592369,Customer 3244,Female,18-25,Ibadan,North Central,premium ,2023-03-28,Actv,POSTPAID,Annual,Nova Unlimited Voice,Voice,12000,45000MB,,475,12000,CARD,,-999.0,,
CUST03245,SUB03245,PROD002,2348061812659,Customer 3245,Male,36-45,LAGOS,South South,,2023-11-29,Active,Postpaid,monthly,Nova Unlimited Voice,Voice,12000,45000MB,1541.0,315,12000,CARD,4g,-58.0,2.0,2.0
CUST03246,SUB03246,PROD002,2348043592847,Customer 3246,F,36-45,Lagos,South West,premium ,2023-05-27,active,Postpaid,monthly,Nova Unlimited Voice,Voice,12000,67678,3975.0,58,12000,Bank Transfer,LTE,-71.0,0.0,4.0
CUST03247,SUB03247,PROD001,2348032094196,Customer 3247,Female,46-60,portharcourt,South East,Basic,2025-07-28,active,prepaid,No contract,Nova Premium 5G,Data,25000,47599,2955.0,751,,bank transfer,4G,,,3.0
CUST03248,SUB03248,PROD004,2348040962960,Customer 3248,M,46-60,Kano,South South,Basic,2023-10-24,ACTIVE,POSTPAID,Annual,Nova SME Connect,Business,35000,69323,,551,,Card,LTE,-76.0,,2.0
CUST03249,SUB03249,PROD003,2348016911710,Customer 3249,,,LAGOS,North West,Premium,2025-01-29,Cancelled,Prepaid,Monthly,Nova Hybrid Plus,Bundle,18000,45000MB,,245,18000,Card,LTE,,,4.0
CUST03250,SUB03250,PROD002,2348089560850,Customer 3250,Male,46-60,LAGOS,South West,Standard,30/04/2024,Active,post paid,Monthly,Nova Unlimited Voice,Voice,12000,45000MB,2698.0,113,12000,USSD,4G,-94.0,1.0,4.0
CUST03251,SUB03251,PROD002,2348046030030,Customer 3251,Female,36-45,Lagos,North West,Corporate,2023-03-21,Actv,prepaid,monthly,Nova Unlimited Voice,Voice,12000,,1862.0,9,12000,CARD,4G,-999.0,0.0,1.0
CUST03252,SUB03252,PROD004,2348054679757,Customer 3252,Unknown,46-60,LAGOS,South West,Standard,2024-02-23,ACTIVE,prepaid,No contract,Nova SME Connect,Business,35000,45000MB,1799.0,66,35000,USSD,5G,,5.0,3.0
CUST03253,SUB03253,PROD001,2348083029687,Customer 3253,Male,46-60,Abuja,South West,Premium,2024-09-30,,prepaid,Annual,Nova Premium 5G,Data,25000,,686.0,746,,Bank Transfer,LTE,-999.0,2.0,
CUST03254,SUB03254,PROD002,2348031348075,Customer 3254,Male,60+,Port Harcourt,South South,STANDARD,2022-02-24,active,Postpaid,Monthly,Nova Unlimited Voice,Voice,12000,45000MB,506.0,119,12000,USSD,4G,-999.0,0.0,3.0
CUST03255,SUB03255,PROD005,2348087174001,Customer 3255,M,,Kano,South South,premium ,2024-02-23,Suspended,prepaid,ANNUAL,Nova Starter,Bundle,8000,39117,,53,8000,USSD,4g,-999.0,1.0,
CUST03256,SUB03256,PROD003,2348081307125,Customer 3256,Male,18-25,,North Central,Premium,2021-11-01,cancelled,Prepaid,monthly,Nova Hybrid Plus,Bundle,18000,,,537,18000,Bank Transfer,4g,-85.0,0.0,5.0
CUST03257,SUB03257,PROD005,2348021679957,Customer 3257,Female,46-60,Port Harcourt,North West,Standard,2025-01-26,active,POSTPAID,Annual,Nova Starter,Bundle,8000,45000MB,3126.0,698,,Bank Transfer,3G,-107.0,2.0,3.0
CUST03258,SUB03258,PROD002,2348090224952,Customer 3258,Male,36-45,Ibadan,North Central,,2022-07-28,Cancelled,POSTPAID,No contract,Nova Unlimited Voice,Voice,12000,45000MB,,363,12000,,LTE,,,3.0
CUST03259,SUB03259,PROD001,2348094070064,Customer 3259,Male,46-60,portharcourt,North West,,2023-04-14,active,prepaid,monthly,Nova Premium 5G,Data,25000,,,612,,Bank Transfer,4G,,,4.0
CUST03260,SUB03260,PROD002,2348037890193, Customer 3260 ,Male,,,South South,Standard,2022-03-20,Active,post paid,monthly,Nova Unlimited Voice,Voice,12000,68727,1026.0,470,12000,bank transfer,,,0.0,
CUST03261,SUB03261,PROD002,2348044867383,Customer 3261,m ,36-45,Enugu,South South,STANDARD,2024-02-14,active,Postpaid,Monthly,Nova Unlimited Voice,Voice,12000,45000MB,,388,,Bank Transfer,3G,-999.0,,1.0
CUST03262,SUB03262,PROD003,2348081012557,Customer 3262,M,18-25,Ibadan,South West,STANDARD,2024-04-28,active,POSTPAID,Monthly,Nova Hybrid Plus,Bundle,18000,,3544.0,355,18000,Cash,5G,-999.0,5.0,2.0
CUST03263,SUB03263,PROD004,2348074538611,Customer 3263,male,26-35, Abuja ,North Central,Premium,2023-07-04,ACTIVE,Prepaid,Monthly,Nova SME Connect,Business,35000,77176,3262.0,752,,USSD,,,2.0,2.0
CUST03264,SUB03264,PROD001,2348031905563,Customer 3264,Male,46-60,Port Harcourt,South South,premium ,2024-09-28,Active,Postpaid,No contract,Nova Premium 5G,Data,25000,40106,,794,25000,USSD,3G,-64.0,2.0,4.0
CUST03265,SUB03265,PROD001,2348084600681,Customer 3265,Male,46-60,Port Harcourt,South East,Premium,2024-06-20,Suspended,Prepaid,Monthly,Nova Premium 5G,Data,25000,45000MB,,491,25000,USSD,4G,,,1.0
CUST03266,SUB03266,PROD004,2348055485071,Customer 3266,F,36-45,Kano,North West,,2025-02-14,Cancelled,prepaid,No contract,Nova SME Connect,Business,35000,,,442,,USSD,4g,-999.0,1.0,
CUST03267,SUB03267,PROD001,2348090778522,Customer 3267,F,46-60, Abuja ,North West,STANDARD,2024-04-01,Active,Postpaid,Annual,Nova Premium 5G,Data,25000,72205,,116,25000,Cash,5G,-999.0,0.0,5.0
CUST03268,SUB03268,PROD002,2348057097718,Customer 3268,,26-35,Port Harcourt,South East,Premium,2024-11-10,SUSPENDED,Prepaid,No contract,Nova Unlimited Voice,Voice,12000,24783,1499.0,548,12000,CARD,4G,-72.0,,5.0
CUST03269,SUB03269,PROD005,2348045899123,Customer 3269,Male,26-35,Kano,South West,,2022-09-09,Cancelled,Prepaid,Monthly,Nova Starter,Bundle,8000,30207,1814.0,155,8000,Card,5G,-60.0,0.0,2.0
CUST03270,SUB03270,PROD005,2348052604654,Customer 3270,male,60+,Kano,South South,Corporate,2024-03-10,cancelled,POSTPAID,ANNUAL,Nova Starter,Bundle,8000,,3070.0,292,8000,bank transfer,,,2.0,
CUST03271,SUB03271,PROD003,2348092912362,Customer 3271,Female,60+,Lagos,South West,Corporate,2024-04-17,ACTIVE,post paid,monthly,Nova Hybrid Plus,Bundle,18000,,2484.0,66,18000,USSD,5G,-85.0,5.0,2.0
CUST03272,SUB03272,PROD001,2348077868093,Customer 3272,female,18-25,,South East,Standard,2021-02-13,Cancelled,Prepaid,monthly,Nova Premium 5G,Data,25000,73195,1435.0,461,25000,Cash,3G,-55.0,1.0,5.0
CUST03273,SUB03273,PROD003,2348028856594,Customer 3273,male,18-25,Enugu,South East,Premium,2022-11-14,Cancelled,post paid,monthly,Nova Hybrid Plus,Bundle,18000,11771,,680,,,,-91.0,0.0,2.0
CUST03274,SUB03274,PROD005,2348050782996,Customer 3274,Male,60+,lagos,South East,Premium,2021-01-24,active,post paid,No contract,Nova Starter,Bundle,8000,15107,,706,8000,CARD,3G,-999.0,,3.0
CUST03275,SUB03275,PROD005,2348047940467,Customer 3275, f,60+,Ibadan,South South,,27/06/2021,Suspended,Postpaid,Monthly,Nova Starter,Bundle,8000,51376,3190.0,391,8000,Card,4g,-999.0,1.0,2.0
CUST03276,SUB03276,PROD003,2348077758254,Customer 3276,m ,18-25,Enugu,South East,,2025-08-13,,post paid,monthly,Nova Hybrid Plus,Bundle,18000,,,712,18000,bank transfer,,-100.0,1.0,4.0
CUST03277,SUB03277,PROD002,2348052524504,Customer 3277,Male,18-25,Ibadan,South West,Premium,2024-04-12,active,prepaid,ANNUAL,Nova Unlimited Voice,Voice,12000,61016,,465,12000,Card,4G,-999.0,0.0,2.0
CUST03278,SUB03278,PROD004,2348054212876,Customer 3278,male,18-25, Abuja ,South East,Corporate,2024-10-31,Active,post paid,No contract,Nova SME Connect,Business,35000,,3011.0,381,35000,Card,4G,-102.0,,1.0
CUST03279,SUB03279,PROD003,2348080383735,Customer 3279,FEMALE,,lagos,South South,Premium,2023-08-30,Active,prepaid,No contract,Nova Hybrid Plus,Bundle,18000,,2847.0,430,18000,USSD,,-999.0,2.0,5.0
CUST03280,SUB03280,PROD005,2348019385314, Customer 3280 ,MALE,,Abuja,South South,,2022-11-21,Cancelled,Postpaid,No contract,Nova Starter,Bundle,8000,,2286.0,495,8000,bank transfer,3G,-999.0,2.0,4.0
CUST03281,SUB03281,PROD003,2348089647033,Customer 3281,Female,26-35,Abuja,North West,Basic,2024-01-27,cancelled,Postpaid,No contract,Nova Hybrid Plus,Bundle,18000,,35.0,419,18000,CARD,5G,-999.0,5.0,4.0
CUST03282,SUB03282,PROD003,2348060706824,Customer 3282,m ,26-35,LAGOS,South West,Standard,2025-04-17,Active,prepaid,No contract,Nova Hybrid Plus,Bundle,18000,88927,,112,18000,CARD,,-999.0,0.0,
CUST03283,SUB03283,PROD002,2348086863813,Customer 3283,Male,46-60,portharcourt,North West,Basic,2024-08-31,Cancelled,post paid,ANNUAL,Nova Unlimited Voice,Voice,12000,28724,,251,12000,Bank Transfer,3G,,0.0,5.0
CUST03284,SUB03284,PROD001,2348064950790,Customer 3284,Male,46-60,,South South,,2025-11-26,active,Postpaid,monthly,Nova Premium 5G,Data,25000,45000MB,873.0,498,,,LTE,,0.0,2.0
CUST03285,SUB03285,PROD005,2348042284504,Customer 3285,Female,60+,Ibadan,South West,Premium,2022-09-17,Actv,POSTPAID,Monthly,Nova Starter,Bundle,8000,,3220.0,361,,bank transfer,4G,-97.0,,4.0
CUST03286,SUB03286,PROD004,2348035425314,Customer 3286,Female,26-35,lagos,North Central,Basic,2022-04-12,Active,Postpaid,Monthly,Nova SME Connect,Business,35000,,575.0,519,35000,USSD,3G,-54.0,5.0,
CUST03287,SUB03287,PROD002,2348085161526,Customer 3287,Female,, Abuja ,North West,,2025-11-17,Active,prepaid,monthly,Nova Unlimited Voice,Voice,12000,58979,,33,,CARD,5G,-999.0,2.0,3.0
CUST03288,SUB03288,PROD003,2348080182544,Customer 3288,M,,Ibadan,South East,STANDARD,2021-07-19,Active,Prepaid,Monthly,Nova Hybrid Plus,Bundle,18000,45000MB,934.0,150,18000,Bank Transfer,4G,-999.0,2.0,5.0
CUST03289,SUB03289,PROD004,2348042561144,Customer 3289,M,26-35,Port Harcourt,South East,,2021-09-01,Active,POSTPAID,Monthly,Nova SME Connect,Business,35000,27853,,49,35000,CARD,LTE,-999.0,2.0,3.0
CUST03290,SUB03290,PROD004,2348065719499,Customer 3290,Male,, Abuja ,South South,,2023-08-07,SUSPENDED,post paid,No contract,Nova SME Connect,Business,35000,,1828.0,596,35000,bank transfer,4g,,5.0,5.0
CUST03291,SUB03291,PROD002,2348034040365,Customer 3291, f,18-25,Port Harcourt,South South,Basic,2024-12-24,Suspended,prepaid,ANNUAL,Nova Unlimited Voice,Voice,12000,45000MB,,112,,,3G,,1.0,4.0
CUST03292,SUB03292,PROD004,2348094171164,Customer 3292,Male,26-35,portharcourt,South East,premium ,2024-03-04,Cancelled,post paid,ANNUAL,Nova SME Connect,Business,35000,39867,3510.0,269,35000,,,-91.0,,5.0
CUST03293,SUB03293,PROD002,2348046350396,Customer 3293,Male,18-25,portharcourt,South East,premium ,2024-02-04,cancelled,Postpaid,Monthly,Nova Unlimited Voice,Voice,12000,,,322,,CARD,LTE,-999.0,1.0,4.0
CUST03294,SUB03294,PROD005,2348035277968,Customer 3294,Female,,lagos,South South,Basic,2023-05-05,Suspended,POSTPAID,No contract,Nova Starter,Bundle,8000,49672,3465.0,509,8000,Cash,5G,,2.0,1.0
CUST03295,SUB03295,PROD003,2348088439530,Customer 3295,MALE,36-45,Port Harcourt,North Central,Standard,2023-07-05,Active,Prepaid,Monthly,Nova Hybrid Plus,Bundle,18000,,1972.0,676,18000,Card,5G,-55.0,5.0,3.0
CUST03296,SUB03296,PROD002,2348019319338,Customer 3296,M,60+,Kano,South West,Standard,2025-04-26,active,POSTPAID,ANNUAL,Nova Unlimited Voice,Voice,12000,14794,,286,,bank transfer,3G,-999.0,0.0,5.0
CUST03297,SUB03297,PROD003,2348072247140,Customer 3297,Female,60+,Abuja,North Central,Corporate,2023-04-15,Actv,Prepaid,No contract,Nova Hybrid Plus,Bundle,18000,9622,3987.0,369,18000,CARD,5G,,1.0,
CUST03298,SUB03298,PROD003,2348012716491,Customer 3298,Male,46-60,Abuja,North West,Corporate,2025-05-09,Active,Postpaid,Annual,Nova Hybrid Plus,Bundle,18000,45000MB,869.0,756,,USSD,,,1.0,
CUST03299,SUB03299,PROD001,2348058741807,Customer 3299,M,60+, Abuja ,South West,Corporate,2025-05-24,SUSPENDED,post paid,No contract,Nova Premium 5G,Data,25000,45000MB,2885.0,446,25000,bank transfer,LTE,-999.0,0.0,5.0
CUST03300,SUB03300,PROD004,2348098813505, Customer 3300 ,Male,46-60,Abuja,South East,Premium,21/11/2024,ACTIVE,Postpaid,monthly,Nova SME Connect,Business,35000,88716,3488.0,437,35000,Cash,LTE,,,5.0
CUST03301,SUB03301,PROD001,2348064789754,Customer 3301,Male,18-25,lagos,South West,premium ,2024-06-08,Actv,post paid,No contract,Nova Premium 5G,Data,25000,45000MB,,659,,Cash,4g,-999.0,2.0,3.0
CUST03302,SUB03302,PROD005,2348052190260,Customer 3302,F,18-25,Abuja,North West,,2022-12-18,Suspended,prepaid,monthly,Nova Starter,Bundle,8000,4931,,331,8000,Bank Transfer,3G,-53.0,,5.0
CUST03303,SUB03303,PROD002,2348013472023,Customer 3303,F,60+,Lagos,North West,premium ,2024-08-03,active,Postpaid,monthly,Nova Unlimited Voice,Voice,12000,10014,2053.0,790,,USSD,3G,,2.0,3.0
CUST03304,SUB03304,PROD003,2348097234610,Customer 3304,,26-35,portharcourt,North Central,Basic,2024-09-21,cancelled,Prepaid,Annual,Nova Hybrid Plus,Bundle,18000,45000MB,2754.0,731,18000,USSD,4g,-65.0,5.0,3.0
CUST03305,SUB03305,PROD003,2348038896283,Customer 3305,Male,,Ibadan,South West,Corporate,2021-08-20,active,Prepaid,ANNUAL,Nova Hybrid Plus,Bundle,18000,,,476,18000,Cash,5G,,0.0,
CUST03306,SUB03306,PROD003,2348051993505,Customer 3306,FEMALE,60+,Kano,South South,Basic,2022-04-09,ACTIVE,prepaid,monthly,Nova Hybrid Plus,Bundle,18000,,,522,18000,USSD,LTE,-73.0,0.0,
CUST03307,SUB03307,PROD002,2348020612816,Customer 3307,male,26-35,portharcourt,North West,premium ,2021-02-22,Cancelled,prepaid,Monthly,Nova Unlimited Voice,Voice,12000,,,791,12000,bank transfer,4G,-94.0,5.0,4.0
CUST03308,SUB03308,PROD004,2348058456495,Customer 3308,Male,26-35,Enugu,South West,,2025-07-21,Actv,prepaid,No contract,Nova SME Connect,Business,35000,73173,,711,35000,,4G,-999.0,5.0,3.0
CUST03309,SUB03309,PROD004,2348099166914,Customer 3309,Female,18-25, Abuja ,North West,Premium,2023-11-15,Actv,Prepaid,Annual,Nova SME Connect,Business,35000,48915,,32,,bank transfer,,-81.0,5.0,4.0
CUST03310,SUB03310,PROD001,2348043696026,Customer 3310,Male,,lagos,North Central,,2025-08-13,Cancelled,Postpaid,No contract,Nova Premium 5G,Data,25000,49411,2337.0,569,,bank transfer,4G,-999.0,5.0,
CUST03311,SUB03311,PROD002,2348089701036,Customer 3311,M,60+,Abuja,South East,Basic,2023-02-26,SUSPENDED,prepaid,ANNUAL,Nova Unlimited Voice,Voice,12000,72689,1018.0,554,,Cash,5G,-84.0,1.0,
CUST03312,SUB03312,PROD005,2348030555083,Customer 3312,F,46-60,,South East,premium ,2021-09-16,Active,prepaid,ANNUAL,Nova Starter,Bundle,8000,,1565.0,347,,Bank Transfer,4G,,5.0,3.0
CUST03313,SUB03313,PROD004,2348085956530,Customer 3313,Male,36-45,Abuja,South East,Basic,2022-10-26,Active,POSTPAID,monthly,Nova SME Connect,Business,35000,50312,1878.0,285,35000,Cash,4g,-999.0,1.0,
CUST03314,SUB03314,PROD001,2348088399547,Customer 3314,Female,,Lagos,South South,Standard,2022-12-04,active,post paid,monthly,Nova Premium 5G,Data,25000,41662,3370.0,682,,Card,4g,-86.0,,2.0
CUST03315,SUB03315,PROD003,2348040009087,Customer 3315,,46-60,Lagos,North West,Premium,2022-05-12,Active,prepaid,ANNUAL,Nova Hybrid Plus,Bundle,18000,42590,,54,,,4G,-999.0,1.0,5.0
CUST03316,SUB03316,PROD004,2348089137608,Customer 3316,M,46-60,Lagos,North Central,Corporate,2021-12-27,active,post paid,ANNUAL,Nova SME Connect,Business,35000,68917,3542.0,239,,Bank Transfer,5G,,5.0,1.0
CUST03317,SUB03317,PROD004,2348077399370,Customer 3317,Male,46-60,Kano,South South,premium ,2021-08-13,SUSPENDED,prepaid,Annual,Nova SME Connect,Business,35000,45000MB,,518,35000,Card,4G,-106.0,5.0,3.0
CUST03318,SUB03318,PROD003,2348028009173,Customer 3318,Female,46-60,Port Harcourt,North West,STANDARD,2024-06-09,Active,POSTPAID,Monthly,Nova Hybrid Plus,Bundle,18000,,2882.0,231,18000,USSD,4g,-90.0,5.0,
CUST03319,SUB03319,PROD002,2348062088400,Customer 3319,Male,36-45,Lagos,North West,STANDARD,2022-12-23,Suspended,Postpaid,Annual,Nova Unlimited Voice,Voice,12000,66992,2019.0,555,12000,Card,5G,,0.0,1.0
CUST03320,SUB03320,PROD002,2348098860811, Customer 3320 ,Unknown,60+,lagos,North Central,Premium,2022-08-15,ACTIVE,prepaid,No contract,Nova Unlimited Voice,Voice,12000,,950.0,390,12000,Card,5G,-70.0,1.0,2.0
CUST03321,SUB03321,PROD004,2348088684395,Customer 3321, f,18-25,,North Central,Basic,2023-07-20,Active,Postpaid,monthly,Nova SME Connect,Business,35000,22544,,443,35000,Cash,3G,-61.0,,5.0
CUST03322,SUB03322,PROD005,2348097614836,Customer 3322,Female,26-35,Ibadan,South West,Corporate,2024-10-31,Suspended,Postpaid,ANNUAL,Nova Starter,Bundle,8000,26901,,200,,Cash,4G,,0.0,
CUST03323,SUB03323,PROD001,2348095294738,Customer 3323,male,60+,Enugu,South West,,2022-01-31,SUSPENDED,prepaid,Annual,Nova Premium 5G,Data,25000,45000MB,1809.0,617,25000,Cash,5G,-77.0,2.0,4.0
CUST03324,SUB03324,PROD002,2348040801896,Customer 3324,Unknown,26-35,Port Harcourt,South East,,2025-07-08,Active,post paid,monthly,Nova Unlimited Voice,Voice,12000,,1101.0,250,,CARD,4g,,0.0,3.0
CUST03325,SUB03325,PROD004,2348040489902,Customer 3325,Female,36-45, Abuja ,South West,premium ,18/04/2022,Active,POSTPAID,No contract,Nova SME Connect,Business,35000,20377,,26,35000,Card,3G,,1.0,4.0
CUST03326,SUB03326,PROD003,2348013959218,Customer 3326,female,36-45,Port Harcourt,South South,,2022-01-12,Cancelled,Prepaid,ANNUAL,Nova Hybrid Plus,Bundle,18000,43971,,24,,CARD,4g,,,4.0
CUST03327,SUB03327,PROD002,2348083643532,Customer 3327,FEMALE,36-45,Ibadan,South East,premium ,2024-06-19,Cancelled,POSTPAID,Annual,Nova Unlimited Voice,Voice,12000,,,234,,Card,3G,,5.0,1.0
CUST03328,SUB03328,PROD002,2348028151040,Customer 3328,Female,18-25, Abuja ,North Central,Basic,2021-07-09,SUSPENDED,POSTPAID,monthly,Nova Unlimited Voice,Voice,12000,23718,757.0,561,12000,USSD,3G,-102.0,1.0,4.0
CUST03329,SUB03329,PROD005,2348064547524,Customer 3329,M,46-60, Abuja ,North West,Premium,2021-11-16,,post paid,Monthly,Nova Starter,Bundle,8000,,1235.0,137,,USSD,4G,,,2.0
CUST03330,SUB03330,PROD005,2348068380599,Customer 3330, f,36-45,Kano,South East,Basic,2025-06-30,Actv,prepaid,Monthly,Nova Starter,Bundle,8000,45000MB,3326.0,598,8000,USSD,4g,-69.0,1.0,5.0
CUST03331,SUB03331,PROD003,2348028255914,Customer 3331,FEMALE,46-60,Kano,North West,Corporate,2024-09-21,active,post paid,monthly,Nova Hybrid Plus,Bundle,18000,45000MB,1468.0,341,18000,Bank Transfer,LTE,-999.0,0.0,
CUST03332,SUB03332,PROD002,2348030298888,Customer 3332,Unknown,60+,Lagos,North Central,Basic,2025-04-19,active,Postpaid,No contract,Nova Unlimited Voice,Voice,12000,45000MB,,5,12000,USSD,LTE,-105.0,1.0,3.0
CUST03333,SUB03333,PROD001,2348028739964,Customer 3333,,26-35,LAGOS,North Central,,2021-06-05,active,Prepaid,Monthly,Nova Premium 5G,Data,25000,,687.0,24,25000,Cash,5G,-999.0,,4.0
CUST03334,SUB03334,PROD005,2348094589020,Customer 3334,Male,18-25,lagos,South West,Corporate,2021-08-11,,POSTPAID,monthly,Nova Starter,Bundle,8000,70237,,704,,Card,,-999.0,2.0,2.0
CUST03335,SUB03335,PROD004,2348046049865,Customer 3335,male,,,South East,Standard,2023-06-20,SUSPENDED,Prepaid,Monthly,Nova SME Connect,Business,35000,45000MB,1385.0,520,35000,Cash,5G,-106.0,5.0,4.0
CUST03336,SUB03336,PROD005,2348071408154,Customer 3336,Female,60+,,North West,Basic,2024-10-02,,POSTPAID,Monthly,Nova Starter,Bundle,8000,,167.0,589,8000,CARD,LTE,-110.0,2.0,2.0
CUST03337,SUB03337,PROD002,2348073466522,Customer 3337,Male,60+,Lagos,North West,STANDARD,2023-08-16,Active,Postpaid,ANNUAL,Nova Unlimited Voice,Voice,12000,88156,,508,,USSD,3G,-104.0,0.0,2.0
CUST03338,SUB03338,PROD002,2348074669519,Customer 3338,M,36-45,lagos,South South,Premium,2021-05-08,Cancelled,post paid,Monthly,Nova Unlimited Voice,Voice,12000,22253,,162,12000,Bank Transfer,5G,-67.0,5.0,3.0
CUST03339,SUB03339,PROD003,2348069397152,Customer 3339,Male,60+,LAGOS,South East,premium ,2025-04-18,Active,Postpaid,monthly,Nova Hybrid Plus,Bundle,18000,,,650,18000,CARD,4G,,0.0,2.0
CUST03340,SUB03340,PROD001,2348068876507, Customer 3340 ,,36-45,lagos,South West,Corporate,2021-06-30,SUSPENDED,POSTPAID,Annual,Nova Premium 5G,Data,25000,45000MB,2049.0,284,,CARD,3G,,1.0,5.0
CUST03341,SUB03341,PROD004,2348039597182,Customer 3341,Male,26-35, Abuja ,North West,,2024-01-29,Active,Postpaid,ANNUAL,Nova SME Connect,Business,35000,88695,,36,,Bank Transfer,5G,-999.0,0.0,4.0
CUST03342,SUB03342,PROD005,2348065075960,Customer 3342,Male,46-60,Enugu,South East,STANDARD,2024-12-11,Cancelled,post paid,Annual,Nova Starter,Bundle,8000,85129,,385,8000,Cash,4g,,2.0,4.0
CUST03343,SUB03343,PROD002,2348028366749,Customer 3343,Male,60+,Kano,North Central,Standard,2024-06-17,cancelled,post paid,No contract,Nova Unlimited Voice,Voice,12000,45000MB,,45,,Bank Transfer,,-84.0,0.0,3.0
CUST03344,SUB03344,PROD005,2348098126099,Customer 3344,F,36-45,Kano,South South,Premium,2024-10-26,Active,POSTPAID,Annual,Nova Starter,Bundle,8000,86017,2116.0,448,,Bank Transfer,LTE,,5.0,
CUST03345,SUB03345,PROD003,2348028346400,Customer 3345,F,36-45,,South East,Standard,2025-02-06,Active,POSTPAID,No contract,Nova Hybrid Plus,Bundle,18000,,,728,18000,USSD,LTE,-999.0,0.0,1.0
CUST03346,SUB03346,PROD003,2348083767449,Customer 3346,Male,18-25, Abuja ,South East,Standard,2025-06-06,SUSPENDED,POSTPAID,ANNUAL,Nova Hybrid Plus,Bundle,18000,40468,,724,18000,Card,4G,-999.0,,4.0
CUST03347,SUB03347,PROD002,2348067156594,Customer 3347,Male,36-45,Lagos,North Central,Premium,2025-01-20,Suspended,post paid,monthly,Nova Unlimited Voice,Voice,12000,45000MB,,787,12000,Cash,4G,,5.0,
CUST03348,SUB03348,PROD005,2348090372102,Customer 3348,male,,,South West,Standard,2021-01-11,Active,POSTPAID,ANNUAL,Nova Starter,Bundle,8000,32886,,539,,Bank Transfer,3G,,0.0,1.0
CUST03349,SUB03349,PROD002,2348022822243,Customer 3349,male,36-45,Abuja,South East,STANDARD,2025-11-24,,POSTPAID,No contract,Nova Unlimited Voice,Voice,12000,45000MB,2782.0,654,,CARD,5G,-999.0,0.0,4.0
CUST03350,SUB03350,PROD001,2348027940184,Customer 3350,Male,18-25,Ibadan,South West,Standard,02/12/2024,Suspended,post paid,monthly,Nova Premium 5G,Data,25000,67219,2172.0,769,25000,Card,LTE,,,1.0
CUST03351,SUB03351,PROD003,2348048653010,Customer 3351,M,18-25,Enugu,North Central,Basic,2024-02-24,Suspended,Postpaid,ANNUAL,Nova Hybrid Plus,Bundle,18000,,,413,18000,bank transfer,LTE,,5.0,2.0
CUST03352,SUB03352,PROD004,2348050694353,Customer 3352,Male,18-25,Abuja,South East,STANDARD,2023-02-06,,prepaid,Monthly,Nova SME Connect,Business,35000,45000MB,2153.0,238,,Bank Transfer,LTE,,2.0,2.0
CUST03353,SUB03353,PROD004,2348073360937,Customer 3353,,36-45,Lagos,North Central,,2025-09-08,,prepaid,ANNUAL,Nova SME Connect,Business,35000,,,108,35000,Bank Transfer,5G,-109.0,5.0,4.0
CUST03354,SUB03354,PROD005,2348050382877,Customer 3354,Female,46-60,,North West,Corporate,2021-12-11,active,post paid,ANNUAL,Nova Starter,Bundle,8000,,,382,8000,Cash,4G,,1.0,4.0
CUST03355,SUB03355,PROD005,2348041181898,Customer 3355,Male,18-25,Abuja,North West,,2023-10-09,Active,Postpaid,ANNUAL,Nova Starter,Bundle,8000,82054,2946.0,687,8000,bank transfer,3G,-64.0,0.0,4.0
CUST03356,SUB03356,PROD003,2348062882611,Customer 3356,Female,26-35,LAGOS,South South,STANDARD,2021-03-02,active,Prepaid,monthly,Nova Hybrid Plus,Bundle,18000,68981,2463.0,325,,Card,4G,-999.0,,1.0
CUST03357,SUB03357,PROD003,2348049965506,Customer 3357,Female,60+, Abuja ,North West,premium ,2022-10-14,SUSPENDED,Postpaid,No contract,Nova Hybrid Plus,Bundle,18000,,,494,,Bank Transfer,4G,-61.0,5.0,3.0
CUST03358,SUB03358,PROD004,2348034175908,Customer 3358,male,,Abuja,North Central,Corporate,2025-04-19,active,post paid,Monthly,Nova SME Connect,Business,35000,,3447.0,628,,USSD,,-999.0,,5.0
CUST03359,SUB03359,PROD004,2348073016615,Customer 3359,Male,36-45,portharcourt,North West,,2021-09-10,active,Prepaid,Annual,Nova SME Connect,Business,35000,45000MB,2823.0,613,35000,bank transfer,,,1.0,5.0
CUST03360,SUB03360,PROD005,2348017524313, Customer 3360 ,Female,18-25,Abuja,North West,Premium,2024-05-09,ACTIVE,Postpaid,ANNUAL,Nova Starter,Bundle,8000,35649,,615,,Card,4G,,2.0,1.0
CUST03361,SUB03361,PROD003,2348061342005,Customer 3361,Male,60+,Abuja,South East,Basic,2025-02-27,cancelled,Prepaid,ANNUAL,Nova Hybrid Plus,Bundle,18000,,3628.0,701,18000,bank transfer,5G,-999.0,5.0,1.0
CUST03362,SUB03362,PROD001,2348067081230,Customer 3362,Female,,lagos,South East,Basic,2022-03-09,,prepaid,No contract,Nova Premium 5G,Data,25000,20612,,614,25000,CARD,5G,-999.0,5.0,3.0
CUST03363,SUB03363,PROD002,2348088624260,Customer 3363,Female,18-25,Port Harcourt,South East,,2024-04-11,Cancelled,Postpaid,monthly,Nova Unlimited Voice,Voice,12000,45000MB,,707,,CARD,3G,,0.0,2.0
CUST03364,SUB03364,PROD004,2348065893354,Customer 3364, f,18-25, Abuja ,South East,,2021-04-23,active,prepaid,No contract,Nova SME Connect,Business,35000,45000MB,3190.0,604,,Bank Transfer,4G,-67.0,2.0,1.0
CUST03365,SUB03365,PROD004,2348032891580,Customer 3365,m ,18-25,Port Harcourt,South East,,2024-02-23,cancelled,Postpaid,Monthly,Nova SME Connect,Business,35000,,1129.0,767,35000,Bank Transfer,,-93.0,2.0,2.0
CUST03366,SUB03366,PROD001,2348016874944,Customer 3366,,,Ibadan,North West,STANDARD,2022-12-02,Cancelled,POSTPAID,ANNUAL,Nova Premium 5G,Data,25000,84303,1632.0,514,25000,Cash,4G,,,4.0
CUST03367,SUB03367,PROD003,2348084321099,Customer 3367,Male,60+,portharcourt,North Central,Corporate,2023-09-23,Cancelled,post paid,Annual,Nova Hybrid Plus,Bundle,18000,27597,3269.0,20,,USSD,4g,,2.0,1.0
CUST03368,SUB03368,PROD002,2348020327896,Customer 3368,Male,18-25,Kano,North Central,Premium,2023-10-02,Actv,POSTPAID,Monthly,Nova Unlimited Voice,Voice,12000,64181,1234.0,332,,Bank Transfer,4G,,2.0,1.0
CUST03369,SUB03369,PROD003,2348089495285,Customer 3369,Male,46-60,lagos,North West,premium ,2021-12-01,ACTIVE,POSTPAID,monthly,Nova Hybrid Plus,Bundle,18000,,44.0,588,18000,USSD,5G,-999.0,5.0,4.0
CUST03370,SUB03370,PROD003,2348074624185,Customer 3370,M,26-35,portharcourt,South South,,2024-02-13,ACTIVE,Prepaid,ANNUAL,Nova Hybrid Plus,Bundle,18000,51876,2554.0,348,18000,Cash,5G,-64.0,5.0,1.0
CUST03371,SUB03371,PROD003,2348099167286,Customer 3371,M,46-60, Abuja ,North Central,,2023-03-14,ACTIVE,prepaid,No contract,Nova Hybrid Plus,Bundle,18000,,,83,18000,Cash,4G,-84.0,,4.0
CUST03372,SUB03372,PROD004,2348065902196,Customer 3372,Female,60+, Abuja ,South East,Corporate,2025-09-30,Cancelled,Prepaid,Monthly,Nova SME Connect,Business,35000,46421,941.0,171,35000,Cash,5G,,5.0,5.0
CUST03373,SUB03373,PROD004,2348066922599,Customer 3373,Female,60+,lagos,South East,premium ,2024-03-19,Active,Prepaid,ANNUAL,Nova SME Connect,Business,35000,45000MB,302.0,711,35000,USSD,5G,-87.0,2.0,5.0
CUST03374,SUB03374,PROD003,2348038759508,Customer 3374,Female,46-60,Kano,North West,premium ,2021-06-29,Suspended,post paid,No contract,Nova Hybrid Plus,Bundle,18000,,2430.0,792,18000,Bank Transfer,3G,-81.0,5.0,1.0
CUST03375,SUB03375,PROD002,2348026904346,Customer 3375,Male,46-60,Enugu,South South,premium ,09/11/2024,Cancelled,prepaid,Annual,Nova Unlimited Voice,Voice,12000,46920,1507.0,519,12000,CARD,LTE,,2.0,
CUST03376,SUB03376,PROD002,2348048775507,Customer 3376,Female,,Lagos,South South,,2025-11-03,Active,Postpaid,No contract,Nova Unlimited Voice,Voice,12000,,,182,12000,bank transfer,,-999.0,1.0,4.0
CUST03377,SUB03377,PROD003,2348061447831,Customer 3377,MALE,26-35,Abuja,South South,Premium,2022-09-17,Actv,post paid,ANNUAL,Nova Hybrid Plus,Bundle,18000,,,279,,Bank Transfer,3G,-94.0,1.0,3.0
CUST03378,SUB03378,PROD003,2348042032739,Customer 3378,female,18-25,,South East,Standard,2024-03-01,Active,POSTPAID,monthly,Nova Hybrid Plus,Bundle,18000,45000MB,,671,18000,USSD,3G,-999.0,0.0,3.0
CUST03379,SUB03379,PROD005,2348096332548,Customer 3379,F,36-45,Abuja,South South,Premium,2023-10-17,active,post paid,monthly,Nova Starter,Bundle,8000,64405,3086.0,775,8000,,,,0.0,3.0
CUST03380,SUB03380,PROD002,2348046221208, Customer 3380 ,Unknown,,Abuja,South South,Basic,2023-03-10,Cancelled,Prepaid,Monthly,Nova Unlimited Voice,Voice,12000,68120,2856.0,684,12000,bank transfer,4G,-999.0,2.0,3.0
CUST03381,SUB03381,PROD003,2348052057296,Customer 3381,,18-25,LAGOS,South East,STANDARD,2021-08-05,SUSPENDED,Postpaid,ANNUAL,Nova Hybrid Plus,Bundle,18000,51780,1201.0,246,18000,Card,,,,
CUST03382,SUB03382,PROD002,2348072306233,Customer 3382,female,46-60,LAGOS,South South,premium ,2024-09-29,active,post paid,Annual,Nova Unlimited Voice,Voice,12000,45000MB,449.0,399,12000,USSD,3G,-86.0,1.0,3.0
CUST03383,SUB03383,PROD001,2348031054080,Customer 3383,Female,26-35,,South East,Premium,2022-08-09,cancelled,prepaid,No contract,Nova Premium 5G,Data,25000,,1713.0,122,,CARD,5G,,0.0,2.0
CUST03384,SUB03384,PROD004,2348026841060,Customer 3384,Male,18-25,Port Harcourt,South West,STANDARD,2023-12-13,Active,Postpaid,No contract,Nova SME Connect,Business,35000,33550,,367,35000,Cash,3G,,0.0,
CUST03385,SUB03385,PROD005,2348031904887,Customer 3385,Unknown,, Abuja ,South East,STANDARD,2024-08-18,active,prepaid,Annual,Nova Starter,Bundle,8000,45000MB,1940.0,690,8000,Card,4G,,0.0,1.0
CUST03386,SUB03386,PROD004,2348010644994,Customer 3386,m ,60+,lagos,South West,premium ,2022-10-28,Active,post paid,ANNUAL,Nova SME Connect,Business,35000,,,84,35000,Cash,5G,-999.0,0.0,2.0
CUST03387,SUB03387,PROD005,2348090782991,Customer 3387,FEMALE,46-60,Abuja,South West,premium ,2024-02-21,Suspended,Prepaid,Monthly,Nova Starter,Bundle,8000,45000MB,3276.0,324,8000,Card,,-999.0,5.0,2.0
CUST03388,SUB03388,PROD003,2348034979796,Customer 3388,female,36-45, Abuja ,South South,Standard,2021-10-27,,prepaid,No contract,Nova Hybrid Plus,Bundle,18000,45000MB,1849.0,219,,USSD,LTE,,2.0,3.0
CUST03389,SUB03389,PROD002,2348070911260,Customer 3389,Female,,,South East,Standard,2023-08-13,Actv,post paid,ANNUAL,Nova Unlimited Voice,Voice,12000,23177,,93,,Card,4g,-73.0,0.0,
CUST03390,SUB03390,PROD002,2348051432426,Customer 3390,Female,60+, Abuja ,South West,Basic,2023-04-20,Cancelled,post paid,Annual,Nova Unlimited Voice,Voice,12000,,,153,12000,CARD,4g,,5.0,3.0
CUST03391,SUB03391,PROD001,2348013862246,Customer 3391,male,36-45,portharcourt,North West,Corporate,2023-05-18,Active,post paid,Monthly,Nova Premium 5G,Data,25000,49849,235.0,243,25000,Cash,5G,,,1.0
CUST03392,SUB03392,PROD004,2348025315934,Customer 3392, f,46-60,Abuja,North West,Premium,2021-01-05,Cancelled,POSTPAID,monthly,Nova SME Connect,Business,35000,45000MB,,207,,Bank Transfer,3G,,0.0,2.0
CUST03393,SUB03393,PROD001,2348030183596,Customer 3393,,26-35,Enugu,South West,Corporate,2023-07-22,Active,Postpaid,ANNUAL,Nova Premium 5G,Data,25000,17620,,132,25000,Card,LTE,-61.0,2.0,
CUST03394,SUB03394,PROD001,2348053158282,Customer 3394, f,18-25,lagos,South West,Premium,2024-03-01,Active,post paid,monthly,Nova Premium 5G,Data,25000,45000MB,3450.0,53,25000,Cash,LTE,-71.0,,2.0
CUST03395,SUB03395,PROD002,2348057138517,Customer 3395,FEMALE,,Enugu,South South,premium ,2024-01-29,cancelled,prepaid,ANNUAL,Nova Unlimited Voice,Voice,12000,40093,2097.0,209,,Card,5G,,1.0,5.0
CUST03396,SUB03396,PROD004,2348088224355,Customer 3396,Female,,Lagos,North West,,2021-10-19,ACTIVE,prepaid,ANNUAL,Nova SME Connect,Business,35000,45000MB,,499,35000,USSD,4G,-999.0,,3.0
CUST03397,SUB03397,PROD001,2348094040963,Customer 3397,,,Enugu,North West,STANDARD,2024-02-28,Suspended,prepaid,monthly,Nova Premium 5G,Data,25000,,,411,25000,USSD,3G,,2.0,1.0
CUST03398,SUB03398,PROD002,2348027393857,Customer 3398,MALE,46-60,lagos,South South,premium ,2021-04-23,Cancelled,Prepaid,Monthly,Nova Unlimited Voice,Voice,12000,,1038.0,486,12000,,LTE,,2.0,4.0
CUST03399,SUB03399,PROD004,2348027567999,Customer 3399,Female,46-60,Kano,South West,premium ,2021-08-08,Cancelled,POSTPAID,Monthly,Nova SME Connect,Business,35000,45000MB,3069.0,264,35000,,4g,,5.0,4.0
CUST03400,SUB03400,PROD004,2348037876053, Customer 3400 ,Male,46-60,Lagos,South East,STANDARD,28/11/2022,Suspended,post paid,Annual,Nova SME Connect,Business,35000,45000MB,143.0,169,35000,,5G,-999.0,2.0,1.0
CUST03401,SUB03401,PROD005,2348091072624,Customer 3401,Female,60+,lagos,North West,STANDARD,2024-07-01,cancelled,post paid,ANNUAL,Nova Starter,Bundle,8000,,3623.0,403,8000,Cash,3G,,0.0,5.0
CUST03402,SUB03402,PROD002,2348028010218,Customer 3402,,18-25,LAGOS,South West,Premium,2021-06-10,Cancelled,prepaid,Annual,Nova Unlimited Voice,Voice,12000,30500,,211,,USSD,5G,,1.0,5.0
CUST03403,SUB03403,PROD001,2348037538284,Customer 3403,Male,60+,Kano,South West,premium ,2023-02-26,active,Prepaid,Annual,Nova Premium 5G,Data,25000,45000MB,,420,25000,bank transfer,LTE,-999.0,,5.0
CUST03404,SUB03404,PROD004,2348042824965,Customer 3404,M,46-60,Ibadan,South South,,2024-11-29,Active,prepaid,Annual,Nova SME Connect,Business,35000,,,355,,,,,5.0,1.0
CUST03405,SUB03405,PROD003,2348065926754,Customer 3405,Male,36-45,Lagos,North Central,Standard,2022-05-18,Actv,prepaid,Monthly,Nova Hybrid Plus,Bundle,18000,45000MB,,241,18000,Card,4G,,1.0,2.0
CUST03406,SUB03406,PROD002,2348054014710,Customer 3406,Female,18-25,Port Harcourt,North Central,premium ,2021-08-13,cancelled,post paid,monthly,Nova Unlimited Voice,Voice,12000,45000MB,,60,12000,Cash,LTE,-109.0,1.0,5.0
CUST03407,SUB03407,PROD002,2348069700406,Customer 3407,Male,,Enugu,South East,Standard,2022-06-03,SUSPENDED,POSTPAID,Monthly,Nova Unlimited Voice,Voice,12000,,,661,12000,Card,3G,-999.0,0.0,4.0
CUST03408,SUB03408,PROD001,2348033950094,Customer 3408,Male,26-35,Ibadan,North Central,Corporate,2024-09-19,SUSPENDED,POSTPAID,ANNUAL,Nova Premium 5G,Data,25000,45000MB,3716.0,69,25000,CARD,5G,-105.0,,3.0
CUST03409,SUB03409,PROD004,2348068222631,Customer 3409,F,,,North West,STANDARD,2023-06-15,Active,POSTPAID,ANNUAL,Nova SME Connect,Business,35000,,1344.0,634,35000,Bank Transfer,3G,,2.0,2.0
CUST03410,SUB03410,PROD002,2348031932548,Customer 3410,Male,46-60,Lagos,South East,Basic,2021-10-13,Active,Postpaid,Annual,Nova Unlimited Voice,Voice,12000,45000MB,2334.0,341,12000,Card,4G,,5.0,3.0
CUST03411,SUB03411,PROD001,2348050692752,Customer 3411,Female,46-60,,North Central,premium ,2022-10-06,active,Postpaid,Annual,Nova Premium 5G,Data,25000,45000MB,,148,25000,,4g,-999.0,5.0,2.0
CUST03412,SUB03412,PROD002,2348084381391,Customer 3412,,36-45,Ibadan,North West,,2021-01-25,active,prepaid,Monthly,Nova Unlimited Voice,Voice,12000,30831,,205,12000,bank transfer,LTE,-999.0,1.0,4.0
CUST03413,SUB03413,PROD002,2348017767016,Customer 3413,Male,18-25,Ibadan,South West,STANDARD,2023-08-25,Suspended,prepaid,ANNUAL,Nova Unlimited Voice,Voice,12000,45000MB,,171,,bank transfer,,-999.0,0.0,
CUST03414,SUB03414,PROD002,2348037248328,Customer 3414,Female,,portharcourt,South East,Corporate,2025-07-03,active,post paid,Monthly,Nova Unlimited Voice,Voice,12000,,,32,12000,bank transfer,3G,,1.0,2.0
CUST03415,SUB03415,PROD001,2348042358185,Customer 3415,female,,portharcourt,South East,Corporate,2025-04-25,ACTIVE,Postpaid,monthly,Nova Premium 5G,Data,25000,8663,2415.0,778,25000,Card,LTE,-99.0,0.0,1.0
CUST03416,SUB03416,PROD004,2348052375522,Customer 3416,female,36-45,Abuja,North Central,Basic,2021-01-25,,Prepaid,No contract,Nova SME Connect,Business,35000,45000MB,,276,35000,,4G,,2.0,3.0
CUST03417,SUB03417,PROD003,2348018127994,Customer 3417,Male,,lagos,South East,Basic,2021-02-06,Suspended,post paid,monthly,Nova Hybrid Plus,Bundle,18000,,3309.0,529,,,5G,-999.0,5.0,
CUST03418,SUB03418,PROD001,2348051681079,Customer 3418,Female,36-45,portharcourt,North West,STANDARD,2024-01-07,ACTIVE,post paid,ANNUAL,Nova Premium 5G,Data,25000,67597,12.0,222,25000,Bank Transfer,LTE,,5.0,1.0
CUST03419,SUB03419,PROD005,2348051736647,Customer 3419,Male,26-35,Lagos,South South,Basic,2024-07-21,Actv,prepaid,ANNUAL,Nova Starter,Bundle,8000,45000MB,116.0,569,8000,bank transfer,LTE,-999.0,5.0,2.0
CUST03420,SUB03420,PROD003,2348018620627, Customer 3420 ,MALE,46-60,Ibadan,South East,Basic,2021-02-22,SUSPENDED,Postpaid,monthly,Nova Hybrid Plus,Bundle,18000,45000MB,1196.0,445,,bank transfer,3G,-71.0,,1.0
CUST03421,SUB03421,PROD002,2348021275905,Customer 3421,Female,,Enugu,South East,STANDARD,2024-02-11,Cancelled,POSTPAID,Annual,Nova Unlimited Voice,Voice,12000,12213,3850.0,616,12000,Bank Transfer,4G,-999.0,2.0,
CUST03422,SUB03422,PROD001,2348072808110,Customer 3422,,60+,lagos,South South,premium ,2022-11-14,Suspended,POSTPAID,No contract,Nova Premium 5G,Data,25000,,,534,25000,,4G,-78.0,5.0,4.0
CUST03423,SUB03423,PROD002,2348045626792,Customer 3423,M,36-45,portharcourt,South West,Standard,2021-08-29,cancelled,Prepaid,Annual,Nova Unlimited Voice,Voice,12000,16033,,50,,,3G,-999.0,5.0,3.0
CUST03424,SUB03424,PROD005,2348066705859,Customer 3424,Female,,LAGOS,South South,premium ,2022-10-10,active,Postpaid,monthly,Nova Starter,Bundle,8000,,,738,,CARD,4g,-999.0,2.0,5.0
CUST03425,SUB03425,PROD005,2348091561083,Customer 3425,Unknown,60+,lagos,South West,premium ,20/12/2023,Active,prepaid,Annual,Nova Starter,Bundle,8000,47496,,108,,CARD,,-999.0,0.0,3.0
CUST03426,SUB03426,PROD004,2348024516654,Customer 3426,Male,46-60,LAGOS,South South,STANDARD,2022-12-03,Active,Prepaid,Monthly,Nova SME Connect,Business,35000,,,28,35000,,,-999.0,5.0,
CUST03427,SUB03427,PROD001,2348089022615,Customer 3427,Male,46-60,,South South,premium ,2023-03-12,Actv,prepaid,Annual,Nova Premium 5G,Data,25000,45000MB,2849.0,754,25000,Card,LTE,,,5.0
CUST03428,SUB03428,PROD005,2348099275537,Customer 3428,Female,36-45,lagos,South East,premium ,2025-08-24,Suspended,POSTPAID,Monthly,Nova Starter,Bundle,8000,45000MB,,342,,Bank Transfer,4g,-78.0,1.0,4.0
CUST03429,SUB03429,PROD005,2348040412977,Customer 3429,Unknown,60+,,North Central,premium ,2024-06-19,Suspended,post paid,Monthly,Nova Starter,Bundle,8000,,2049.0,633,8000,Bank Transfer,4g,,0.0,2.0
CUST03430,SUB03430,PROD003,2348062898984,Customer 3430,M,36-45,Kano,North West,Corporate,2021-12-10,Suspended,post paid,No contract,Nova Hybrid Plus,Bundle,18000,45939,2173.0,574,18000,USSD,4G,-999.0,5.0,5.0
CUST03431,SUB03431,PROD002,2348082526178,Customer 3431,Male,46-60,Kano,South East,Premium,2024-07-17,Active,Prepaid,ANNUAL,Nova Unlimited Voice,Voice,12000,,,51,12000,,4g,-999.0,1.0,4.0
CUST03432,SUB03432,PROD003,2348068984123,Customer 3432,Female,26-35,LAGOS,South West,,2024-01-11,Active,Prepaid,monthly,Nova Hybrid Plus,Bundle,18000,45000MB,,595,,Bank Transfer,4g,,2.0,
CUST03433,SUB03433,PROD004,2348044632077,Customer 3433,,18-25,Enugu,South West,Basic,2025-12-05,,prepaid,ANNUAL,Nova SME Connect,Business,35000,45000MB,73.0,336,35000,Cash,4G,-84.0,2.0,5.0
CUST03434,SUB03434,PROD001,2348068036269,Customer 3434, f,60+,portharcourt,North Central,STANDARD,2023-07-31,Suspended,Postpaid,No contract,Nova Premium 5G,Data,25000,52301,3994.0,297,25000,Cash,4g,,2.0,5.0
CUST03435,SUB03435,PROD003,2348069317674,Customer 3435,female,46-60,Abuja,South South,Corporate,2022-06-08,Active,post paid,No contract,Nova Hybrid Plus,Bundle,18000,34793,,730,18000,Card,LTE,-53.0,0.0,2.0
CUST03436,SUB03436,PROD003,2348086063439,Customer 3436,Male,36-45,Enugu,South West,Corporate,2021-10-30,Active,post paid,Annual,Nova Hybrid Plus,Bundle,18000,45000MB,,490,18000,CARD,LTE,-999.0,5.0,2.0
CUST03437,SUB03437,PROD002,2348049025761,Customer 3437,Male,18-25,Kano,North West,premium ,2024-12-05,Cancelled,Postpaid,Annual,Nova Unlimited Voice,Voice,12000,,,725,,USSD,3G,,1.0,4.0
CUST03438,SUB03438,PROD002,2348049092402,Customer 3438,Unknown,26-35,portharcourt,North Central,STANDARD,2022-12-08,Cancelled,Postpaid,ANNUAL,Nova Unlimited Voice,Voice,12000,,2724.0,98,12000,CARD,3G,,2.0,4.0
CUST03439,SUB03439,PROD002,2348072569361,Customer 3439,Male,, Abuja ,South East,Premium,2024-03-18,Active,Postpaid,Annual,Nova Unlimited Voice,Voice,12000,5378,1355.0,519,12000,CARD,LTE,-63.0,5.0,1.0
CUST03440,SUB03440,PROD002,2348081461340, Customer 3440 ,FEMALE,,Kano,North West,STANDARD,2025-08-05,active,Prepaid,ANNUAL,Nova Unlimited Voice,Voice,12000,,,572,12000,Card,3G,,5.0,2.0
CUST03441,SUB03441,PROD003,2348032838489,Customer 3441,female,36-45,Lagos,North West,Premium,2021-05-05,,post paid,monthly,Nova Hybrid Plus,Bundle,18000,60980,1679.0,298,18000,CARD,3G,,2.0,1.0
CUST03442,SUB03442,PROD003,2348072984921,Customer 3442,,,Lagos,South South,,2022-02-09,,Postpaid,monthly,Nova Hybrid Plus,Bundle,18000,,,519,,Bank Transfer,3G,-999.0,5.0,4.0
CUST03443,SUB03443,PROD001,2348035604050,Customer 3443,MALE,26-35, Abuja ,South East,Corporate,2021-02-09,Suspended,Prepaid,ANNUAL,Nova Premium 5G,Data,25000,35462,165.0,399,,USSD,4g,-73.0,2.0,3.0
CUST03444,SUB03444,PROD005,2348032552580,Customer 3444,F,60+,Lagos,North Central,Standard,2025-09-22,cancelled,Postpaid,Annual,Nova Starter,Bundle,8000,55246,1227.0,482,8000,,,-93.0,0.0,2.0
CUST03445,SUB03445,PROD003,2348031534611,Customer 3445,Male,60+,portharcourt,South East,Premium,2022-07-17,Actv,Postpaid,ANNUAL,Nova Hybrid Plus,Bundle,18000,,2694.0,579,18000,USSD,4G,-999.0,1.0,2.0
CUST03446,SUB03446,PROD005,2348070437087,Customer 3446,Male,,Abuja,South South,Basic,2024-05-01,active,Prepaid,Annual,Nova Starter,Bundle,8000,,1405.0,332,8000,USSD,4g,-999.0,0.0,
CUST03447,SUB03447,PROD002,2348046589228,Customer 3447,Female,60+,Port Harcourt,North Central,Basic,2021-07-14,Cancelled,Prepaid,Annual,Nova Unlimited Voice,Voice,12000,45000MB,,291,,Card,4g,,0.0,5.0
CUST03448,SUB03448,PROD005,2348037616560,Customer 3448,F,,LAGOS,South South,Premium,2025-05-16,Active,prepaid,monthly,Nova Starter,Bundle,8000,,574.0,789,,,,-999.0,5.0,5.0
CUST03449,SUB03449,PROD002,2348059517749,Customer 3449,Female,18-25, Abuja ,South East,STANDARD,2024-06-24,Active,prepaid,No contract,Nova Unlimited Voice,Voice,12000,57315,,145,12000,bank transfer,,,1.0,4.0
CUST03450,SUB03450,PROD005,2348026640655,Customer 3450,Female,36-45,Kano,South East,Basic,16/01/2022,Suspended,Postpaid,No contract,Nova Starter,Bundle,8000,,1414.0,789,8000,Card,LTE,,,1.0
CUST03451,SUB03451,PROD005,2348073205164,Customer 3451,Male,36-45,Ibadan,North Central,STANDARD,2021-05-03,ACTIVE,Prepaid,Annual,Nova Starter,Bundle,8000,82599,1006.0,672,8000,Cash,4G,-73.0,2.0,2.0
CUST03452,SUB03452,PROD005,2348029303512,Customer 3452,MALE,, Abuja ,South South,Standard,2024-11-08,active,Prepaid,Monthly,Nova Starter,Bundle,8000,45000MB,,749,8000,,5G,-105.0,,
CUST03453,SUB03453,PROD005,2348046898737,Customer 3453, f,,Enugu,South South,Corporate,2021-01-11,Suspended,Postpaid,No contract,Nova Starter,Bundle,8000,52505,,29,8000,Card,5G,,1.0,2.0
CUST03454,SUB03454,PROD002,2348087525452,Customer 3454,Female,46-60,Ibadan,South South,premium ,2022-02-25,Active,post paid,Annual,Nova Unlimited Voice,Voice,12000,45000MB,644.0,706,12000,Cash,LTE,-75.0,1.0,2.0
CUST03455,SUB03455,PROD004,2348094521147,Customer 3455,Unknown,36-45,Enugu,South West,,2024-08-08,Active,prepaid,Annual,Nova SME Connect,Business,35000,,,251,35000,USSD,LTE,-999.0,0.0,
CUST03456,SUB03456,PROD004,2348038052979,Customer 3456,Male,26-35,Enugu,South West,Basic,2025-06-06,Actv,prepaid,Annual,Nova SME Connect,Business,35000,45000MB,2819.0,799,35000,bank transfer,4G,-90.0,2.0,
CUST03457,SUB03457,PROD004,2348034775851,Customer 3457,F,46-60, Abuja ,South West,,2021-01-09,Active,post paid,No contract,Nova SME Connect,Business,35000,45000MB,1728.0,728,35000,USSD,,-69.0,2.0,2.0
CUST03458,SUB03458,PROD003,2348036628591,Customer 3458,MALE,60+,Port Harcourt,South West,,2025-10-16,,prepaid,No contract,Nova Hybrid Plus,Bundle,18000,45000MB,2716.0,113,18000,Bank Transfer,,-98.0,,1.0
CUST03459,SUB03459,PROD001,2348081915424,Customer 3459,Female,18-25,Kano,North West,Standard,2025-08-21,Active,POSTPAID,Annual,Nova Premium 5G,Data,25000,21700,,736,25000,Bank Transfer,4G,-84.0,0.0,
CUST03460,SUB03460,PROD003,2348070779681, Customer 3460 ,Male,18-25,Ibadan,North Central,Corporate,2021-08-30,SUSPENDED,Prepaid,ANNUAL,Nova Hybrid Plus,Bundle,18000,46486,2654.0,331,,Cash,,-69.0,1.0,5.0
CUST03461,SUB03461,PROD002,2348075137931,Customer 3461,,,lagos,South South,Standard,2025-08-13,active,Prepaid,No contract,Nova Unlimited Voice,Voice,12000,,2139.0,320,,USSD,3G,,0.0,5.0
CUST03462,SUB03462,PROD004,2348032075130,Customer 3462,Female,,Abuja,South East,premium ,2023-03-17,,post paid,Monthly,Nova SME Connect,Business,35000,56021,,471,35000,USSD,,-106.0,2.0,3.0
CUST03463,SUB03463,PROD004,2348052613064,Customer 3463,Female,36-45, Abuja ,North West,Standard,2024-05-17,Active,prepaid,monthly,Nova SME Connect,Business,35000,45000MB,,795,,Card,4g,,2.0,
CUST03464,SUB03464,PROD003,2348050795736,Customer 3464,,26-35,Kano,North West,Basic,2025-02-01,Active,post paid,Annual,Nova Hybrid Plus,Bundle,18000,50510,741.0,336,18000,Card,,,5.0,
CUST03465,SUB03465,PROD001,2348026967151,Customer 3465,Male,26-35,Kano,North Central,STANDARD,2022-03-11,Active,Postpaid,ANNUAL,Nova Premium 5G,Data,25000,87554,1122.0,642,25000,,,,,5.0
CUST03466,SUB03466,PROD004,2348058191312,Customer 3466,Unknown,36-45,,North Central,,2021-05-16,Active,Postpaid,Monthly,Nova SME Connect,Business,35000,,,1,35000,Card,LTE,-999.0,5.0,4.0
CUST03467,SUB03467,PROD005,2348011624201,Customer 3467,female,36-45,LAGOS,South East,Corporate,2021-12-02,active,Postpaid,Annual,Nova Starter,Bundle,8000,,,8,8000,bank transfer,3G,-999.0,2.0,2.0
CUST03468,SUB03468,PROD002,2348077548525,Customer 3468,MALE,60+,LAGOS,South South,Standard,2024-11-29,cancelled,prepaid,monthly,Nova Unlimited Voice,Voice,12000,45000MB,,486,12000,Bank Transfer,3G,-54.0,1.0,1.0
CUST03469,SUB03469,PROD003,2348054049151,Customer 3469,Male,60+,portharcourt,South West,Premium,2023-06-06,cancelled,POSTPAID,monthly,Nova Hybrid Plus,Bundle,18000,45000MB,1353.0,440,18000,Card,3G,-999.0,2.0,2.0
CUST03470,SUB03470,PROD001,2348062998041,Customer 3470,Unknown,26-35,lagos,South East,,2024-06-10,ACTIVE,Postpaid,monthly,Nova Premium 5G,Data,25000,45000MB,,328,25000,USSD,4g,-999.0,0.0,5.0
CUST03471,SUB03471,PROD004,2348025247759,Customer 3471,F,18-25,LAGOS,South East,Premium,2023-05-04,active,Prepaid,monthly,Nova SME Connect,Business,35000,,762.0,470,,Cash,4g,-999.0,5.0,5.0
CUST03472,SUB03472,PROD001,2348032406318,Customer 3472,Male,60+,Port Harcourt,South East,Premium,2024-04-20,Suspended,Postpaid,Monthly,Nova Premium 5G,Data,25000,2377,,488,25000,Bank Transfer,,-999.0,2.0,4.0
CUST03473,SUB03473,PROD004,2348029813005,Customer 3473,Male,46-60,portharcourt,South East,Basic,2023-09-30,Actv,Prepaid,monthly,Nova SME Connect,Business,35000,45000MB,190.0,795,35000,Bank Transfer,,-97.0,2.0,5.0
CUST03474,SUB03474,PROD003,2348010891257,Customer 3474,Female,60+,LAGOS,North Central,,2022-05-21,Active,Postpaid,Annual,Nova Hybrid Plus,Bundle,18000,,,402,18000,USSD,4g,-999.0,2.0,3.0
CUST03475,SUB03475,PROD002,2348059714405,Customer 3475,Male,18-25,Port Harcourt,North Central,Standard,10/06/2021,active,prepaid,Annual,Nova Unlimited Voice,Voice,12000,65022,,281,,Cash,LTE,-999.0,5.0,4.0
CUST03476,SUB03476,PROD005,2348086391048,Customer 3476,Male,46-60,Abuja,South South,Corporate,2022-06-24,active,POSTPAID,No contract,Nova Starter,Bundle,8000,45000MB,341.0,753,,Card,,-999.0,5.0,3.0
CUST03477,SUB03477,PROD004,2348061048888,Customer 3477,Female,18-25,Ibadan,North West,Standard,2021-12-03,Cancelled,Postpaid,monthly,Nova SME Connect,Business,35000,45000MB,,610,35000,Bank Transfer,4g,-78.0,0.0,5.0
CUST03478,SUB03478,PROD003,2348092098765,Customer 3478,F,18-25,Lagos,South East,Premium,2024-05-08,Active,prepaid,ANNUAL,Nova Hybrid Plus,Bundle,18000,45000MB,1875.0,691,18000,Bank Transfer,,,0.0,
CUST03479,SUB03479,PROD001,2348041448369,Customer 3479,Male,46-60,Enugu,North Central,premium ,2025-10-29,cancelled,Prepaid,monthly,Nova Premium 5G,Data,25000,,1319.0,251,25000,CARD,3G,-999.0,5.0,4.0
CUST03480,SUB03480,PROD002,2348086601837, Customer 3480 ,M,18-25,Abuja,South West,Basic,2023-08-08,Cancelled,Postpaid,ANNUAL,Nova Unlimited Voice,Voice,12000,,,548,,bank transfer,,,5.0,3.0
CUST03481,SUB03481,PROD003,2348095199992,Customer 3481,F,60+,,North West,,2025-03-15,Suspended,POSTPAID,No contract,Nova Hybrid Plus,Bundle,18000,,1453.0,419,18000,Cash,4g,-999.0,2.0,
CUST03482,SUB03482,PROD001,2348076090684,Customer 3482,Female,,Lagos,North Central,Corporate,2023-02-22,Active,POSTPAID,monthly,Nova Premium 5G,Data,25000,45000MB,2525.0,318,25000,bank transfer,5G,,2.0,
CUST03483,SUB03483,PROD002,2348033868122,Customer 3483,F,46-60,Port Harcourt,South South,STANDARD,2021-11-10,Cancelled,post paid,No contract,Nova Unlimited Voice,Voice,12000,24656,,182,12000,Cash,5G,,1.0,2.0
CUST03484,SUB03484,PROD004,2348021857768,Customer 3484,male,,Ibadan,North Central,,2024-09-06,SUSPENDED,prepaid,monthly,Nova SME Connect,Business,35000,78489,1483.0,724,35000,CARD,3G,-999.0,0.0,3.0
CUST03485,SUB03485,PROD001,2348017609112,Customer 3485,Female,60+,Ibadan,South West,premium ,2024-09-13,cancelled,Postpaid,monthly,Nova Premium 5G,Data,25000,45000MB,1683.0,769,25000,Cash,,-98.0,2.0,
CUST03486,SUB03486,PROD005,2348060940100,Customer 3486,Unknown,18-25,Ibadan,North Central,Standard,2025-10-21,Cancelled,Prepaid,monthly,Nova Starter,Bundle,8000,45000MB,,569,8000,CARD,,-999.0,5.0,3.0
CUST03487,SUB03487,PROD003,2348055985265,Customer 3487,Female,60+,Ibadan,South East,Basic,2025-09-02,Active,Prepaid,No contract,Nova Hybrid Plus,Bundle,18000,,2897.0,280,18000,Cash,4g,,,4.0
CUST03488,SUB03488,PROD003,2348059754884,Customer 3488,Male,26-35,Kano,North West,,2023-06-24,Active,Postpaid,Annual,Nova Hybrid Plus,Bundle,18000,32863,957.0,332,18000,CARD,4g,-999.0,0.0,4.0
CUST03489,SUB03489,PROD002,2348088534264,Customer 3489,male,60+,Kano,South South,Premium,2024-02-20,Suspended,Prepaid,No contract,Nova Unlimited Voice,Voice,12000,49073,645.0,22,,Cash,4g,-999.0,5.0,1.0
CUST03490,SUB03490,PROD003,2348039390454,Customer 3490,Male,36-45,LAGOS,South West,Premium,2023-10-27,Suspended,prepaid,No contract,Nova Hybrid Plus,Bundle,18000,23826,,750,18000,Card,4G,-83.0,2.0,5.0
CUST03491,SUB03491,PROD001,2348028443149,Customer 3491,Female,,Kano,South South,Corporate,2021-12-15,Active,Prepaid,Annual,Nova Premium 5G,Data,25000,,,727,25000,,4G,-63.0,0.0,5.0
CUST03492,SUB03492,PROD005,2348070567690,Customer 3492,Female,26-35,,North Central,Basic,2022-11-25,active,prepaid,Monthly,Nova Starter,Bundle,8000,43328,1103.0,103,8000,Cash,LTE,-93.0,0.0,2.0
CUST03493,SUB03493,PROD003,2348029389133,Customer 3493,,26-35,Enugu,North Central,Premium,2021-04-21,Active,post paid,Monthly,Nova Hybrid Plus,Bundle,18000,,2892.0,616,18000,CARD,4g,,,
CUST03494,SUB03494,PROD002,2348046039174,Customer 3494,Female,26-35,Enugu,North West,STANDARD,2022-11-03,active,POSTPAID,No contract,Nova Unlimited Voice,Voice,12000,,2431.0,108,,Cash,3G,,2.0,3.0
CUST03495,SUB03495,PROD004,2348066406358,Customer 3495,,26-35,Abuja,South South,Corporate,2025-05-26,Active,Prepaid,Annual,Nova SME Connect,Business,35000,27337,2301.0,35,35000,USSD,5G,-93.0,1.0,
CUST03496,SUB03496,PROD002,2348091963328,Customer 3496,F,18-25,lagos,South East,premium ,2024-07-01,SUSPENDED,prepaid,No contract,Nova Unlimited Voice,Voice,12000,29036,3243.0,50,12000,bank transfer,,,2.0,
CUST03497,SUB03497,PROD003,2348030250219,Customer 3497,,60+,Ibadan,South South,premium ,2022-08-02,,post paid,Monthly,Nova Hybrid Plus,Bundle,18000,,,331,,Bank Transfer,5G,-999.0,5.0,3.0
CUST03498,SUB03498,PROD005,2348083464414,Customer 3498,FEMALE,26-35,Lagos,South East,Standard,2024-05-28,Active,post paid,Monthly,Nova Starter,Bundle,8000,48521,,571,,Cash,LTE,-999.0,2.0,1.0
CUST03499,SUB03499,PROD003,2348027629120,Customer 3499,Female,36-45,lagos,North West,Basic,2021-06-28,SUSPENDED,Postpaid,Monthly,Nova Hybrid Plus,Bundle,18000,45000MB,,792,18000,bank transfer,,-87.0,0.0,
CUST03500,SUB03500,PROD003,2348049436537, Customer 3500 ,F,46-60,Kano,North West,Corporate,14/09/2024,active,POSTPAID,No contract,Nova Hybrid Plus,Bundle,18000,11582,,735,18000,bank transfer,4G,,0.0,2.0
CUST03501,SUB03501,PROD001,2348075708567,Customer 3501,F,46-60,LAGOS,South West,STANDARD,2022-03-02,cancelled,Postpaid,Monthly,Nova Premium 5G,Data,25000,,850.0,597,25000,bank transfer,LTE,,1.0,2.0
CUST03502,SUB03502,PROD002,2348048173503,Customer 3502,,26-35,Port Harcourt,North Central,Basic,2024-02-11,Active,post paid,ANNUAL,Nova Unlimited Voice,Voice,12000,54890,3097.0,435,,Bank Transfer,5G,-999.0,0.0,3.0
CUST03503,SUB03503,PROD002,2348041471480,Customer 3503,M,18-25, Abuja ,South East,Standard,2025-03-23,Active,Prepaid,monthly,Nova Unlimited Voice,Voice,12000,26427,2163.0,732,,Bank Transfer,3G,,0.0,2.0
CUST03504,SUB03504,PROD004,2348059698042,Customer 3504,male,36-45,Port Harcourt,North Central,Premium,2021-10-06,cancelled,post paid,monthly,Nova SME Connect,Business,35000,,,392,35000,CARD,3G,-999.0,1.0,2.0
CUST03505,SUB03505,PROD004,2348027683145,Customer 3505,,26-35,lagos,South South,Basic,2021-01-08,Active,Postpaid,monthly,Nova SME Connect,Business,35000,,853.0,52,35000,Card,LTE,-66.0,1.0,4.0
CUST03506,SUB03506,PROD005,2348068945294,Customer 3506,Male,18-25, Abuja ,North Central,Basic,2022-07-08,,post paid,No contract,Nova Starter,Bundle,8000,45000MB,3325.0,574,,CARD,4G,-999.0,5.0,3.0
CUST03507,SUB03507,PROD004,2348079789922,Customer 3507,FEMALE,26-35,portharcourt,North Central,Corporate,2022-08-21,Suspended,Postpaid,Annual,Nova SME Connect,Business,35000,,,407,,Bank Transfer,3G,-70.0,2.0,1.0
CUST03508,SUB03508,PROD003,2348021558463,Customer 3508,F,,Kano,South South,Standard,2021-02-15,Active,POSTPAID,Monthly,Nova Hybrid Plus,Bundle,18000,,,229,18000,bank transfer,LTE,,1.0,
CUST03509,SUB03509,PROD001,2348060805427,Customer 3509,Male,26-35,Kano,North West,premium ,2024-08-10,Active,prepaid,monthly,Nova Premium 5G,Data,25000,45000MB,1993.0,473,25000,CARD,4g,,0.0,4.0
CUST03510,SUB03510,PROD003,2348063025915,Customer 3510,Female,46-60,,South West,Corporate,2025-09-04,Active,Postpaid,ANNUAL,Nova Hybrid Plus,Bundle,18000,,,645,18000,CARD,,,0.0,2.0
CUST03511,SUB03511,PROD003,2348097848369,Customer 3511,,60+,,South West,Standard,2023-10-24,Active,prepaid,Annual,Nova Hybrid Plus,Bundle,18000,45000MB,,130,18000,Cash,LTE,-999.0,2.0,1.0
CUST03512,SUB03512,PROD001,2348057008942,Customer 3512,Male,46-60,LAGOS,North West,Corporate,2023-11-26,active,Prepaid,No contract,Nova Premium 5G,Data,25000,25949,,517,,Cash,4G,,,
CUST03513,SUB03513,PROD005,2348031052206,Customer 3513,Male,46-60,lagos,South South,Premium,2022-08-23,,Prepaid,Annual,Nova Starter,Bundle,8000,2391,3581.0,594,8000,Cash,,-73.0,2.0,
CUST03514,SUB03514,PROD001,2348023611254,Customer 3514,Female,26-35,Lagos,North Central,,2025-12-01,active,prepaid,Annual,Nova Premium 5G,Data,25000,45000MB,1857.0,311,25000,CARD,5G,-57.0,1.0,5.0
CUST03515,SUB03515,PROD001,2348035705004,Customer 3515,Female,60+,lagos,South West,Corporate,2023-04-02,Suspended,Prepaid,monthly,Nova Premium 5G,Data,25000,45000MB,,688,,,3G,-76.0,,3.0
CUST03516,SUB03516,PROD004,2348097879685,Customer 3516,F,,portharcourt,South South,Basic,2025-11-30,Active,prepaid,Monthly,Nova SME Connect,Business,35000,,,136,35000,Bank Transfer,3G,,5.0,
CUST03517,SUB03517,PROD002,2348020605724,Customer 3517,MALE,46-60,Ibadan,North Central,Corporate,2024-12-20,active,Postpaid,ANNUAL,Nova Unlimited Voice,Voice,12000,29343,,397,12000,Cash,3G,-90.0,5.0,
CUST03518,SUB03518,PROD004,2348081682670,Customer 3518,M,60+,Kano,South West,Corporate,2023-10-26,Active,prepaid,Annual,Nova SME Connect,Business,35000,,159.0,331,,Bank Transfer,,,2.0,5.0
CUST03519,SUB03519,PROD004,2348095067968,Customer 3519,,26-35, Abuja ,South South,STANDARD,2022-01-13,Cancelled,Postpaid,monthly,Nova SME Connect,Business,35000,46306,2896.0,629,35000,USSD,4G,,5.0,
CUST03520,SUB03520,PROD005,2348058160142, Customer 3520 ,male,18-25,LAGOS,South South,STANDARD,2022-02-06,SUSPENDED,Postpaid,monthly,Nova Starter,Bundle,8000,,,595,,Card,5G,-999.0,1.0,1.0
CUST03521,SUB03521,PROD005,2348080149478,Customer 3521,,,Enugu,South South,,2021-12-01,Active,Postpaid,No contract,Nova Starter,Bundle,8000,,164.0,56,8000,bank transfer,,,5.0,2.0
CUST03522,SUB03522,PROD002,2348075596704,Customer 3522,m ,46-60,Enugu,South West,Basic,2025-03-11,Actv,Prepaid,Monthly,Nova Unlimited Voice,Voice,12000,45000MB,,763,,Bank Transfer,4G,,2.0,5.0
CUST03523,SUB03523,PROD005,2348029176904,Customer 3523,m ,, Abuja ,South South,Corporate,2023-03-20,Cancelled,post paid,monthly,Nova Starter,Bundle,8000,,,540,8000,,4G,-999.0,2.0,3.0
CUST03524,SUB03524,PROD005,2348022349977,Customer 3524,Male,26-35,Kano,North West,Premium,2024-11-19,active,Postpaid,Annual,Nova Starter,Bundle,8000,,2970.0,93,8000,USSD,4g,-999.0,2.0,4.0
CUST03525,SUB03525,PROD004,2348018309839,Customer 3525,Male,36-45,Kano,South West,Corporate,18/06/2025,Active,post paid,No contract,Nova SME Connect,Business,35000,88891,,777,35000,CARD,3G,,5.0,5.0
CUST03526,SUB03526,PROD001,2348011034542,Customer 3526,female,36-45,LAGOS,South East,Basic,2021-12-22,Active,post paid,monthly,Nova Premium 5G,Data,25000,8165,708.0,692,,Cash,4G,-97.0,0.0,1.0
CUST03527,SUB03527,PROD005,2348099257378,Customer 3527,,26-35,Enugu,North West,premium ,2021-10-06,Active,Prepaid,Monthly,Nova Starter,Bundle,8000,45000MB,3890.0,110,8000,Cash,,-999.0,0.0,5.0
CUST03528,SUB03528,PROD004,2348013307120,Customer 3528,Unknown,26-35,portharcourt,North Central,STANDARD,2022-05-27,Suspended,post paid,Annual,Nova SME Connect,Business,35000,,,645,,USSD,LTE,,2.0,1.0
CUST03529,SUB03529,PROD003,2348034403343,Customer 3529,,26-35,,South West,STANDARD,2024-02-08,Suspended,post paid,Monthly,Nova Hybrid Plus,Bundle,18000,,3304.0,5,18000,Bank Transfer,3G,-999.0,0.0,4.0
CUST03530,SUB03530,PROD004,2348046568187,Customer 3530,female,18-25, Abuja ,South West,Standard,2021-04-24,active,Prepaid,Monthly,Nova SME Connect,Business,35000,,952.0,561,35000,CARD,LTE,-999.0,5.0,5.0
CUST03531,SUB03531,PROD004,2348087876958,Customer 3531,male,,lagos,South South,Standard,2023-04-03,Active,POSTPAID,ANNUAL,Nova SME Connect,Business,35000,45000MB,3606.0,759,,,LTE,-999.0,0.0,
CUST03532,SUB03532,PROD005,2348064313632,Customer 3532,m ,46-60, Abuja ,North West,Basic,2023-09-08,Active,POSTPAID,No contract,Nova Starter,Bundle,8000,45000MB,,274,8000,Bank Transfer,5G,,,3.0
CUST03533,SUB03533,PROD001,2348067369587,Customer 3533,Male,36-45,Kano,South East,Corporate,2021-09-26,Actv,Postpaid,ANNUAL,Nova Premium 5G,Data,25000,45000MB,,103,25000,Bank Transfer,LTE,-108.0,2.0,1.0
CUST03534,SUB03534,PROD002,2348044416800,Customer 3534,FEMALE,26-35,LAGOS,North Central,STANDARD,2025-02-20,Suspended,prepaid,ANNUAL,Nova Unlimited Voice,Voice,12000,45000MB,,41,12000,USSD,3G,-83.0,,3.0
CUST03535,SUB03535,PROD002,2348044878846,Customer 3535,Female,46-60,Abuja,North Central,Corporate,2025-04-15,Active,Postpaid,Monthly,Nova Unlimited Voice,Voice,12000,53694,1708.0,12,12000,Cash,5G,-999.0,5.0,4.0
CUST03536,SUB03536,PROD005,2348051638328,Customer 3536,female,46-60,Ibadan,North West,,2024-11-18,active,Postpaid,Monthly,Nova Starter,Bundle,8000,45000MB,,274,8000,bank transfer,4g,-93.0,2.0,3.0
CUST03537,SUB03537,PROD002,2348094115977,Customer 3537,Male,60+,lagos,South South,STANDARD,2023-02-24,ACTIVE,Prepaid,Annual,Nova Unlimited Voice,Voice,12000,45000MB,114.0,660,12000,CARD,4g,,2.0,1.0
CUST03538,SUB03538,PROD003,2348079086199,Customer 3538,FEMALE,36-45,lagos,South West,Corporate,2022-02-25,Active,Postpaid,No contract,Nova Hybrid Plus,Bundle,18000,35792,,472,18000,bank transfer,,,,3.0
CUST03539,SUB03539,PROD004,2348013428149,Customer 3539,Female,18-25,Ibadan,North Central,Basic,2024-10-15,Active,prepaid,No contract,Nova SME Connect,Business,35000,22148,,791,,bank transfer,3G,-999.0,0.0,
CUST03540,SUB03540,PROD002,2348071467557, Customer 3540 ,,46-60,Abuja,South West,Corporate,2021-08-07,active,Prepaid,monthly,Nova Unlimited Voice,Voice,12000,45000MB,124.0,368,,,,-999.0,1.0,3.0
CUST03541,SUB03541,PROD003,2348045931001,Customer 3541,M,,LAGOS,North Central,STANDARD,2021-11-09,Active,prepaid,Annual,Nova Hybrid Plus,Bundle,18000,,,65,18000,,5G,,,
CUST03542,SUB03542,PROD004,2348025440713,Customer 3542,Male,46-60,Port Harcourt,South South,Corporate,2021-01-13,SUSPENDED,Postpaid,No contract,Nova SME Connect,Business,35000,45000MB,3986.0,430,35000,USSD,4G,,,3.0
CUST03543,SUB03543,PROD002,2348076390606,Customer 3543,Female,18-25,,North Central,STANDARD,2024-11-03,Active,POSTPAID,Monthly,Nova Unlimited Voice,Voice,12000,,3501.0,326,,USSD,,-999.0,5.0,3.0
CUST03544,SUB03544,PROD002,2348030076303,Customer 3544,Male,18-25,Ibadan,South West,Basic,2023-07-01,SUSPENDED,POSTPAID,monthly,Nova Unlimited Voice,Voice,12000,73569,,225,,CARD,,-999.0,5.0,2.0
CUST03545,SUB03545,PROD001,2348041262654,Customer 3545,Male,36-45,lagos,South West,STANDARD,2025-07-29,Active,Prepaid,monthly,Nova Premium 5G,Data,25000,45000MB,2790.0,593,,,,-999.0,0.0,4.0
CUST03546,SUB03546,PROD004,2348052168125,Customer 3546,Unknown,60+,Kano,North Central,Corporate,2024-01-18,Active,Postpaid,ANNUAL,Nova SME Connect,Business,35000,45000MB,,210,35000,Bank Transfer,,,5.0,5.0
CUST03547,SUB03547,PROD001,2348032741608,Customer 3547,Unknown,36-45,Kano,South West,Premium,2024-05-31,ACTIVE,prepaid,monthly,Nova Premium 5G,Data,25000,45000MB,3966.0,259,,Card,,-69.0,1.0,3.0
CUST03548,SUB03548,PROD001,2348076490277,Customer 3548,Female,60+,Ibadan,South South,premium ,2023-01-20,ACTIVE,post paid,monthly,Nova Premium 5G,Data,25000,,1788.0,781,25000,CARD,4G,-999.0,,
CUST03549,SUB03549,PROD002,2348022338881,Customer 3549,MALE,36-45,Enugu,South South,STANDARD,2021-10-17,Suspended,Prepaid,monthly,Nova Unlimited Voice,Voice,12000,,,333,,Bank Transfer,3G,-999.0,5.0,2.0
CUST03550,SUB03550,PROD001,2348023467991,Customer 3550,,46-60,Ibadan,North Central,,28/08/2025,active,Prepaid,Annual,Nova Premium 5G,Data,25000,,,404,25000,Cash,LTE,,,1.0
CUST03551,SUB03551,PROD005,2348086431801,Customer 3551,F,60+,Kano,South West,Basic,2023-12-25,Cancelled,POSTPAID,Annual,Nova Starter,Bundle,8000,45000MB,2802.0,65,,Card,5G,-999.0,,1.0
CUST03552,SUB03552,PROD003,2348034311938,Customer 3552,Female,, Abuja ,North Central,Basic,2024-11-25,Active,post paid,monthly,Nova Hybrid Plus,Bundle,18000,,2874.0,278,18000,Card,LTE,,2.0,2.0
CUST03553,SUB03553,PROD001,2348075950521,Customer 3553,,60+,Abuja,South West,premium ,2021-01-30,Suspended,prepaid,ANNUAL,Nova Premium 5G,Data,25000,,,794,,Bank Transfer,4g,,1.0,
CUST03554,SUB03554,PROD004,2348051033418,Customer 3554,Female,18-25,Abuja,North West,Standard,2022-03-22,active,Prepaid,Annual,Nova SME Connect,Business,35000,45000MB,3633.0,208,35000,CARD,,-999.0,,1.0
CUST03555,SUB03555,PROD004,2348086487620,Customer 3555,F,18-25,lagos,North West,premium ,2024-07-10,cancelled,prepaid,ANNUAL,Nova SME Connect,Business,35000,70324,3528.0,718,,Cash,5G,-999.0,2.0,
CUST03556,SUB03556,PROD005,2348071001028,Customer 3556,female,,Port Harcourt,South West,Premium,2021-08-23,Active,prepaid,monthly,Nova Starter,Bundle,8000,15851,1593.0,774,,CARD,,-999.0,5.0,5.0
CUST03557,SUB03557,PROD002,2348060011815,Customer 3557,Unknown,26-35,Kano,North West,premium ,2021-08-02,Active,Prepaid,ANNUAL,Nova Unlimited Voice,Voice,12000,,3410.0,423,,Cash,4G,-74.0,1.0,5.0
CUST03558,SUB03558,PROD004,2348031230843,Customer 3558,Male,36-45,Port Harcourt,South East,Basic,2023-08-11,active,prepaid,Annual,Nova SME Connect,Business,35000,,,735,35000,USSD,,,,
CUST03559,SUB03559,PROD002,2348023300027,Customer 3559,Male,26-35,Port Harcourt,South South,Premium,2024-04-11,active,Prepaid,ANNUAL,Nova Unlimited Voice,Voice,12000,45000MB,3483.0,507,,bank transfer,4G,-66.0,2.0,
CUST03560,SUB03560,PROD002,2348016221585, Customer 3560 ,Female,46-60, Abuja ,South South,Basic,2025-01-15,Cancelled,Prepaid,No contract,Nova Unlimited Voice,Voice,12000,5712,,657,,bank transfer,3G,-94.0,1.0,1.0
CUST03561,SUB03561,PROD004,2348094195375,Customer 3561,male,26-35,Port Harcourt,South East,,2025-11-25,ACTIVE,Postpaid,ANNUAL,Nova SME Connect,Business,35000,,,418,35000,USSD,LTE,-999.0,2.0,
CUST03562,SUB03562,PROD003,2348035186010,Customer 3562,FEMALE,26-35,Enugu,North West,,2023-01-02,Active,Prepaid,Annual,Nova Hybrid Plus,Bundle,18000,,2149.0,102,18000,Card,4g,-999.0,2.0,2.0
CUST03563,SUB03563,PROD002,2348091924679,Customer 3563,male,26-35,Kano,North Central,Basic,2025-09-28,cancelled,prepaid,Monthly,Nova Unlimited Voice,Voice,12000,68623,3883.0,555,12000,bank transfer,3G,-999.0,1.0,4.0
CUST03564,SUB03564,PROD004,2348063873676,Customer 3564,Male,36-45, Abuja ,South South,Basic,2022-02-05,Cancelled,prepaid,monthly,Nova SME Connect,Business,35000,,3021.0,139,35000,USSD,LTE,-999.0,2.0,2.0
CUST03565,SUB03565,PROD005,2348069688019,Customer 3565,M,26-35,,South South,Corporate,2021-01-26,Suspended,prepaid,No contract,Nova Starter,Bundle,8000,54560,516.0,664,,CARD,5G,,1.0,4.0
CUST03566,SUB03566,PROD004,2348054147117,Customer 3566,Female,26-35,portharcourt,North Central,Corporate,2023-05-13,cancelled,Postpaid,monthly,Nova SME Connect,Business,35000,,,452,,Card,LTE,,2.0,1.0
CUST03567,SUB03567,PROD002,2348080229130,Customer 3567,Male,18-25,Ibadan,South South,Standard,2025-11-25,,Postpaid,monthly,Nova Unlimited Voice,Voice,12000,,3705.0,482,12000,CARD,4G,-63.0,,5.0
CUST03568,SUB03568,PROD001,2348040683454,Customer 3568,Male,26-35,Enugu,South South,STANDARD,2024-08-23,Suspended,Prepaid,Monthly,Nova Premium 5G,Data,25000,,,716,,USSD,3G,-999.0,0.0,2.0
CUST03569,SUB03569,PROD002,2348038857829,Customer 3569,,26-35,portharcourt,South East,Premium,2025-02-06,Suspended,post paid,ANNUAL,Nova Unlimited Voice,Voice,12000,29498,,405,12000,CARD,4G,-93.0,,4.0
CUST03570,SUB03570,PROD001,2348039706386,Customer 3570,Male,36-45,lagos,South East,premium ,2024-10-21,ACTIVE,prepaid,Monthly,Nova Premium 5G,Data,25000,45000MB,3170.0,640,25000,Cash,4g,-999.0,5.0,5.0
CUST03571,SUB03571,PROD001,2348014645748,Customer 3571,Female,46-60,lagos,North West,Standard,2021-09-07,Cancelled,post paid,monthly,Nova Premium 5G,Data,25000,45000MB,1648.0,603,,Cash,,-999.0,0.0,2.0
CUST03572,SUB03572,PROD002,2348068248919,Customer 3572,,18-25,lagos,South East,Standard,2022-09-02,cancelled,POSTPAID,No contract,Nova Unlimited Voice,Voice,12000,,,456,,,5G,,,3.0
CUST03573,SUB03573,PROD005,2348018326722,Customer 3573, f,26-35,portharcourt,North West,Standard,2025-09-01,Active,prepaid,monthly,Nova Starter,Bundle,8000,,726.0,76,,Card,5G,-99.0,1.0,4.0
CUST03574,SUB03574,PROD004,2348041813935,Customer 3574,male,36-45, Abuja ,North West,Premium,2024-08-29,Active,post paid,ANNUAL,Nova SME Connect,Business,35000,45000MB,,472,35000,,,-81.0,0.0,1.0
CUST03575,SUB03575,PROD002,2348071495301,Customer 3575,Male,60+,Kano,South West,premium ,19/12/2023,Suspended,POSTPAID,Annual,Nova Unlimited Voice,Voice,12000,45000MB,1565.0,774,12000,,5G,-999.0,1.0,
CUST03576,SUB03576,PROD001,2348070324345,Customer 3576,M,18-25,LAGOS,South South,STANDARD,2021-07-17,Active,Postpaid,Monthly,Nova Premium 5G,Data,25000,45000MB,3697.0,265,,Bank Transfer,3G,,2.0,5.0
CUST03577,SUB03577,PROD004,2348021553281,Customer 3577,m ,46-60, Abuja ,North West,Corporate,2024-12-14,Cancelled,POSTPAID,monthly,Nova SME Connect,Business,35000,24762,,512,,Card,4g,-999.0,0.0,3.0
CUST03578,SUB03578,PROD002,2348018727701,Customer 3578,male,36-45,Ibadan,North Central,Standard,2021-12-18,Active,Postpaid,monthly,Nova Unlimited Voice,Voice,12000,45000MB,,756,,Cash,,,0.0,4.0
CUST03579,SUB03579,PROD005,2348060218103,Customer 3579,F,46-60,portharcourt,South South,premium ,2022-03-11,Active,prepaid,Monthly,Nova Starter,Bundle,8000,51895,69.0,798,8000,Bank Transfer,4G,-999.0,2.0,
CUST03580,SUB03580,PROD003,2348034514378, Customer 3580 ,Male,36-45,Lagos,South West,STANDARD,2021-11-09,cancelled,post paid,monthly,Nova Hybrid Plus,Bundle,18000,,,717,18000,CARD,,-999.0,,4.0
CUST03581,SUB03581,PROD002,2348010560002,Customer 3581,,60+,Ibadan,North West,Corporate,2022-11-01,Suspended,Prepaid,monthly,Nova Unlimited Voice,Voice,12000,3579,,134,12000,Cash,4G,-999.0,2.0,5.0
CUST03582,SUB03582,PROD003,2348053595758,Customer 3582,M,,Enugu,South West,Standard,2024-10-19,active,Prepaid,ANNUAL,Nova Hybrid Plus,Bundle,18000,85376,,795,,,LTE,-70.0,5.0,1.0
CUST03583,SUB03583,PROD004,2348069058655,Customer 3583,female,46-60,Kano,South South,Basic,2024-05-03,cancelled,Postpaid,Annual,Nova SME Connect,Business,35000,,252.0,556,35000,Bank Transfer,LTE,,5.0,3.0
CUST03584,SUB03584,PROD005,2348081830300,Customer 3584,M,46-60,Ibadan,North West,,2025-05-17,active,POSTPAID,monthly,Nova Starter,Bundle,8000,45000MB,2647.0,710,,CARD,LTE,-96.0,5.0,1.0
CUST03585,SUB03585,PROD003,2348083662063,Customer 3585,Female,26-35,lagos,South West,Standard,2025-09-11,cancelled,Prepaid,Monthly,Nova Hybrid Plus,Bundle,18000,61570,,245,,,5G,,0.0,1.0
CUST03586,SUB03586,PROD001,2348028384038,Customer 3586,male,36-45,,South South,Basic,2024-05-24,Active,POSTPAID,ANNUAL,Nova Premium 5G,Data,25000,,,681,25000,USSD,4G,-51.0,0.0,3.0
CUST03587,SUB03587,PROD005,2348040290646,Customer 3587,Female,46-60,Ibadan,South East,Corporate,2025-02-04,Active,post paid,Monthly,Nova Starter,Bundle,8000,45000MB,252.0,463,8000,CARD,4G,,5.0,3.0
CUST03588,SUB03588,PROD005,2348018183224,Customer 3588,Female,26-35,Ibadan,South West,Standard,2023-06-06,Active,post paid,Annual,Nova Starter,Bundle,8000,,1166.0,485,8000,Card,5G,-63.0,5.0,1.0
CUST03589,SUB03589,PROD002,2348011832122,Customer 3589,FEMALE,,Lagos,South West,Standard,2022-05-14,Active,Prepaid,ANNUAL,Nova Unlimited Voice,Voice,12000,45000MB,,393,12000,Bank Transfer,3G,-999.0,0.0,1.0
CUST03590,SUB03590,PROD002,2348062251780,Customer 3590,Female,,lagos,South South,,2022-11-18,,prepaid,Monthly,Nova Unlimited Voice,Voice,12000,45000MB,2835.0,347,12000,CARD,4g,-85.0,0.0,4.0
CUST03591,SUB03591,PROD004,2348050549755,Customer 3591,MALE,46-60,Abuja,South West,premium ,2021-06-21,Actv,post paid,ANNUAL,Nova SME Connect,Business,35000,39950,793.0,626,35000,bank transfer,3G,,2.0,
CUST03592,SUB03592,PROD003,2348080499956,Customer 3592,Female,,Kano,North Central,,2024-12-29,Active,POSTPAID,Annual,Nova Hybrid Plus,Bundle,18000,45000MB,,799,18000,Cash,4G,-74.0,0.0,5.0
CUST03593,SUB03593,PROD002,2348082561375,Customer 3593,m ,36-45,lagos,North West,Basic,2025-04-16,ACTIVE,Prepaid,monthly,Nova Unlimited Voice,Voice,12000,45000MB,,355,12000,bank transfer,4g,-999.0,1.0,4.0
CUST03594,SUB03594,PROD001,2348020041449,Customer 3594,Male,,Ibadan,North Central,premium ,2021-01-12,Active,POSTPAID,Monthly,Nova Premium 5G,Data,25000,63327,,125,25000,Cash,3G,,5.0,
CUST03595,SUB03595,PROD002,2348061901198,Customer 3595,Female,18-25,Abuja,South West,STANDARD,2024-03-27,,Prepaid,ANNUAL,Nova Unlimited Voice,Voice,12000,1989,,17,12000,Bank Transfer,4G,-999.0,,4.0
CUST03596,SUB03596,PROD005,2348052859120,Customer 3596,Male,46-60,Abuja,North West,Basic,2022-05-19,Cancelled,prepaid,Annual,Nova Starter,Bundle,8000,,,685,8000,Cash,4G,-999.0,5.0,4.0
CUST03597,SUB03597,PROD005,2348074342071,Customer 3597,Male,,,North West,Corporate,2023-12-22,active,prepaid,No contract,Nova Starter,Bundle,8000,54188,,471,8000,Bank Transfer,,-999.0,1.0,5.0
CUST03598,SUB03598,PROD003,2348097913523,Customer 3598,Male,26-35,LAGOS,South West,Premium,2025-09-10,Active,prepaid,Monthly,Nova Hybrid Plus,Bundle,18000,,,299,18000,Card,4G,-999.0,0.0,5.0
CUST03599,SUB03599,PROD005,2348070590501,Customer 3599,m ,60+,,South South,premium ,2024-11-01,Active,post paid,Monthly,Nova Starter,Bundle,8000,,3485.0,215,8000,bank transfer,LTE,,1.0,5.0
CUST03600,SUB03600,PROD004,2348086348449, Customer 3600 ,M,18-25,,North Central,premium ,26/08/2024,active,Prepaid,monthly,Nova SME Connect,Business,35000,,,353,35000,USSD,5G,-62.0,0.0,3.0
CUST03601,SUB03601,PROD001,2348030223028,Customer 3601,Unknown,36-45,Enugu,South East,,2021-01-08,SUSPENDED,prepaid,ANNUAL,Nova Premium 5G,Data,25000,,391.0,160,25000,Cash,4g,-999.0,5.0,2.0
CUST03602,SUB03602,PROD005,2348047113585,Customer 3602,Male,60+,,South West,Basic,2022-06-17,Active,Prepaid,No contract,Nova Starter,Bundle,8000,81194,,65,8000,Bank Transfer,5G,-88.0,2.0,5.0
CUST03603,SUB03603,PROD004,2348039144068,Customer 3603,Male,60+,Enugu,South East,Basic,2022-02-12,,Postpaid,Monthly,Nova SME Connect,Business,35000,75467,925.0,608,,CARD,3G,-999.0,,5.0
CUST03604,SUB03604,PROD001,2348061879357,Customer 3604,Female,46-60,Ibadan,South East,Corporate,2025-02-03,Suspended,Postpaid,ANNUAL,Nova Premium 5G,Data,25000,,,733,25000,CARD,5G,-66.0,2.0,1.0
CUST03605,SUB03605,PROD002,2348046485420,Customer 3605,Male,46-60,Lagos,South South,Corporate,2024-12-06,Cancelled,POSTPAID,Annual,Nova Unlimited Voice,Voice,12000,45000MB,602.0,612,12000,Card,4G,-999.0,1.0,5.0
CUST03606,SUB03606,PROD005,2348077928397,Customer 3606,M,60+,lagos,South South,Basic,2024-04-22,Suspended,Prepaid,monthly,Nova Starter,Bundle,8000,45000MB,3685.0,620,,USSD,4g,-77.0,1.0,3.0
CUST03607,SUB03607,PROD003,2348029097731,Customer 3607,Male,46-60,Ibadan,South South,Basic,2025-08-21,Active,prepaid,No contract,Nova Hybrid Plus,Bundle,18000,,,66,18000,Bank Transfer,3G,,2.0,4.0
CUST03608,SUB03608,PROD002,2348090604030,Customer 3608,M,60+,Enugu,South East,Standard,2022-10-05,cancelled,POSTPAID,monthly,Nova Unlimited Voice,Voice,12000,45000MB,2860.0,473,,Bank Transfer,,,5.0,1.0
CUST03609,SUB03609,PROD003,2348043279410,Customer 3609,Male,18-25,LAGOS,South South,Premium,2024-10-06,cancelled,Prepaid,Annual,Nova Hybrid Plus,Bundle,18000,,2384.0,78,,Card,,,0.0,1.0
CUST03610,SUB03610,PROD004,2348070579201,Customer 3610,Male,60+,Lagos,North West,,2023-11-02,Active,Prepaid,No contract,Nova SME Connect,Business,35000,65590,,228,,Cash,4g,-84.0,0.0,4.0
CUST03611,SUB03611,PROD003,2348071228039,Customer 3611,M,36-45,portharcourt,South East,Standard,2023-11-05,SUSPENDED,post paid,Monthly,Nova Hybrid Plus,Bundle,18000,45000MB,2447.0,525,18000,USSD,3G,-102.0,5.0,1.0
CUST03612,SUB03612,PROD004,2348029128528,Customer 3612, f,,portharcourt,South West,premium ,2023-09-24,Cancelled,Prepaid,ANNUAL,Nova SME Connect,Business,35000,18743,2089.0,354,,CARD,LTE,,1.0,5.0
CUST03613,SUB03613,PROD003,2348065305484,Customer 3613,Female,60+,Abuja,North Central,STANDARD,2025-09-09,Active,prepaid,Monthly,Nova Hybrid Plus,Bundle,18000,,,447,,,LTE,,1.0,4.0
CUST03614,SUB03614,PROD004,2348030935633,Customer 3614,Female,60+,,South West,STANDARD,2021-01-08,Active,prepaid,No contract,Nova SME Connect,Business,35000,,1805.0,19,,Card,4g,-999.0,2.0,2.0
CUST03615,SUB03615,PROD001,2348087793316,Customer 3615,M,,Ibadan,South West,Basic,2025-11-19,Active,POSTPAID,Annual,Nova Premium 5G,Data,25000,45000MB,1043.0,430,,Card,3G,,0.0,4.0
CUST03616,SUB03616,PROD003,2348081299369,Customer 3616,FEMALE,60+,Lagos,North West,STANDARD,2025-10-07,Active,POSTPAID,monthly,Nova Hybrid Plus,Bundle,18000,80318,,554,,Bank Transfer,,-64.0,1.0,
CUST03617,SUB03617,PROD005,2348047338498,Customer 3617,m ,60+,Port Harcourt,South East,Standard,2025-06-06,Cancelled,POSTPAID,No contract,Nova Starter,Bundle,8000,34556,3581.0,527,8000,Cash,4G,-999.0,2.0,1.0
CUST03618,SUB03618,PROD004,2348022506839,Customer 3618,F,46-60,LAGOS,South West,Basic,2025-10-12,SUSPENDED,Prepaid,Monthly,Nova SME Connect,Business,35000,,1874.0,14,,Bank Transfer,4g,-999.0,0.0,3.0
CUST03619,SUB03619,PROD004,2348010498206,Customer 3619,male,46-60,Enugu,South South,,2022-12-01,Cancelled,post paid,Annual,Nova SME Connect,Business,35000,,,552,35000,Bank Transfer,4g,-106.0,5.0,3.0
CUST03620,SUB03620,PROD003,2348098958395, Customer 3620 ,Male,46-60, Abuja ,South West,STANDARD,2021-09-28,Actv,Postpaid,ANNUAL,Nova Hybrid Plus,Bundle,18000,,,790,18000,USSD,5G,-83.0,1.0,5.0
CUST03621,SUB03621,PROD004,2348033090282,Customer 3621,male,46-60,Enugu,North Central,,2022-02-06,Active,POSTPAID,No contract,Nova SME Connect,Business,35000,42532,,598,35000,Card,,-64.0,1.0,1.0
CUST03622,SUB03622,PROD002,2348053174366,Customer 3622,M,46-60,portharcourt,South West,Corporate,2025-04-29,Active,post paid,ANNUAL,Nova Unlimited Voice,Voice,12000,40282,2053.0,475,12000,Cash,3G,-999.0,0.0,
CUST03623,SUB03623,PROD005,2348092154611,Customer 3623,Female,36-45,Lagos,North West,Basic,2025-06-28,Actv,POSTPAID,monthly,Nova Starter,Bundle,8000,5114,,781,8000,Card,,-65.0,0.0,2.0
CUST03624,SUB03624,PROD005,2348022215266,Customer 3624,F,36-45,portharcourt,North West,STANDARD,2025-04-02,Cancelled,Prepaid,monthly,Nova Starter,Bundle,8000,45000MB,1372.0,306,8000,,4G,-83.0,1.0,4.0
CUST03625,SUB03625,PROD002,2348050509334,Customer 3625,Female,46-60,Lagos,North West,premium ,29/12/2023,Active,POSTPAID,ANNUAL,Nova Unlimited Voice,Voice,12000,41154,2576.0,546,12000,CARD,,-999.0,5.0,2.0
CUST03626,SUB03626,PROD004,2348084411235,Customer 3626, f,60+,lagos,South South,Corporate,2021-02-08,cancelled,Prepaid,Annual,Nova SME Connect,Business,35000,45000MB,3367.0,157,35000,bank transfer,3G,-999.0,1.0,1.0
CUST03627,SUB03627,PROD003,2348025866117,Customer 3627,Male,60+,Kano,South West,premium ,2022-08-09,Active,POSTPAID,monthly,Nova Hybrid Plus,Bundle,18000,66266,361.0,511,,Card,3G,-59.0,0.0,3.0
CUST03628,SUB03628,PROD002,2348052599995,Customer 3628,FEMALE,36-45,,South West,,2022-09-02,SUSPENDED,POSTPAID,Monthly,Nova Unlimited Voice,Voice,12000,45000MB,2183.0,574,12000,Bank Transfer,3G,,5.0,5.0
CUST03629,SUB03629,PROD004,2348014271233,Customer 3629,Male,60+,portharcourt,South East,Basic,2024-06-05,cancelled,POSTPAID,Annual,Nova SME Connect,Business,35000,45000MB,,240,35000,Bank Transfer,LTE,,5.0,4.0
CUST03630,SUB03630,PROD002,2348066352517,Customer 3630,Female,,LAGOS,North West,STANDARD,2024-07-14,SUSPENDED,Prepaid,monthly,Nova Unlimited Voice,Voice,12000,53328,,185,,Card,4g,-102.0,0.0,5.0
CUST03631,SUB03631,PROD005,2348074174200,Customer 3631,female,18-25,Lagos,North Central,Standard,2025-07-25,,POSTPAID,No contract,Nova Starter,Bundle,8000,7149,55.0,768,,USSD,5G,-999.0,,5.0
CUST03632,SUB03632,PROD001,2348058834366,Customer 3632, f,18-25,lagos,North West,,2023-02-14,Active,Prepaid,Monthly,Nova Premium 5G,Data,25000,45000MB,1058.0,97,25000,Bank Transfer,5G,-102.0,0.0,4.0
CUST03633,SUB03633,PROD005,2348068705066,Customer 3633,MALE,18-25,,North Central,Premium,2022-05-11,active,POSTPAID,Annual,Nova Starter,Bundle,8000,57798,2170.0,171,8000,Bank Transfer,5G,-61.0,,1.0
CUST03634,SUB03634,PROD004,2348035014790,Customer 3634,,,Enugu,South South,Basic,2023-07-01,active,Prepaid,No contract,Nova SME Connect,Business,35000,56438,1297.0,152,,USSD,3G,-78.0,0.0,2.0
CUST03635,SUB03635,PROD004,2348086364630,Customer 3635,Female,26-35,Kano,South South,Corporate,2021-09-10,Actv,Prepaid,No contract,Nova SME Connect,Business,35000,58822,827.0,183,,,4G,,1.0,5.0
CUST03636,SUB03636,PROD005,2348016385469,Customer 3636,F,46-60,,South South,Premium,2022-02-20,SUSPENDED,post paid,Annual,Nova Starter,Bundle,8000,,,643,,CARD,4g,,2.0,3.0
CUST03637,SUB03637,PROD001,2348080936433,Customer 3637,F,,Lagos,South West,Corporate,2021-05-02,SUSPENDED,Postpaid,Annual,Nova Premium 5G,Data,25000,,,265,25000,,5G,-53.0,0.0,4.0
CUST03638,SUB03638,PROD002,2348074631228,Customer 3638,Unknown,,portharcourt,South South,,2025-08-30,Suspended,post paid,No contract,Nova Unlimited Voice,Voice,12000,,3596.0,796,12000,,,,1.0,1.0
CUST03639,SUB03639,PROD004,2348088152496,Customer 3639,Male,46-60,lagos,South West,STANDARD,2023-01-23,SUSPENDED,Postpaid,Monthly,Nova SME Connect,Business,35000,15251,3030.0,724,,,3G,,2.0,
CUST03640,SUB03640,PROD005,2348054578439, Customer 3640 ,Male,60+,Lagos,North Central,,2021-01-24,active,Postpaid,Monthly,Nova Starter,Bundle,8000,86842,,579,8000,CARD,3G,,2.0,
CUST03641,SUB03641,PROD001,2348053149979,Customer 3641,Male,60+, Abuja ,South West,STANDARD,2022-05-29,ACTIVE,POSTPAID,ANNUAL,Nova Premium 5G,Data,25000,715,1842.0,112,25000,,4G,-999.0,2.0,5.0
CUST03642,SUB03642,PROD003,2348098223688,Customer 3642,Male,36-45,Abuja,South East,Corporate,2024-08-04,Suspended,Prepaid,Annual,Nova Hybrid Plus,Bundle,18000,45000MB,1648.0,756,,bank transfer,4g,-102.0,2.0,
CUST03643,SUB03643,PROD002,2348038745548,Customer 3643,m ,,LAGOS,North Central,Premium,2021-08-28,Cancelled,POSTPAID,ANNUAL,Nova Unlimited Voice,Voice,12000,,,674,,Bank Transfer,LTE,-999.0,,
CUST03644,SUB03644,PROD004,2348067155981,Customer 3644,Male,36-45,,South West,STANDARD,2024-12-27,Active,prepaid,Annual,Nova SME Connect,Business,35000,,,330,35000,bank transfer,,-95.0,2.0,4.0
CUST03645,SUB03645,PROD002,2348095762186,Customer 3645,Female,,Lagos,South South,Premium,2025-02-23,Suspended,Postpaid,No contract,Nova Unlimited Voice,Voice,12000,80632,,717,,Card,4G,-109.0,0.0,
CUST03646,SUB03646,PROD001,2348011691039,Customer 3646,Female,26-35,lagos,South West,Corporate,2023-07-09,Active,prepaid,Annual,Nova Premium 5G,Data,25000,45000MB,3408.0,594,,Card,4G,-72.0,0.0,4.0
CUST03647,SUB03647,PROD004,2348052805310,Customer 3647,F,,,North Central,Premium,2021-03-18,Cancelled,post paid,No contract,Nova SME Connect,Business,35000,,3942.0,703,35000,,5G,,,1.0
CUST03648,SUB03648,PROD002,2348083524715,Customer 3648,Female,, Abuja ,South South,Corporate,2022-04-21,ACTIVE,Postpaid,ANNUAL,Nova Unlimited Voice,Voice,12000,,,554,,bank transfer,4g,-64.0,5.0,4.0
CUST03649,SUB03649,PROD001,2348022864439,Customer 3649,Male,,Ibadan,South East,Standard,2023-05-18,Active,post paid,Monthly,Nova Premium 5G,Data,25000,45000MB,,658,25000,bank transfer,5G,-999.0,5.0,1.0
CUST03650,SUB03650,PROD002,2348029518271,Customer 3650,female,36-45,Ibadan,South South,,05/02/2021,Active,POSTPAID,Annual,Nova Unlimited Voice,Voice,12000,,2815.0,321,,bank transfer,5G,-62.0,2.0,1.0
CUST03651,SUB03651,PROD001,2348034245693,Customer 3651,female,60+,,South East,Premium,2024-04-26,active,POSTPAID,Monthly,Nova Premium 5G,Data,25000,45000MB,,583,25000,bank transfer,LTE,-102.0,,2.0
CUST03652,SUB03652,PROD002,2348070987870,Customer 3652,F,36-45,Abuja,North Central,Basic,2021-03-05,Active,Postpaid,No contract,Nova Unlimited Voice,Voice,12000,45000MB,,53,12000,Card,5G,,5.0,3.0
CUST03653,SUB03653,PROD001,2348032961205,Customer 3653,F,18-25,Port Harcourt,South South,,2025-03-31,Cancelled,Prepaid,Annual,Nova Premium 5G,Data,25000,45000MB,,260,25000,Card,4g,,0.0,2.0
CUST03654,SUB03654,PROD004,2348062352729,Customer 3654,Unknown,26-35,Abuja,North Central,Premium,2023-09-01,cancelled,post paid,Monthly,Nova SME Connect,Business,35000,,,334,35000,Bank Transfer,LTE,,0.0,4.0
CUST03655,SUB03655,PROD002,2348076942011,Customer 3655, f,18-25,Ibadan,South East,Corporate,2021-12-18,ACTIVE,prepaid,Monthly,Nova Unlimited Voice,Voice,12000,45000MB,318.0,437,12000,Cash,4G,-59.0,,
CUST03656,SUB03656,PROD005,2348055880478,Customer 3656,Male,46-60,LAGOS,South East,Corporate,2022-11-29,Active,prepaid,monthly,Nova Starter,Bundle,8000,85815,,263,8000,Card,,,1.0,5.0
CUST03657,SUB03657,PROD003,2348096980982,Customer 3657,Female,36-45, Abuja ,South East,Basic,2023-05-15,SUSPENDED,Postpaid,monthly,Nova Hybrid Plus,Bundle,18000,50353,,746,,,3G,-999.0,1.0,2.0
CUST03658,SUB03658,PROD002,2348026919574,Customer 3658,Female,26-35,,North West,Basic,2024-11-03,Active,POSTPAID,Annual,Nova Unlimited Voice,Voice,12000,,2907.0,561,12000,USSD,4g,,0.0,4.0
CUST03659,SUB03659,PROD001,2348082822653,Customer 3659,,46-60,LAGOS,South South,Standard,2024-01-08,SUSPENDED,prepaid,ANNUAL,Nova Premium 5G,Data,25000,45000MB,2457.0,512,25000,,3G,,0.0,1.0
CUST03660,SUB03660,PROD005,2348055584579, Customer 3660 ,Male,60+,,South West,Basic,2024-09-12,Active,POSTPAID,ANNUAL,Nova Starter,Bundle,8000,54509,,785,8000,bank transfer,5G,,5.0,3.0
CUST03661,SUB03661,PROD002,2348098242950,Customer 3661,Male,,LAGOS,South East,Standard,2022-05-09,Active,post paid,Monthly,Nova Unlimited Voice,Voice,12000,,2553.0,605,12000,bank transfer,3G,-999.0,5.0,5.0
CUST03662,SUB03662,PROD005,2348058019350,Customer 3662,Female,36-45,Port Harcourt,South South,Premium,2025-10-09,Cancelled,Postpaid,Monthly,Nova Starter,Bundle,8000,45000MB,3886.0,133,8000,CARD,4g,,2.0,1.0
CUST03663,SUB03663,PROD005,2348058098716,Customer 3663,Male,60+, Abuja ,South East,Premium,2021-04-15,Suspended,POSTPAID,Annual,Nova Starter,Bundle,8000,45000MB,1497.0,71,8000,CARD,5G,-999.0,5.0,3.0
CUST03664,SUB03664,PROD005,2348033195951,Customer 3664,Female,,Ibadan,South East,Corporate,2025-06-19,Actv,Postpaid,ANNUAL,Nova Starter,Bundle,8000,,,611,,Cash,3G,-999.0,2.0,4.0
CUST03665,SUB03665,PROD005,2348058772993,Customer 3665,Female,60+,Ibadan,South East,,2023-11-24,cancelled,Prepaid,monthly,Nova Starter,Bundle,8000,45000MB,,722,8000,Cash,,,5.0,3.0
CUST03666,SUB03666,PROD004,2348035271621,Customer 3666,Male,18-25,LAGOS,North West,Basic,2024-08-23,Suspended,Postpaid,ANNUAL,Nova SME Connect,Business,35000,45000MB,,736,,Card,5G,-999.0,5.0,5.0
CUST03667,SUB03667,PROD004,2348093533837,Customer 3667,Female,36-45,Kano,South West,Premium,2025-09-22,active,post paid,ANNUAL,Nova SME Connect,Business,35000,29067,1373.0,743,35000,USSD,LTE,-999.0,,2.0
CUST03668,SUB03668,PROD002,2348069373497,Customer 3668,Female,18-25,LAGOS,South East,,2023-11-05,Active,Postpaid,Monthly,Nova Unlimited Voice,Voice,12000,,,723,,USSD,3G,-81.0,1.0,1.0
CUST03669,SUB03669,PROD001,2348019623333,Customer 3669,m ,46-60,Enugu,North Central,Premium,2022-06-14,,post paid,Monthly,Nova Premium 5G,Data,25000,59404,,583,25000,Cash,4g,,,
CUST03670,SUB03670,PROD001,2348028281289,Customer 3670,Unknown,18-25, Abuja ,North Central,STANDARD,2023-10-29,Cancelled,post paid,Annual,Nova Premium 5G,Data,25000,49661,2303.0,545,25000,bank transfer,4g,,1.0,4.0
CUST03671,SUB03671,PROD005,2348041994511,Customer 3671,Female,60+,Lagos,South South,Standard,2024-01-25,Active,prepaid,Monthly,Nova Starter,Bundle,8000,45000MB,3147.0,745,8000,CARD,LTE,-86.0,1.0,
CUST03672,SUB03672,PROD003,2348010594907,Customer 3672,Female,26-35,Enugu,North Central,premium ,2022-09-18,cancelled,POSTPAID,No contract,Nova Hybrid Plus,Bundle,18000,53041,3303.0,754,18000,Cash,4g,-999.0,5.0,4.0
CUST03673,SUB03673,PROD005,2348090434089,Customer 3673, f,26-35,Kano,South South,Basic,2021-09-13,active,prepaid,Monthly,Nova Starter,Bundle,8000,45000MB,1221.0,382,8000,Card,3G,,5.0,
CUST03674,SUB03674,PROD001,2348059559790,Customer 3674,Male,60+,Ibadan,South West,Basic,2024-12-27,Active,Postpaid,monthly,Nova Premium 5G,Data,25000,45000MB,,528,25000,Bank Transfer,LTE,-100.0,,4.0
CUST03675,SUB03675,PROD004,2348055606899,Customer 3675,,60+,,North West,Standard,22/11/2024,Cancelled,Prepaid,Annual,Nova SME Connect,Business,35000,45000MB,3732.0,78,,Bank Transfer,4g,,0.0,2.0
CUST03676,SUB03676,PROD003,2348022099912,Customer 3676,female,36-45,Ibadan,South South,Premium,2025-09-28,Active,Postpaid,ANNUAL,Nova Hybrid Plus,Bundle,18000,,1024.0,153,,USSD,,,1.0,3.0
CUST03677,SUB03677,PROD005,2348093491648,Customer 3677,FEMALE,,Lagos,North Central,Corporate,2021-01-10,Cancelled,POSTPAID,No contract,Nova Starter,Bundle,8000,45000MB,,533,8000,USSD,4g,,,2.0
CUST03678,SUB03678,PROD005,2348093498652,Customer 3678,MALE,60+,Port Harcourt,North Central,Premium,2022-09-19,Suspended,post paid,Monthly,Nova Starter,Bundle,8000,89756,1076.0,347,8000,Bank Transfer,4G,-83.0,,3.0
CUST03679,SUB03679,PROD005,2348066440970,Customer 3679,Male,60+,Ibadan,South South,STANDARD,2021-12-04,Cancelled,POSTPAID,monthly,Nova Starter,Bundle,8000,,479.0,279,,Cash,4g,-999.0,,1.0
CUST03680,SUB03680,PROD001,2348080483540, Customer 3680 ,,26-35,lagos,North Central,,2024-02-24,Actv,POSTPAID,Annual,Nova Premium 5G,Data,25000,85295,1217.0,401,,bank transfer,,,0.0,4.0
CUST03681,SUB03681,PROD002,2348058945134,Customer 3681,Female,,Port Harcourt,South West,premium ,2025-07-15,active,Postpaid,ANNUAL,Nova Unlimited Voice,Voice,12000,45000MB,61.0,125,12000,bank transfer,4g,-88.0,5.0,1.0
CUST03682,SUB03682,PROD004,2348013123397,Customer 3682,female,36-45,lagos,North West,,2023-05-03,,POSTPAID,monthly,Nova SME Connect,Business,35000,45000MB,,677,,Bank Transfer,5G,,1.0,1.0
CUST03683,SUB03683,PROD005,2348072795147,Customer 3683,Male,26-35,Lagos,South East,Premium,2022-12-03,Suspended,post paid,Monthly,Nova Starter,Bundle,8000,,,757,,CARD,LTE,-999.0,0.0,
CUST03684,SUB03684,PROD001,2348061785941,Customer 3684,Female,26-35,Lagos,South East,,2022-10-09,ACTIVE,POSTPAID,monthly,Nova Premium 5G,Data,25000,71013,3848.0,232,25000,Card,3G,-999.0,5.0,
CUST03685,SUB03685,PROD001,2348079659968,Customer 3685,male,,Ibadan,South East,STANDARD,2021-10-04,Active,Prepaid,Annual,Nova Premium 5G,Data,25000,,3580.0,669,25000,,5G,,2.0,2.0
CUST03686,SUB03686,PROD002,2348018151290,Customer 3686,MALE,60+,portharcourt,South South,Premium,2022-11-09,Active,post paid,monthly,Nova Unlimited Voice,Voice,12000,57576,,72,,Cash,5G,,,1.0
CUST03687,SUB03687,PROD002,2348072986970,Customer 3687,MALE,36-45,Kano,South West,Corporate,2021-07-15,Cancelled,Prepaid,No contract,Nova Unlimited Voice,Voice,12000,45000MB,,82,12000,,4G,,5.0,2.0
CUST03688,SUB03688,PROD005,2348091079505,Customer 3688,Male,46-60,Port Harcourt,North Central,Basic,2025-03-22,Active,POSTPAID,Annual,Nova Starter,Bundle,8000,18182,1797.0,675,8000,bank transfer,4g,-92.0,2.0,5.0
CUST03689,SUB03689,PROD003,2348055614083,Customer 3689,,,Abuja,North West,,2025-01-31,ACTIVE,Postpaid,ANNUAL,Nova Hybrid Plus,Bundle,18000,45000MB,,764,,CARD,LTE,-98.0,1.0,5.0
CUST03690,SUB03690,PROD004,2348096481376,Customer 3690,FEMALE,26-35,lagos,South East,Standard,2022-02-24,active,post paid,ANNUAL,Nova SME Connect,Business,35000,45000MB,,667,35000,CARD,3G,,0.0,4.0
CUST03691,SUB03691,PROD004,2348064931412,Customer 3691,,36-45,portharcourt,North West,STANDARD,2021-05-16,Cancelled,post paid,ANNUAL,Nova SME Connect,Business,35000,45000MB,,313,,CARD,4G,-999.0,2.0,2.0
CUST03692,SUB03692,PROD002,2348046672465,Customer 3692,female,60+,LAGOS,South West,premium ,2022-07-16,,Postpaid,No contract,Nova Unlimited Voice,Voice,12000,,658.0,139,12000,USSD,,-59.0,2.0,3.0
CUST03693,SUB03693,PROD004,2348032024356,Customer 3693,,18-25,portharcourt,South East,Premium,2023-02-23,Suspended,prepaid,Annual,Nova SME Connect,Business,35000,78153,2418.0,472,,CARD,3G,-105.0,,5.0
CUST03694,SUB03694,PROD001,2348015400939,Customer 3694,,60+,Enugu,South South,premium ,2025-03-30,,Prepaid,Annual,Nova Premium 5G,Data,25000,45000MB,,294,,Cash,4G,-60.0,0.0,2.0
CUST03695,SUB03695,PROD002,2348010361623,Customer 3695,,26-35,Ibadan,North West,premium ,2025-01-09,SUSPENDED,Prepaid,Annual,Nova Unlimited Voice,Voice,12000,22262,,81,12000,,LTE,-67.0,,1.0
CUST03696,SUB03696,PROD003,2348094304565,Customer 3696,F,36-45,Abuja,South West,STANDARD,2022-12-08,,POSTPAID,ANNUAL,Nova Hybrid Plus,Bundle,18000,59600,,767,,bank transfer,4g,-83.0,5.0,4.0
CUST03697,SUB03697,PROD005,2348060931887,Customer 3697,Male,18-25,Abuja,North Central,STANDARD,2024-12-29,ACTIVE,POSTPAID,Monthly,Nova Starter,Bundle,8000,45000MB,,709,,USSD,LTE,,5.0,
CUST03698,SUB03698,PROD001,2348070434954,Customer 3698,Female,26-35,,North Central,Corporate,2021-03-02,Active,POSTPAID,monthly,Nova Premium 5G,Data,25000,45000MB,,716,25000,CARD,4g,,5.0,4.0
CUST03699,SUB03699,PROD002,2348078415283,Customer 3699,Male,26-35,Enugu,South East,premium ,2022-04-06,SUSPENDED,post paid,ANNUAL,Nova Unlimited Voice,Voice,12000,45000MB,555.0,529,,CARD,4G,,2.0,
CUST03700,SUB03700,PROD004,2348096037713, Customer 3700 ,Female,46-60,,North Central,,24/04/2024,active,prepaid,Annual,Nova SME Connect,Business,35000,45000MB,,632,,,3G,,5.0,5.0
CUST03701,SUB03701,PROD005,2348071396110,Customer 3701,female,46-60,Port Harcourt,South South,Basic,2024-11-26,Suspended,post paid,ANNUAL,Nova Starter,Bundle,8000,45339,2538.0,543,8000,,LTE,-999.0,,3.0
CUST03702,SUB03702,PROD005,2348060972109,Customer 3702,male,46-60,portharcourt,North West,Premium,2024-09-15,active,post paid,No contract,Nova Starter,Bundle,8000,,,103,8000,Card,4G,,0.0,2.0
CUST03703,SUB03703,PROD005,2348062290268,Customer 3703,male,,Kano,North Central,Basic,2022-07-24,active,prepaid,monthly,Nova Starter,Bundle,8000,2132,,623,8000,Card,5G,,,5.0
CUST03704,SUB03704,PROD004,2348049464882,Customer 3704,Male,18-25,Lagos,North West,STANDARD,2023-08-28,cancelled,Postpaid,Annual,Nova SME Connect,Business,35000,37444,3151.0,131,35000,CARD,5G,-999.0,,5.0
CUST03705,SUB03705,PROD004,2348030792317,Customer 3705,Unknown,26-35,Enugu,North West,Premium,2024-12-27,active,post paid,monthly,Nova SME Connect,Business,35000,45000MB,3911.0,129,35000,bank transfer,3G,-999.0,5.0,
CUST03706,SUB03706,PROD001,2348043682088,Customer 3706,Unknown,46-60,Abuja,South West,Corporate,2022-08-22,Cancelled,post paid,Monthly,Nova Premium 5G,Data,25000,45000MB,,268,,bank transfer,4g,-999.0,5.0,3.0
CUST03707,SUB03707,PROD004,2348036433155,Customer 3707,,26-35,Enugu,South South,premium ,2022-05-18,SUSPENDED,post paid,No contract,Nova SME Connect,Business,35000,,2554.0,176,35000,CARD,,,0.0,4.0
CUST03708,SUB03708,PROD003,2348070003594,Customer 3708,Female,60+,lagos,South West,,2023-02-26,Suspended,prepaid,monthly,Nova Hybrid Plus,Bundle,18000,45000MB,,798,,Bank Transfer,4g,-104.0,,5.0
CUST03709,SUB03709,PROD002,2348068474551,Customer 3709,FEMALE,26-35,Ibadan,South South,Basic,2021-01-17,Active,Prepaid,Annual,Nova Unlimited Voice,Voice,12000,15486,,657,12000,CARD,5G,,5.0,4.0
CUST03710,SUB03710,PROD001,2348094505122,Customer 3710,female,46-60,Ibadan,South South,STANDARD,2023-09-23,cancelled,Postpaid,Monthly,Nova Premium 5G,Data,25000,23747,,441,,USSD,,,1.0,3.0
CUST03711,SUB03711,PROD003,2348043822789,Customer 3711,female,60+,Enugu,South West,,2024-09-09,Active,post paid,ANNUAL,Nova Hybrid Plus,Bundle,18000,,2195.0,28,18000,CARD,,,0.0,
CUST03712,SUB03712,PROD003,2348027999345,Customer 3712,F,60+,Kano,South South,premium ,2022-09-02,Active,Prepaid,monthly,Nova Hybrid Plus,Bundle,18000,45000MB,3453.0,185,18000,USSD,4g,,2.0,4.0
CUST03713,SUB03713,PROD004,2348071340245,Customer 3713,Female,36-45,Abuja,South South,Corporate,2024-12-27,,post paid,ANNUAL,Nova SME Connect,Business,35000,45000MB,1216.0,751,35000,Cash,3G,,5.0,3.0
CUST03714,SUB03714,PROD003,2348042430666,Customer 3714,m ,36-45,Kano,North West,Corporate,2025-09-26,Suspended,Postpaid,ANNUAL,Nova Hybrid Plus,Bundle,18000,45000MB,1763.0,8,,bank transfer,LTE,-78.0,,2.0
CUST03715,SUB03715,PROD002,2348025944994,Customer 3715,male,26-35,lagos,North West,,2023-08-22,Cancelled,Prepaid,ANNUAL,Nova Unlimited Voice,Voice,12000,45000MB,1898.0,40,12000,USSD,4G,-87.0,1.0,3.0
CUST03716,SUB03716,PROD002,2348043139523,Customer 3716,Male,60+,Enugu,South East,Standard,2022-01-04,Actv,Prepaid,monthly,Nova Unlimited Voice,Voice,12000,,70.0,774,12000,Card,LTE,,1.0,5.0
CUST03717,SUB03717,PROD002,2348080205924,Customer 3717,Male,,,South South,Basic,2021-08-15,,Prepaid,Annual,Nova Unlimited Voice,Voice,12000,30575,3267.0,715,12000,CARD,LTE,-70.0,1.0,5.0
CUST03718,SUB03718,PROD002,2348044015654,Customer 3718,MALE,26-35,Kano,North West,Premium,2024-05-07,Active,Postpaid,Monthly,Nova Unlimited Voice,Voice,12000,,1231.0,785,12000,bank transfer,3G,,0.0,4.0
CUST03719,SUB03719,PROD004,2348049295752,Customer 3719,Female,18-25, Abuja ,North Central,Basic,2022-01-08,,prepaid,Annual,Nova SME Connect,Business,35000,,2944.0,137,,Card,LTE,-63.0,,5.0
CUST03720,SUB03720,PROD003,2348070672486, Customer 3720 ,M,60+,portharcourt,North Central,Standard,2025-09-11,Active,post paid,ANNUAL,Nova Hybrid Plus,Bundle,18000,58863,1275.0,339,18000,USSD,3G,-999.0,0.0,2.0
CUST03721,SUB03721,PROD005,2348045062524,Customer 3721,,18-25,,South East,,2025-07-23,Active,POSTPAID,No contract,Nova Starter,Bundle,8000,45000MB,,714,8000,USSD,4g,-999.0,0.0,2.0
CUST03722,SUB03722,PROD003,2348094289601,Customer 3722,Female,46-60,Enugu,South South,,2024-02-11,Active,POSTPAID,No contract,Nova Hybrid Plus,Bundle,18000,,,765,18000,Cash,,-999.0,0.0,
CUST03723,SUB03723,PROD001,2348081873716,Customer 3723,FEMALE,36-45,lagos,South South,Standard,2021-05-12,ACTIVE,post paid,ANNUAL,Nova Premium 5G,Data,25000,45000MB,1613.0,385,25000,Cash,5G,,0.0,5.0
CUST03724,SUB03724,PROD002,2348012714034,Customer 3724,Female,18-25,Ibadan,South West,Premium,2024-09-16,cancelled,Prepaid,No contract,Nova Unlimited Voice,Voice,12000,45000MB,1996.0,467,,Card,5G,-999.0,1.0,2.0
CUST03725,SUB03725,PROD002,2348023456271,Customer 3725,Male,60+,portharcourt,South West,,11/10/2022,active,Prepaid,monthly,Nova Unlimited Voice,Voice,12000,45000MB,2691.0,604,12000,USSD,5G,,1.0,2.0
CUST03726,SUB03726,PROD003,2348081631097,Customer 3726,Male,18-25,Ibadan,South South,,2025-08-08,,post paid,No contract,Nova Hybrid Plus,Bundle,18000,,,102,,CARD,5G,,,3.0
CUST03727,SUB03727,PROD003,2348030042174,Customer 3727,Male,18-25,Kano,South West,STANDARD,2022-01-03,Cancelled,POSTPAID,Annual,Nova Hybrid Plus,Bundle,18000,,,271,18000,bank transfer,3G,,5.0,
CUST03728,SUB03728,PROD003,2348049758565,Customer 3728,Male,60+,Lagos,South West,Basic,2021-12-17,Active,Prepaid,Monthly,Nova Hybrid Plus,Bundle,18000,45000MB,686.0,538,18000,Bank Transfer,4g,-999.0,,2.0
CUST03729,SUB03729,PROD002,2348073237460,Customer 3729,Female,18-25,,North Central,STANDARD,2024-02-20,Suspended,Prepaid,No contract,Nova Unlimited Voice,Voice,12000,,75.0,694,,USSD,4g,-999.0,,1.0
CUST03730,SUB03730,PROD002,2348081224491,Customer 3730,Female,36-45, Abuja ,North West,Basic,2025-01-15,active,Prepaid,ANNUAL,Nova Unlimited Voice,Voice,12000,,718.0,198,12000,Cash,5G,,1.0,5.0
CUST03731,SUB03731,PROD005,2348065771464,Customer 3731,F,36-45, Abuja ,South West,premium ,2024-08-22,Actv,prepaid,monthly,Nova Starter,Bundle,8000,,2405.0,116,8000,Cash,5G,,,2.0
CUST03732,SUB03732,PROD002,2348031993611,Customer 3732,FEMALE,18-25, Abuja ,South West,STANDARD,2021-04-14,ACTIVE,post paid,ANNUAL,Nova Unlimited Voice,Voice,12000,59488,3295.0,666,12000,USSD,,-999.0,1.0,2.0
CUST03733,SUB03733,PROD002,2348078784169,Customer 3733,,,LAGOS,South East,premium ,2023-11-01,Cancelled,Postpaid,ANNUAL,Nova Unlimited Voice,Voice,12000,,,669,12000,Bank Transfer,3G,-80.0,0.0,
CUST03734,SUB03734,PROD003,2348026460877,Customer 3734, f,60+,Lagos,North Central,Premium,2023-03-26,active,post paid,No contract,Nova Hybrid Plus,Bundle,18000,15805,,635,18000,USSD,3G,,0.0,3.0
CUST03735,SUB03735,PROD001,2348044910194,Customer 3735,F,18-25,Enugu,North West,STANDARD,2021-03-05,Cancelled,prepaid,ANNUAL,Nova Premium 5G,Data,25000,,,247,25000,bank transfer,5G,-999.0,2.0,2.0
CUST03736,SUB03736,PROD002,2348059959827,Customer 3736,Male,18-25,Kano,South East,Standard,2025-05-24,active,post paid,ANNUAL,Nova Unlimited Voice,Voice,12000,45000MB,627.0,258,12000,bank transfer,,-70.0,2.0,1.0
CUST03737,SUB03737,PROD001,2348046591134,Customer 3737,MALE,18-25,Kano,South South,Basic,2024-07-04,Suspended,post paid,No contract,Nova Premium 5G,Data,25000,45000MB,,255,25000,,4G,-106.0,0.0,
CUST03738,SUB03738,PROD005,2348080505350,Customer 3738,,36-45,,South West,Basic,2023-03-28,Suspended,Postpaid,No contract,Nova Starter,Bundle,8000,45000MB,,681,8000,Cash,LTE,-999.0,0.0,
CUST03739,SUB03739,PROD004,2348086884404,Customer 3739,Male,60+,Enugu,North Central,Basic,2024-11-11,cancelled,POSTPAID,monthly,Nova SME Connect,Business,35000,13511,,409,35000,CARD,5G,,2.0,1.0
CUST03740,SUB03740,PROD004,2348036043990, Customer 3740 , f,36-45,Kano,North West,Corporate,2021-11-27,Active,prepaid,monthly,Nova SME Connect,Business,35000,45000MB,,467,35000,Cash,5G,,1.0,5.0
CUST03741,SUB03741,PROD004,2348066021149,Customer 3741,M,46-60,Kano,South South,,2021-02-18,Active,POSTPAID,monthly,Nova SME Connect,Business,35000,,3466.0,717,35000,,3G,,0.0,2.0
CUST03742,SUB03742,PROD004,2348064525871,Customer 3742,Female,60+,Port Harcourt,South South,premium ,2025-03-27,Active,POSTPAID,Annual,Nova SME Connect,Business,35000,45000MB,1686.0,122,35000,USSD,3G,-999.0,0.0,5.0
CUST03743,SUB03743,PROD001,2348059040946,Customer 3743,FEMALE,60+,,South West,Premium,2024-05-23,cancelled,post paid,monthly,Nova Premium 5G,Data,25000,1533,235.0,574,25000,Card,3G,,2.0,2.0
CUST03744,SUB03744,PROD004,2348073744052,Customer 3744,,60+,LAGOS,South South,premium ,2021-03-27,active,POSTPAID,monthly,Nova SME Connect,Business,35000,,1428.0,658,35000,Bank Transfer,,-60.0,0.0,4.0
CUST03745,SUB03745,PROD002,2348097884926,Customer 3745,female,60+,lagos,South East,Premium,2024-08-09,active,post paid,Monthly,Nova Unlimited Voice,Voice,12000,,,355,12000,Card,LTE,,,5.0
CUST03746,SUB03746,PROD003,2348078447725,Customer 3746,Male,60+,Enugu,South East,Corporate,2025-10-07,Active,POSTPAID,ANNUAL,Nova Hybrid Plus,Bundle,18000,6886,,454,18000,CARD,5G,-999.0,,5.0
CUST03747,SUB03747,PROD001,2348054741951,Customer 3747,F,36-45, Abuja ,North West,Basic,2023-05-17,Cancelled,Prepaid,No contract,Nova Premium 5G,Data,25000,45000MB,,43,25000,Card,4g,,,5.0
CUST03748,SUB03748,PROD001,2348070196009,Customer 3748,Female,60+,,South West,Corporate,2022-04-05,,post paid,No contract,Nova Premium 5G,Data,25000,45000MB,,680,25000,,LTE,-95.0,2.0,5.0
CUST03749,SUB03749,PROD002,2348070712573,Customer 3749,FEMALE,,Enugu,North West,STANDARD,2025-07-18,Active,Prepaid,ANNUAL,Nova Unlimited Voice,Voice,12000,28486,1212.0,399,12000,Bank Transfer,LTE,-97.0,,2.0
CUST03750,SUB03750,PROD003,2348033451126,Customer 3750,,,,North West,Corporate,11/09/2025,,Postpaid,Monthly,Nova Hybrid Plus,Bundle,18000,45000MB,291.0,558,18000,Bank Transfer,3G,,1.0,4.0
CUST03751,SUB03751,PROD001,2348039729019,Customer 3751,M,,Enugu,North West,Basic,2021-08-22,Active,Postpaid,ANNUAL,Nova Premium 5G,Data,25000,,,283,25000,Bank Transfer,5G,,,4.0
CUST03752,SUB03752,PROD005,2348017937682,Customer 3752,Male,46-60,LAGOS,North Central,Basic,2021-09-30,Suspended,prepaid,Monthly,Nova Starter,Bundle,8000,,,134,8000,Card,LTE,-999.0,5.0,2.0
CUST03753,SUB03753,PROD001,2348041889215,Customer 3753,MALE,36-45,portharcourt,North Central,STANDARD,2022-10-13,,Prepaid,monthly,Nova Premium 5G,Data,25000,,1793.0,570,25000,Card,LTE,,5.0,5.0
CUST03754,SUB03754,PROD001,2348067372574,Customer 3754,MALE,46-60,Ibadan,South East,Corporate,2025-01-08,,post paid,monthly,Nova Premium 5G,Data,25000,,,386,25000,Cash,4G,,1.0,2.0
CUST03755,SUB03755,PROD003,2348014780468,Customer 3755,Male,36-45,Abuja,South South,Standard,2022-10-19,Suspended,POSTPAID,No contract,Nova Hybrid Plus,Bundle,18000,1328,1955.0,20,18000,Card,3G,,0.0,2.0
CUST03756,SUB03756,PROD004,2348073951729,Customer 3756,M,60+,,North West,Basic,2025-01-21,ACTIVE,post paid,ANNUAL,Nova SME Connect,Business,35000,,,105,35000,USSD,4g,,2.0,
CUST03757,SUB03757,PROD004,2348046397064,Customer 3757,Female,36-45,,North West,,2022-10-17,Cancelled,Prepaid,Annual,Nova SME Connect,Business,35000,18782,3243.0,731,35000,Bank Transfer,3G,-999.0,5.0,2.0
CUST03758,SUB03758,PROD002,2348067601250,Customer 3758,Male,,Ibadan,South West,Corporate,2022-12-08,Cancelled,Prepaid,Annual,Nova Unlimited Voice,Voice,12000,45000MB,45.0,337,12000,,3G,-74.0,5.0,4.0
CUST03759,SUB03759,PROD001,2348025846452,Customer 3759,Male,36-45,Enugu,North Central,,2022-02-28,cancelled,Prepaid,ANNUAL,Nova Premium 5G,Data,25000,36643,284.0,206,25000,Cash,3G,-999.0,0.0,3.0
CUST03760,SUB03760,PROD004,2348017009406, Customer 3760 ,Female,46-60,Lagos,South East,,2025-01-16,,POSTPAID,ANNUAL,Nova SME Connect,Business,35000,45000MB,801.0,326,35000,CARD,5G,,,
CUST03761,SUB03761,PROD004,2348016320390,Customer 3761,Female,26-35,Abuja,South East,Corporate,2024-05-05,active,POSTPAID,monthly,Nova SME Connect,Business,35000,45000MB,1516.0,483,35000,,4G,-61.0,0.0,1.0
CUST03762,SUB03762,PROD001,2348087758857,Customer 3762,Unknown,,Kano,South East,Basic,2022-07-05,cancelled,post paid,monthly,Nova Premium 5G,Data,25000,73539,1841.0,722,25000,Card,LTE,,,3.0
CUST03763,SUB03763,PROD003,2348085715885,Customer 3763,M,60+,portharcourt,South West,STANDARD,2023-01-01,Active,Prepaid,Annual,Nova Hybrid Plus,Bundle,18000,,,60,,,LTE,-72.0,0.0,2.0
CUST03764,SUB03764,PROD004,2348099598623,Customer 3764,Male,46-60,Abuja,North West,,2025-03-15,ACTIVE,POSTPAID,No contract,Nova SME Connect,Business,35000,,,95,35000,bank transfer,LTE,,1.0,2.0
CUST03765,SUB03765,PROD003,2348053655242,Customer 3765,Male,60+,Kano,South West,Standard,2023-07-20,cancelled,Postpaid,monthly,Nova Hybrid Plus,Bundle,18000,55619,3201.0,471,18000,Bank Transfer,,-999.0,1.0,2.0
CUST03766,SUB03766,PROD001,2348018934203,Customer 3766,Male,18-25,Lagos,South West,STANDARD,2023-04-13,Active,post paid,Monthly,Nova Premium 5G,Data,25000,81766,3661.0,164,25000,bank transfer,3G,-83.0,2.0,5.0
CUST03767,SUB03767,PROD001,2348085498024,Customer 3767,Female,46-60,portharcourt,North West,,2023-02-20,,Prepaid,No contract,Nova Premium 5G,Data,25000,,,122,25000,USSD,3G,-106.0,5.0,1.0
CUST03768,SUB03768,PROD004,2348033384463,Customer 3768,Female,46-60,Enugu,South West,Premium,2024-09-17,Cancelled,Prepaid,No contract,Nova SME Connect,Business,35000,45000MB,,300,35000,Cash,3G,,0.0,3.0
CUST03769,SUB03769,PROD002,2348026159192,Customer 3769,Male,46-60,,North West,STANDARD,2023-09-26,Cancelled,Postpaid,ANNUAL,Nova Unlimited Voice,Voice,12000,,,643,12000,CARD,LTE,-96.0,2.0,3.0
CUST03770,SUB03770,PROD002,2348055627808,Customer 3770,Female,46-60,LAGOS,North West,Premium,2025-09-18,active,prepaid,ANNUAL,Nova Unlimited Voice,Voice,12000,84851,,368,,Cash,3G,-71.0,5.0,2.0
CUST03771,SUB03771,PROD004,2348082805378,Customer 3771,F,26-35, Abuja ,South South,premium ,2021-12-03,Active,prepaid,No contract,Nova SME Connect,Business,35000,,1101.0,716,35000,Cash,LTE,-999.0,,5.0
CUST03772,SUB03772,PROD002,2348099544348,Customer 3772,MALE,46-60,,North Central,Corporate,2024-11-23,,post paid,Annual,Nova Unlimited Voice,Voice,12000,45000MB,1773.0,298,,Cash,LTE,-999.0,,
CUST03773,SUB03773,PROD004,2348022461615,Customer 3773,Female,,portharcourt,South West,Corporate,2022-09-30,Suspended,Prepaid,ANNUAL,Nova SME Connect,Business,35000,37792,,31,35000,bank transfer,5G,-75.0,2.0,2.0
CUST03774,SUB03774,PROD002,2348015228988,Customer 3774,Unknown,18-25,,North Central,Basic,2023-10-07,Active,prepaid,Annual,Nova Unlimited Voice,Voice,12000,38512,1670.0,248,,CARD,,-90.0,,2.0
CUST03775,SUB03775,PROD004,2348050512040,Customer 3775,MALE,60+, Abuja ,South East,,05/12/2023,Active,post paid,Annual,Nova SME Connect,Business,35000,,740.0,450,35000,CARD,4G,-999.0,,1.0
CUST03776,SUB03776,PROD003,2348049931605,Customer 3776,Male,60+, Abuja ,South West,Standard,2023-02-12,Cancelled,prepaid,Monthly,Nova Hybrid Plus,Bundle,18000,,3564.0,210,18000,USSD,4G,,1.0,
CUST03777,SUB03777,PROD003,2348067714789,Customer 3777,Male,, Abuja ,North Central,Premium,2024-01-12,Active,prepaid,Monthly,Nova Hybrid Plus,Bundle,18000,,2533.0,64,,CARD,3G,,5.0,4.0
CUST03778,SUB03778,PROD003,2348019937645,Customer 3778,Male,36-45,Enugu,South East,,2021-08-16,cancelled,prepaid,Monthly,Nova Hybrid Plus,Bundle,18000,15820,2868.0,113,,CARD,LTE,-999.0,2.0,2.0
CUST03779,SUB03779,PROD001,2348056191923,Customer 3779,Male,,portharcourt,South West,Standard,2022-03-09,ACTIVE,post paid,Monthly,Nova Premium 5G,Data,25000,51450,,176,25000,Cash,,,5.0,1.0
CUST03780,SUB03780,PROD002,2348012569195, Customer 3780 ,Male,,lagos,South West,Basic,2025-08-17,,Postpaid,No contract,Nova Unlimited Voice,Voice,12000,,,266,12000,CARD,3G,-97.0,2.0,1.0
CUST03781,SUB03781,PROD001,2348039544587,Customer 3781,F,18-25,lagos,South South,Corporate,2022-02-12,Suspended,prepaid,monthly,Nova Premium 5G,Data,25000,,1790.0,552,25000,Card,4g,,5.0,3.0
CUST03782,SUB03782,PROD001,2348065586955,Customer 3782,,60+,portharcourt,South West,Corporate,2021-10-02,cancelled,Postpaid,No contract,Nova Premium 5G,Data,25000,45000MB,2318.0,397,25000,Bank Transfer,LTE,-999.0,5.0,5.0
CUST03783,SUB03783,PROD005,2348071885772,Customer 3783,female,26-35, Abuja ,North West,Standard,2025-07-05,Suspended,POSTPAID,monthly,Nova Starter,Bundle,8000,8452,2338.0,671,8000,CARD,5G,,5.0,
CUST03784,SUB03784,PROD004,2348063570726,Customer 3784,F,46-60,lagos,South South,Premium,2022-04-23,active,POSTPAID,No contract,Nova SME Connect,Business,35000,,1779.0,404,,Cash,4G,-999.0,5.0,1.0
CUST03785,SUB03785,PROD001,2348074637865,Customer 3785,Male,60+,Enugu,North West,Basic,2025-06-17,cancelled,post paid,Annual,Nova Premium 5G,Data,25000,45000MB,,512,25000,,5G,,1.0,2.0
CUST03786,SUB03786,PROD003,2348042258913,Customer 3786,Female,46-60,Kano,North West,,2023-07-31,Cancelled,Prepaid,Monthly,Nova Hybrid Plus,Bundle,18000,,,145,18000,USSD,3G,-999.0,1.0,4.0
CUST03787,SUB03787,PROD001,2348053826014,Customer 3787,Female,46-60,,North West,Premium,2025-07-17,active,post paid,No contract,Nova Premium 5G,Data,25000,,,342,25000,,4g,-103.0,1.0,4.0
CUST03788,SUB03788,PROD005,2348078443640,Customer 3788,,26-35,Kano,North Central,Standard,2023-08-11,active,POSTPAID,monthly,Nova Starter,Bundle,8000,,1534.0,681,8000,USSD,4g,,0.0,4.0
CUST03789,SUB03789,PROD004,2348059054186,Customer 3789,M,26-35,portharcourt,North Central,Basic,2022-03-13,Active,post paid,monthly,Nova SME Connect,Business,35000,45000MB,3518.0,676,35000,bank transfer,5G,-999.0,2.0,4.0
CUST03790,SUB03790,PROD001,2348082907071,Customer 3790,Male,26-35,,South South,Standard,2025-09-26,Active,POSTPAID,Annual,Nova Premium 5G,Data,25000,,,133,25000,USSD,4g,-999.0,,1.0
CUST03791,SUB03791,PROD005,2348011324130,Customer 3791,Male,36-45,Port Harcourt,North Central,Corporate,2024-10-08,Active,Prepaid,Monthly,Nova Starter,Bundle,8000,,996.0,750,,Card,3G,-87.0,2.0,4.0
CUST03792,SUB03792,PROD005,2348075513640,Customer 3792,Female,26-35,Kano,North West,premium ,2022-09-19,Actv,Postpaid,Monthly,Nova Starter,Bundle,8000,,,355,8000,Cash,4G,,,5.0
CUST03793,SUB03793,PROD005,2348042375166,Customer 3793,Male,36-45,,South South,Corporate,2024-09-03,cancelled,post paid,Annual,Nova Starter,Bundle,8000,,2258.0,511,8000,USSD,4g,-60.0,0.0,2.0
CUST03794,SUB03794,PROD001,2348085277955,Customer 3794,female,36-45,Enugu,South East,Basic,2023-05-25,SUSPENDED,POSTPAID,ANNUAL,Nova Premium 5G,Data,25000,,,42,,Card,5G,,2.0,3.0
CUST03795,SUB03795,PROD001,2348031902750,Customer 3795,Unknown,46-60,Ibadan,South East,STANDARD,2021-04-15,active,Prepaid,No contract,Nova Premium 5G,Data,25000,45000MB,336.0,215,25000,,5G,-999.0,5.0,2.0
CUST03796,SUB03796,PROD004,2348048916483,Customer 3796,Male,, Abuja ,North Central,Basic,2022-02-24,Cancelled,Prepaid,ANNUAL,Nova SME Connect,Business,35000,52624,3443.0,128,35000,Cash,5G,-999.0,5.0,4.0
CUST03797,SUB03797,PROD003,2348064611175,Customer 3797,Male,36-45,Kano,South West,Corporate,2023-11-20,Cancelled,Prepaid,Monthly,Nova Hybrid Plus,Bundle,18000,5461,,424,18000,Cash,,,2.0,1.0
CUST03798,SUB03798,PROD005,2348013849100,Customer 3798,,60+,Port Harcourt,North West,Standard,2021-07-21,active,Postpaid,Annual,Nova Starter,Bundle,8000,40373,1708.0,689,,USSD,5G,-63.0,2.0,3.0
CUST03799,SUB03799,PROD005,2348061514004,Customer 3799,female,26-35,portharcourt,South East,,2023-10-10,cancelled,POSTPAID,ANNUAL,Nova Starter,Bundle,8000,,3557.0,118,,Cash,5G,-81.0,5.0,2.0
CUST03800,SUB03800,PROD001,2348068799763, Customer 3800 ,F,60+,Enugu,North Central,premium ,15/02/2024,,prepaid,monthly,Nova Premium 5G,Data,25000,,,528,25000,Bank Transfer,5G,-999.0,2.0,5.0
CUST03801,SUB03801,PROD005,2348089467721,Customer 3801,Male,46-60,,North West,,2022-04-27,Suspended,post paid,No contract,Nova Starter,Bundle,8000,45000MB,3053.0,511,,USSD,3G,,1.0,2.0
CUST03802,SUB03802,PROD002,2348033870442,Customer 3802,FEMALE,46-60,,South East,Premium,2022-05-06,active,post paid,No contract,Nova Unlimited Voice,Voice,12000,71966,,677,12000,USSD,LTE,-999.0,5.0,1.0
CUST03803,SUB03803,PROD003,2348059475708,Customer 3803,Male,,Ibadan,South East,premium ,2021-01-29,Active,post paid,monthly,Nova Hybrid Plus,Bundle,18000,,,635,18000,,,-99.0,0.0,5.0
CUST03804,SUB03804,PROD004,2348094432649,Customer 3804,M,60+,Enugu,South East,premium ,2021-10-02,active,POSTPAID,ANNUAL,Nova SME Connect,Business,35000,,,702,35000,,,-999.0,,1.0
CUST03805,SUB03805,PROD001,2348071926007,Customer 3805,Male,26-35,Port Harcourt,South West,Standard,2022-12-24,ACTIVE,POSTPAID,No contract,Nova Premium 5G,Data,25000,67567,,407,25000,Card,4G,-999.0,1.0,5.0
CUST03806,SUB03806,PROD002,2348092867708,Customer 3806,M,26-35,Port Harcourt,North West,Standard,2021-11-18,Active,prepaid,ANNUAL,Nova Unlimited Voice,Voice,12000,45000MB,,374,12000,bank transfer,LTE,,1.0,5.0
CUST03807,SUB03807,PROD001,2348069030949,Customer 3807,Unknown,26-35,Kano,South South,STANDARD,2024-10-23,Cancelled,post paid,Annual,Nova Premium 5G,Data,25000,47023,,780,,bank transfer,4G,,1.0,4.0
CUST03808,SUB03808,PROD001,2348078051500,Customer 3808,,26-35,Enugu,South South,Basic,2022-02-06,Cancelled,post paid,Monthly,Nova Premium 5G,Data,25000,,,497,,USSD,4g,-104.0,,4.0
CUST03809,SUB03809,PROD002,2348072920497,Customer 3809,Female,18-25,Ibadan,North West,Premium,2021-12-05,Suspended,prepaid,No contract,Nova Unlimited Voice,Voice,12000,,,37,12000,CARD,4G,,5.0,1.0
CUST03810,SUB03810,PROD003,2348024113909,Customer 3810,Female,,lagos,North Central,,2025-01-26,Suspended,Postpaid,Monthly,Nova Hybrid Plus,Bundle,18000,21012,1632.0,608,,Cash,LTE,,2.0,1.0
CUST03811,SUB03811,PROD005,2348050553554,Customer 3811,Male,26-35,Lagos,South East,STANDARD,2025-06-08,Active,post paid,Annual,Nova Starter,Bundle,8000,,159.0,236,8000,bank transfer,4g,,2.0,2.0
CUST03812,SUB03812,PROD004,2348041885755,Customer 3812,F,18-25,Lagos,South West,Standard,2025-01-03,cancelled,prepaid,Annual,Nova SME Connect,Business,35000,45000MB,,729,35000,Card,3G,-106.0,,5.0
CUST03813,SUB03813,PROD003,2348021957996,Customer 3813,M,60+,Lagos,South East,STANDARD,2022-09-22,Suspended,post paid,ANNUAL,Nova Hybrid Plus,Bundle,18000,,1202.0,678,18000,Card,4g,-999.0,0.0,
CUST03814,SUB03814,PROD001,2348049452283,Customer 3814,M,18-25,Ibadan,South West,Basic,2024-04-30,ACTIVE,Prepaid,monthly,Nova Premium 5G,Data,25000,,1585.0,217,,Cash,4G,,,2.0
CUST03815,SUB03815,PROD002,2348010895790,Customer 3815,Male,26-35,LAGOS,North West,Standard,2023-11-06,active,Postpaid,No contract,Nova Unlimited Voice,Voice,12000,,,754,,Card,,-102.0,1.0,2.0
CUST03816,SUB03816,PROD005,2348028942568,Customer 3816,Male,60+, Abuja ,North Central,Basic,2022-05-07,ACTIVE,post paid,No contract,Nova Starter,Bundle,8000,30362,1019.0,250,8000,USSD,4G,,5.0,2.0
CUST03817,SUB03817,PROD002,2348083310183,Customer 3817,Female,46-60,LAGOS,South East,Corporate,2024-01-31,cancelled,POSTPAID,No contract,Nova Unlimited Voice,Voice,12000,19247,,688,,CARD,3G,-999.0,0.0,
CUST03818,SUB03818,PROD005,2348058008799,Customer 3818,F,18-25,Port Harcourt,South West,Premium,2022-03-11,Actv,POSTPAID,No contract,Nova Starter,Bundle,8000,45000MB,,354,8000,Card,4G,,2.0,2.0
CUST03819,SUB03819,PROD004,2348084024565,Customer 3819,Male,36-45,LAGOS,South South,Basic,2022-04-18,Active,Prepaid,ANNUAL,Nova SME Connect,Business,35000,45000MB,1030.0,586,35000,USSD,LTE,,1.0,1.0
CUST03820,SUB03820,PROD002,2348073206721, Customer 3820 ,F,,Kano,North Central,Corporate,2021-03-20,Suspended,Postpaid,No contract,Nova Unlimited Voice,Voice,12000,,2455.0,241,,,,-999.0,2.0,1.0
CUST03821,SUB03821,PROD005,2348012374519,Customer 3821,F,36-45, Abuja ,South East,,2021-12-18,Active,post paid,ANNUAL,Nova Starter,Bundle,8000,,3618.0,344,,Card,5G,-110.0,1.0,4.0
CUST03822,SUB03822,PROD002,2348077434009,Customer 3822,Female,46-60,,South West,Standard,2023-03-18,Active,Postpaid,monthly,Nova Unlimited Voice,Voice,12000,45000MB,3946.0,720,12000,,4G,-999.0,0.0,1.0
CUST03823,SUB03823,PROD001,2348020028092,Customer 3823,FEMALE,46-60,Lagos,South West,Standard,2021-07-31,Cancelled,post paid,ANNUAL,Nova Premium 5G,Data,25000,45000MB,,740,25000,Card,4G,,0.0,4.0
CUST03824,SUB03824,PROD003,2348087784699,Customer 3824,,60+,Port Harcourt,North West,Corporate,2025-05-20,Suspended,POSTPAID,Monthly,Nova Hybrid Plus,Bundle,18000,84361,,567,18000,Bank Transfer,,-70.0,5.0,2.0
CUST03825,SUB03825,PROD002,2348047464643,Customer 3825,male,18-25,LAGOS,South West,Corporate,17/01/2022,ACTIVE,POSTPAID,monthly,Nova Unlimited Voice,Voice,12000,88306,2449.0,446,12000,Bank Transfer,4G,-69.0,2.0,3.0
CUST03826,SUB03826,PROD002,2348070448521,Customer 3826,m ,60+,Ibadan,North Central,,2024-03-01,SUSPENDED,Postpaid,Annual,Nova Unlimited Voice,Voice,12000,68883,,262,12000,Card,5G,,,5.0
CUST03827,SUB03827,PROD001,2348014539498,Customer 3827,,60+,Port Harcourt,North West,Basic,2022-06-20,active,prepaid,No contract,Nova Premium 5G,Data,25000,45000MB,,515,,Card,5G,-999.0,2.0,5.0
CUST03828,SUB03828,PROD005,2348016807604,Customer 3828,Female,46-60,lagos,North Central,STANDARD,2024-01-11,Active,post paid,ANNUAL,Nova Starter,Bundle,8000,,2857.0,694,8000,Cash,3G,-109.0,1.0,1.0
CUST03829,SUB03829,PROD005,2348014976540,Customer 3829,Male,60+,Kano,South East,STANDARD,2022-07-05,Suspended,POSTPAID,Monthly,Nova Starter,Bundle,8000,41844,,440,8000,,5G,-999.0,,1.0
CUST03830,SUB03830,PROD002,2348023869745,Customer 3830,male,46-60,Lagos,South West,,2023-02-14,,Prepaid,Annual,Nova Unlimited Voice,Voice,12000,,3076.0,11,,,4G,,0.0,1.0
CUST03831,SUB03831,PROD004,2348022740112,Customer 3831,Male,,Lagos,South East,STANDARD,2025-05-22,active,POSTPAID,monthly,Nova SME Connect,Business,35000,45000MB,3216.0,433,,Card,4g,,0.0,
CUST03832,SUB03832,PROD003,2348097840231,Customer 3832,Female,60+,portharcourt,South West,Basic,2024-06-10,ACTIVE,post paid,Annual,Nova Hybrid Plus,Bundle,18000,7741,,478,18000,Bank Transfer,3G,,,
CUST03833,SUB03833,PROD002,2348078130024,Customer 3833,M,36-45,Kano,South South,Corporate,2021-07-03,Active,post paid,Monthly,Nova Unlimited Voice,Voice,12000,45000MB,869.0,237,12000,Cash,5G,-999.0,5.0,5.0
CUST03834,SUB03834,PROD001,2348091287694,Customer 3834,Female,,,North Central,,2023-08-25,Cancelled,POSTPAID,monthly,Nova Premium 5G,Data,25000,45000MB,1720.0,543,25000,,3G,-108.0,5.0,3.0
CUST03835,SUB03835,PROD002,2348077958033,Customer 3835,Female,36-45,Enugu,South East,,2022-05-14,active,post paid,monthly,Nova Unlimited Voice,Voice,12000,,600.0,581,,Card,5G,-72.0,5.0,1.0
CUST03836,SUB03836,PROD001,2348053328521,Customer 3836,Female,36-45,LAGOS,South West,Corporate,2024-08-04,active,prepaid,No contract,Nova Premium 5G,Data,25000,45000MB,,767,,Bank Transfer,3G,-102.0,5.0,
CUST03837,SUB03837,PROD004,2348065178014,Customer 3837, f,26-35,Enugu,South East,Corporate,2022-08-02,Active,Prepaid,No contract,Nova SME Connect,Business,35000,45000MB,,82,,Cash,LTE,-999.0,,3.0
CUST03838,SUB03838,PROD001,2348052651280,Customer 3838,Male,60+,Kano,North Central,Corporate,2022-07-09,active,POSTPAID,ANNUAL,Nova Premium 5G,Data,25000,,3329.0,276,,bank transfer,4G,-999.0,5.0,1.0
CUST03839,SUB03839,PROD001,2348042899216,Customer 3839,M,, Abuja ,North West,Corporate,2022-06-22,Active,post paid,Monthly,Nova Premium 5G,Data,25000,,,206,,bank transfer,5G,-55.0,0.0,1.0
CUST03840,SUB03840,PROD001,2348042029445, Customer 3840 ,Female,60+,,North West,STANDARD,2021-01-21,,Postpaid,Monthly,Nova Premium 5G,Data,25000,,,7,25000,Bank Transfer,4G,-104.0,0.0,4.0
CUST03841,SUB03841,PROD003,2348010430094,Customer 3841,male,60+,Abuja,North West,Premium,2023-10-31,Active,Postpaid,Monthly,Nova Hybrid Plus,Bundle,18000,45013,,581,,CARD,4g,-110.0,2.0,3.0
CUST03842,SUB03842,PROD001,2348018903098,Customer 3842,Female,60+,LAGOS,North Central,Standard,2024-07-07,Actv,Postpaid,monthly,Nova Premium 5G,Data,25000,,608.0,169,,Cash,4G,-108.0,,
CUST03843,SUB03843,PROD002,2348029848790,Customer 3843,F,36-45,Kano,South East,Standard,2023-01-24,Active,post paid,ANNUAL,Nova Unlimited Voice,Voice,12000,45000MB,,1,12000,Card,5G,-999.0,0.0,2.0
CUST03844,SUB03844,PROD001,2348086653238,Customer 3844,Female,26-35, Abuja ,North Central,Standard,2024-11-22,,post paid,Monthly,Nova Premium 5G,Data,25000,45000MB,,676,25000,CARD,4g,,,1.0
CUST03845,SUB03845,PROD001,2348060947143,Customer 3845,MALE,46-60,LAGOS,North West,Basic,2024-08-07,Suspended,Postpaid,No contract,Nova Premium 5G,Data,25000,45000MB,3921.0,487,25000,,4G,-88.0,2.0,5.0
CUST03846,SUB03846,PROD003,2348040106206,Customer 3846,,18-25,LAGOS,South South,STANDARD,2024-10-11,Cancelled,Prepaid,ANNUAL,Nova Hybrid Plus,Bundle,18000,,3748.0,359,18000,,,-105.0,0.0,3.0
CUST03847,SUB03847,PROD002,2348035036658,Customer 3847,Female,18-25,Ibadan,South East,premium ,2025-06-02,Cancelled,Postpaid,Annual,Nova Unlimited Voice,Voice,12000,45000MB,400.0,651,12000,Cash,4g,-999.0,1.0,3.0
CUST03848,SUB03848,PROD003,2348075757078,Customer 3848,F,,Ibadan,North West,Corporate,2022-03-27,active,POSTPAID,No contract,Nova Hybrid Plus,Bundle,18000,45000MB,,778,,Bank Transfer,4G,,,1.0
CUST03849,SUB03849,PROD002,2348077079930,Customer 3849,Female,36-45,portharcourt,North West,STANDARD,2025-05-07,Active,Prepaid,ANNUAL,Nova Unlimited Voice,Voice,12000,8663,1801.0,318,12000,Card,,-999.0,1.0,
CUST03850,SUB03850,PROD003,2348031426131,Customer 3850,male,26-35,Lagos,North Central,Premium,15/12/2022,active,prepaid,ANNUAL,Nova Hybrid Plus,Bundle,18000,,,239,18000,USSD,LTE,-61.0,,2.0
CUST03851,SUB03851,PROD004,2348099833187,Customer 3851,Male,60+,Abuja,South South,Basic,2024-02-06,Active,prepaid,ANNUAL,Nova SME Connect,Business,35000,45000MB,1140.0,220,35000,bank transfer,5G,-100.0,0.0,3.0
CUST03852,SUB03852,PROD005,2348086926740,Customer 3852,Female,60+,Kano,South South,Premium,2021-10-12,cancelled,post paid,Monthly,Nova Starter,Bundle,8000,45000MB,,555,8000,,5G,-94.0,0.0,2.0
CUST03853,SUB03853,PROD001,2348059387389,Customer 3853,Male,18-25,Port Harcourt,South West,Premium,2025-02-04,Cancelled,Postpaid,Annual,Nova Premium 5G,Data,25000,,,441,,Card,,-99.0,,
CUST03854,SUB03854,PROD004,2348053475082,Customer 3854,F,46-60,lagos,North Central,premium ,2025-08-26,Active,Prepaid,ANNUAL,Nova SME Connect,Business,35000,22624,3193.0,232,35000,CARD,4g,,0.0,4.0
CUST03855,SUB03855,PROD004,2348099320306,Customer 3855,Male,26-35,Port Harcourt,South South,Basic,2024-02-08,cancelled,POSTPAID,Annual,Nova SME Connect,Business,35000,45000MB,1385.0,682,,CARD,,-95.0,1.0,3.0
CUST03856,SUB03856,PROD003,2348093629380,Customer 3856,F,46-60,Ibadan,South East,STANDARD,2021-10-26,active,post paid,No contract,Nova Hybrid Plus,Bundle,18000,50785,,4,18000,USSD,,-87.0,1.0,3.0
CUST03857,SUB03857,PROD004,2348029576350,Customer 3857,M,26-35,Kano,South East,STANDARD,2025-04-11,Cancelled,Postpaid,monthly,Nova SME Connect,Business,35000,45000MB,,295,35000,USSD,3G,,5.0,3.0
CUST03858,SUB03858,PROD001,2348016071648,Customer 3858,Male,46-60,Lagos,North Central,Premium,2023-10-23,Actv,POSTPAID,ANNUAL,Nova Premium 5G,Data,25000,45000MB,,692,,CARD,LTE,-999.0,0.0,3.0
CUST03859,SUB03859,PROD005,2348052310354,Customer 3859,m ,46-60,Port Harcourt,South South,Premium,2024-09-17,active,POSTPAID,Monthly,Nova Starter,Bundle,8000,48939,,637,,,4g,,1.0,2.0
CUST03860,SUB03860,PROD005,2348079844032, Customer 3860 ,female,,portharcourt,South West,,2024-05-06,ACTIVE,POSTPAID,Annual,Nova Starter,Bundle,8000,36746,2710.0,622,8000,,4g,-94.0,1.0,3.0
CUST03861,SUB03861,PROD005,2348063920904,Customer 3861,M,36-45,Port Harcourt,South West,STANDARD,2024-07-23,ACTIVE,Postpaid,Monthly,Nova Starter,Bundle,8000,45000MB,3186.0,406,,Bank Transfer,4g,,2.0,3.0
CUST03862,SUB03862,PROD003,2348041698067,Customer 3862,male,,portharcourt,South West,,2022-09-17,Active,prepaid,Monthly,Nova Hybrid Plus,Bundle,18000,80659,,377,,USSD,LTE,-74.0,5.0,4.0
CUST03863,SUB03863,PROD003,2348053086624,Customer 3863,,18-25,portharcourt,South South,,2023-02-04,active,prepaid,ANNUAL,Nova Hybrid Plus,Bundle,18000,,1294.0,234,18000,Card,LTE,,5.0,5.0
CUST03864,SUB03864,PROD004,2348074530531,Customer 3864,Male,60+,,South South,premium ,2021-09-01,,POSTPAID,No contract,Nova SME Connect,Business,35000,,,332,,Cash,5G,-999.0,5.0,2.0
CUST03865,SUB03865,PROD005,2348070760021,Customer 3865,,26-35, Abuja ,North West,Basic,2025-02-01,active,POSTPAID,ANNUAL,Nova Starter,Bundle,8000,,930.0,106,8000,,LTE,-70.0,1.0,2.0
CUST03866,SUB03866,PROD002,2348044823543,Customer 3866,Female,60+,Kano,South South,Standard,2022-05-20,cancelled,Postpaid,ANNUAL,Nova Unlimited Voice,Voice,12000,45000MB,2018.0,17,12000,Card,4g,-54.0,2.0,2.0
CUST03867,SUB03867,PROD004,2348027653026,Customer 3867,female,36-45,LAGOS,North West,Standard,2025-04-27,SUSPENDED,Postpaid,Monthly,Nova SME Connect,Business,35000,87881,2575.0,776,35000,,4G,,2.0,2.0
CUST03868,SUB03868,PROD004,2348087972361,Customer 3868,Female,46-60,Ibadan,South South,STANDARD,2021-06-03,Cancelled,POSTPAID,Monthly,Nova SME Connect,Business,35000,52624,1767.0,422,35000,,5G,-999.0,0.0,4.0
CUST03869,SUB03869,PROD001,2348039595795,Customer 3869,FEMALE,60+,Abuja,South South,Standard,2021-06-01,Suspended,prepaid,No contract,Nova Premium 5G,Data,25000,1643,1700.0,532,,CARD,4g,-91.0,5.0,2.0
CUST03870,SUB03870,PROD001,2348062139883,Customer 3870,,46-60,Lagos,South East,STANDARD,2025-11-24,cancelled,Prepaid,Annual,Nova Premium 5G,Data,25000,,1826.0,760,25000,Card,5G,-92.0,2.0,
CUST03871,SUB03871,PROD004,2348072999193,Customer 3871,F,60+,Ibadan,North West,STANDARD,2025-10-20,cancelled,post paid,Annual,Nova SME Connect,Business,35000,47694,,520,35000,Cash,4G,-87.0,5.0,5.0
CUST03872,SUB03872,PROD001,2348084972147,Customer 3872,Female,26-35,Lagos,South East,Basic,2021-10-03,Cancelled,Postpaid,ANNUAL,Nova Premium 5G,Data,25000,45000MB,3705.0,117,25000,Bank Transfer,3G,,,4.0
CUST03873,SUB03873,PROD005,2348015203142,Customer 3873,Male,46-60,Abuja,South South,Standard,2024-08-06,Active,post paid,monthly,Nova Starter,Bundle,8000,57810,,720,8000,Bank Transfer,,-999.0,2.0,3.0
CUST03874,SUB03874,PROD002,2348027353401,Customer 3874,Female,,Port Harcourt,South East,,2022-02-24,cancelled,Postpaid,Monthly,Nova Unlimited Voice,Voice,12000,55648,3783.0,521,12000,CARD,3G,-999.0,0.0,1.0
CUST03875,SUB03875,PROD003,2348055602331,Customer 3875,Male,,Kano,South East,premium ,02/07/2025,active,POSTPAID,ANNUAL,Nova Hybrid Plus,Bundle,18000,45000MB,,329,,USSD,4g,-999.0,1.0,
CUST03876,SUB03876,PROD001,2348082397602,Customer 3876,female,18-25,Abuja,North West,premium ,2023-04-07,active,prepaid,ANNUAL,Nova Premium 5G,Data,25000,,,197,25000,USSD,4g,-79.0,,4.0
CUST03877,SUB03877,PROD004,2348098611359,Customer 3877,Female,26-35,lagos,South West,Premium,2025-01-13,,Prepaid,Monthly,Nova SME Connect,Business,35000,45000MB,,689,35000,Cash,,,0.0,3.0
CUST03878,SUB03878,PROD004,2348021435018,Customer 3878,Female,46-60,Kano,South East,Corporate,2021-08-05,Active,Prepaid,Annual,Nova SME Connect,Business,35000,,3713.0,108,35000,,3G,,0.0,5.0
CUST03879,SUB03879,PROD005,2348097757698,Customer 3879,MALE,46-60,Enugu,North West,Premium,2021-05-06,,POSTPAID,Monthly,Nova Starter,Bundle,8000,38984,,783,,USSD,5G,,5.0,2.0
CUST03880,SUB03880,PROD004,2348032364023, Customer 3880 ,Female,,Port Harcourt,South West,Standard,2024-12-13,Active,Postpaid,ANNUAL,Nova SME Connect,Business,35000,,1409.0,223,35000,Card,4G,,5.0,4.0
CUST03881,SUB03881,PROD004,2348025585217,Customer 3881,M,46-60,lagos,South South,Basic,2021-01-15,Active,POSTPAID,Annual,Nova SME Connect,Business,35000,,3527.0,29,,Card,LTE,-79.0,2.0,1.0
CUST03882,SUB03882,PROD002,2348089083666,Customer 3882,,18-25,lagos,South West,Standard,2021-08-26,,Postpaid,monthly,Nova Unlimited Voice,Voice,12000,88776,1900.0,66,12000,,4G,-60.0,2.0,5.0
CUST03883,SUB03883,PROD003,2348089340185,Customer 3883,,46-60,Lagos,North West,Basic,2025-06-26,Active,post paid,Annual,Nova Hybrid Plus,Bundle,18000,,,237,18000,CARD,,-999.0,5.0,
CUST03884,SUB03884,PROD003,2348047000635,Customer 3884,F,36-45,Enugu,South East,,2021-01-18,ACTIVE,POSTPAID,Monthly,Nova Hybrid Plus,Bundle,18000,46903,,250,,USSD,LTE,-106.0,2.0,5.0
CUST03885,SUB03885,PROD004,2348033570395,Customer 3885,Female,,LAGOS,South South,premium ,2025-06-18,Active,post paid,No contract,Nova SME Connect,Business,35000,45000MB,3251.0,590,,Bank Transfer,LTE,-999.0,,3.0
CUST03886,SUB03886,PROD005,2348070095992,Customer 3886,female,46-60,portharcourt,South West,premium ,2023-02-05,Suspended,POSTPAID,ANNUAL,Nova Starter,Bundle,8000,,2906.0,406,8000,Bank Transfer,LTE,-999.0,0.0,
CUST03887,SUB03887,PROD004,2348054071561,Customer 3887,MALE,46-60,LAGOS,North West,premium ,2022-03-01,Actv,POSTPAID,monthly,Nova SME Connect,Business,35000,68213,3154.0,352,35000,CARD,4G,-105.0,0.0,4.0
CUST03888,SUB03888,PROD003,2348088610682,Customer 3888,Female,,Lagos,South East,,2021-07-05,cancelled,POSTPAID,ANNUAL,Nova Hybrid Plus,Bundle,18000,,,321,18000,Card,4G,-999.0,0.0,4.0
CUST03889,SUB03889,PROD001,2348023247321,Customer 3889,m ,36-45,Abuja,North West,Basic,2024-02-08,Active,post paid,monthly,Nova Premium 5G,Data,25000,,,628,,bank transfer,3G,-71.0,2.0,5.0
CUST03890,SUB03890,PROD005,2348062893936,Customer 3890,F,26-35,portharcourt,South East,Basic,2021-01-19,Active,prepaid,Monthly,Nova Starter,Bundle,8000,45000MB,,499,8000,USSD,3G,,1.0,3.0
CUST03891,SUB03891,PROD004,2348050265722,Customer 3891,F,,LAGOS,North West,premium ,2025-07-29,Cancelled,prepaid,ANNUAL,Nova SME Connect,Business,35000,45000MB,624.0,569,35000,,4G,-999.0,1.0,4.0
CUST03892,SUB03892,PROD005,2348087469502,Customer 3892,Female,,lagos,North Central,Premium,2025-01-01,cancelled,Postpaid,monthly,Nova Starter,Bundle,8000,85525,543.0,777,,,,-84.0,,2.0
CUST03893,SUB03893,PROD003,2348021721252,Customer 3893,Female,26-35,Lagos,South South,Corporate,2022-10-25,Active,Postpaid,monthly,Nova Hybrid Plus,Bundle,18000,45000MB,35.0,672,18000,Card,,-66.0,0.0,1.0
CUST03894,SUB03894,PROD003,2348062371019,Customer 3894,Female,36-45,Kano,North Central,Basic,2022-04-04,active,post paid,Annual,Nova Hybrid Plus,Bundle,18000,45000MB,2513.0,634,18000,bank transfer,5G,,5.0,4.0
CUST03895,SUB03895,PROD005,2348074490810,Customer 3895,Male,46-60,LAGOS,South West,Standard,2025-04-06,Active,Prepaid,monthly,Nova Starter,Bundle,8000,,691.0,391,,bank transfer,4G,-75.0,2.0,2.0
CUST03896,SUB03896,PROD004,2348071883647,Customer 3896,male,60+,Lagos,North West,Basic,2024-01-05,Cancelled,Postpaid,monthly,Nova SME Connect,Business,35000,,,781,,Bank Transfer,4G,-79.0,2.0,
CUST03897,SUB03897,PROD004,2348033530384,Customer 3897,Female,,Enugu,South West,Standard,2025-11-12,active,Prepaid,No contract,Nova SME Connect,Business,35000,82576,3479.0,344,,Card,,,5.0,
CUST03898,SUB03898,PROD004,2348080987532,Customer 3898,,60+,portharcourt,North West,STANDARD,2022-02-09,cancelled,prepaid,Annual,Nova SME Connect,Business,35000,45000MB,,18,35000,USSD,5G,-87.0,2.0,1.0
CUST03899,SUB03899,PROD003,2348068942839,Customer 3899,M,18-25,Kano,South South,,2024-04-18,cancelled,POSTPAID,ANNUAL,Nova Hybrid Plus,Bundle,18000,,1705.0,399,,CARD,4g,-999.0,2.0,
CUST03900,SUB03900,PROD002,2348094183169, Customer 3900 ,Female,46-60,portharcourt,South West,STANDARD,07/02/2024,Actv,Prepaid,ANNUAL,Nova Unlimited Voice,Voice,12000,45000MB,2495.0,44,12000,Card,3G,-91.0,1.0,1.0
CUST03901,SUB03901,PROD005,2348081674632,Customer 3901,Male,18-25,Kano,South West,STANDARD,2024-11-08,SUSPENDED,POSTPAID,ANNUAL,Nova Starter,Bundle,8000,,1032.0,483,,bank transfer,,,,2.0
CUST03902,SUB03902,PROD003,2348078962286,Customer 3902,Unknown,46-60,Lagos,North West,Standard,2021-01-02,Cancelled,post paid,No contract,Nova Hybrid Plus,Bundle,18000,45000MB,,231,18000,bank transfer,4G,-80.0,1.0,4.0
CUST03903,SUB03903,PROD001,2348021716540,Customer 3903,Male,60+,Lagos,South West,,2024-10-17,Suspended,POSTPAID,Annual,Nova Premium 5G,Data,25000,,2031.0,302,25000,Bank Transfer,4G,-110.0,,2.0
CUST03904,SUB03904,PROD004,2348062016078,Customer 3904,Female,,Abuja,South East,premium ,2022-12-07,Active,Prepaid,ANNUAL,Nova SME Connect,Business,35000,,,765,,Card,LTE,,2.0,3.0
CUST03905,SUB03905,PROD003,2348077103560,Customer 3905,Female,60+,,North Central,STANDARD,2025-06-08,active,Prepaid,Monthly,Nova Hybrid Plus,Bundle,18000,84412,,306,18000,CARD,3G,,5.0,5.0
CUST03906,SUB03906,PROD001,2348078829053,Customer 3906,Female,36-45,LAGOS,North Central,STANDARD,2022-09-21,Active,prepaid,Annual,Nova Premium 5G,Data,25000,,2077.0,459,,CARD,4G,-62.0,2.0,4.0
CUST03907,SUB03907,PROD004,2348014109225,Customer 3907,M,36-45,lagos,South East,Corporate,2024-02-13,,Prepaid,ANNUAL,Nova SME Connect,Business,35000,45000MB,,514,35000,Bank Transfer,4g,,5.0,2.0
CUST03908,SUB03908,PROD001,2348031995793,Customer 3908, f,26-35,Lagos,South South,premium ,2023-02-06,Suspended,Postpaid,Annual,Nova Premium 5G,Data,25000,45000MB,,157,,USSD,LTE,-65.0,0.0,1.0
CUST03909,SUB03909,PROD005,2348087208406,Customer 3909,Female,, Abuja ,South East,Corporate,2021-10-30,Suspended,Prepaid,Monthly,Nova Starter,Bundle,8000,,,533,,USSD,4G,,,4.0
CUST03910,SUB03910,PROD003,2348072643218,Customer 3910,F,18-25,Lagos,North West,Standard,2022-12-06,Actv,prepaid,Monthly,Nova Hybrid Plus,Bundle,18000,,1159.0,235,,CARD,,-999.0,0.0,5.0
CUST03911,SUB03911,PROD002,2348077668774,Customer 3911,Male,46-60,LAGOS,South South,Corporate,2023-03-15,Suspended,Postpaid,Monthly,Nova Unlimited Voice,Voice,12000,45000MB,,744,12000,,4g,-999.0,1.0,3.0
CUST03912,SUB03912,PROD003,2348028812883,Customer 3912,male,18-25,portharcourt,South East,Premium,2023-04-07,active,POSTPAID,No contract,Nova Hybrid Plus,Bundle,18000,,,465,,Cash,4g,-106.0,1.0,4.0
CUST03913,SUB03913,PROD003,2348048987331,Customer 3913,Male,36-45,Abuja,North Central,STANDARD,2025-10-18,Cancelled,POSTPAID,Monthly,Nova Hybrid Plus,Bundle,18000,,1217.0,649,,USSD,,,1.0,
CUST03914,SUB03914,PROD004,2348011330996,Customer 3914,,46-60,,North West,Basic,2021-10-26,Suspended,post paid,Annual,Nova SME Connect,Business,35000,3091,177.0,270,35000,USSD,,,5.0,5.0
CUST03915,SUB03915,PROD004,2348087267619,Customer 3915,Male,,lagos,North Central,premium ,2025-05-30,Active,Prepaid,Annual,Nova SME Connect,Business,35000,5912,1586.0,35,,CARD,4G,-70.0,0.0,3.0
CUST03916,SUB03916,PROD003,2348011831162,Customer 3916,Female,46-60, Abuja ,South East,Standard,2021-07-18,,Prepaid,ANNUAL,Nova Hybrid Plus,Bundle,18000,12813,1582.0,502,18000,bank transfer,4g,-999.0,0.0,
CUST03917,SUB03917,PROD001,2348033285447,Customer 3917,MALE,46-60, Abuja ,South South,,2021-08-15,Cancelled,post paid,Annual,Nova Premium 5G,Data,25000,45000MB,3329.0,554,,USSD,,,2.0,
CUST03918,SUB03918,PROD004,2348035764144,Customer 3918,F,26-35,Abuja,South East,STANDARD,2022-03-16,Active,Prepaid,Annual,Nova SME Connect,Business,35000,,,548,35000,USSD,4g,-999.0,5.0,5.0
CUST03919,SUB03919,PROD004,2348012176919,Customer 3919,F,18-25,,South West,Standard,2022-09-17,Cancelled,prepaid,Monthly,Nova SME Connect,Business,35000,45000MB,1594.0,135,35000,Card,,-101.0,0.0,5.0
CUST03920,SUB03920,PROD004,2348076062761, Customer 3920 ,Male,18-25,Ibadan,South East,Corporate,2021-09-27,Active,Postpaid,Monthly,Nova SME Connect,Business,35000,45000MB,,689,35000,Bank Transfer,4g,-999.0,1.0,2.0
CUST03921,SUB03921,PROD005,2348054711421,Customer 3921,Male,18-25,Port Harcourt,South East,premium ,2024-02-25,,post paid,monthly,Nova Starter,Bundle,8000,58296,543.0,771,8000,bank transfer,4g,-94.0,1.0,1.0
CUST03922,SUB03922,PROD001,2348050556066,Customer 3922,m ,36-45,Lagos,North West,Corporate,2025-06-09,Cancelled,post paid,ANNUAL,Nova Premium 5G,Data,25000,59627,17.0,791,25000,Cash,3G,,,5.0
CUST03923,SUB03923,PROD003,2348051262537,Customer 3923,FEMALE,36-45,lagos,South West,STANDARD,2022-12-23,Active,Prepaid,ANNUAL,Nova Hybrid Plus,Bundle,18000,,242.0,437,,bank transfer,4g,,1.0,3.0
CUST03924,SUB03924,PROD002,2348071769130,Customer 3924,Male,36-45,Enugu,South East,Corporate,2023-06-11,active,Prepaid,Annual,Nova Unlimited Voice,Voice,12000,4291,761.0,63,,Cash,5G,-59.0,5.0,4.0
CUST03925,SUB03925,PROD002,2348079252960,Customer 3925,Male,36-45,Abuja,South East,Corporate,03/02/2023,cancelled,prepaid,Monthly,Nova Unlimited Voice,Voice,12000,,,47,12000,Bank Transfer,,-999.0,5.0,1.0
CUST03926,SUB03926,PROD004,2348043042507,Customer 3926,,60+,Kano,South South,premium ,2022-05-25,active,post paid,Monthly,Nova SME Connect,Business,35000,45000MB,,402,35000,CARD,4g,-999.0,,2.0
CUST03927,SUB03927,PROD003,2348080186256,Customer 3927,Male,18-25,portharcourt,North Central,Corporate,2024-03-17,active,Prepaid,Annual,Nova Hybrid Plus,Bundle,18000,,,220,,,5G,-999.0,1.0,2.0
CUST03928,SUB03928,PROD001,2348075722681,Customer 3928,m ,26-35,Enugu,South West,premium ,2021-03-31,Active,POSTPAID,Monthly,Nova Premium 5G,Data,25000,69752,,490,25000,Cash,LTE,-71.0,2.0,1.0
CUST03929,SUB03929,PROD003,2348079905789,Customer 3929,Female,18-25,Enugu,North Central,Corporate,2023-11-23,SUSPENDED,POSTPAID,ANNUAL,Nova Hybrid Plus,Bundle,18000,,,500,18000,USSD,4G,-64.0,1.0,
CUST03930,SUB03930,PROD004,2348032597955,Customer 3930,Female,36-45,Abuja,South South,Basic,2023-02-21,active,POSTPAID,Monthly,Nova SME Connect,Business,35000,83019,,676,35000,Card,LTE,,5.0,1.0
CUST03931,SUB03931,PROD003,2348067181083,Customer 3931,,18-25,Kano,North West,premium ,2023-04-20,,post paid,Annual,Nova Hybrid Plus,Bundle,18000,45000MB,2576.0,420,,Card,LTE,-999.0,5.0,5.0
CUST03932,SUB03932,PROD001,2348098924050,Customer 3932,female,46-60,portharcourt,South West,,2021-04-29,,Prepaid,Annual,Nova Premium 5G,Data,25000,45000MB,789.0,279,25000,Bank Transfer,LTE,,,1.0
CUST03933,SUB03933,PROD002,2348068231910,Customer 3933,FEMALE,46-60,Port Harcourt,South West,Standard,2022-04-02,,prepaid,monthly,Nova Unlimited Voice,Voice,12000,51206,,308,12000,Cash,5G,,1.0,4.0
CUST03934,SUB03934,PROD004,2348066614701,Customer 3934,F,36-45,Abuja,South East,Corporate,2024-11-15,cancelled,Postpaid,No contract,Nova SME Connect,Business,35000,71440,,373,35000,,3G,-76.0,1.0,3.0
CUST03935,SUB03935,PROD002,2348037976419,Customer 3935,Female,18-25,,South West,,2021-07-06,,POSTPAID,Monthly,Nova Unlimited Voice,Voice,12000,45000MB,1443.0,108,,Cash,,-999.0,1.0,4.0
CUST03936,SUB03936,PROD003,2348071551108,Customer 3936,F,26-35,LAGOS,South West,premium ,2024-09-22,Active,Prepaid,Annual,Nova Hybrid Plus,Bundle,18000,29334,2102.0,329,,Cash,LTE,-87.0,2.0,4.0
CUST03937,SUB03937,PROD002,2348066371712,Customer 3937,Male,36-45,,North Central,Premium,2022-10-30,Suspended,Postpaid,Annual,Nova Unlimited Voice,Voice,12000,45000MB,3129.0,503,12000,CARD,LTE,-999.0,2.0,4.0
CUST03938,SUB03938,PROD001,2348096079710,Customer 3938,Male,60+,Abuja,North West,Basic,2024-08-11,active,post paid,No contract,Nova Premium 5G,Data,25000,48914,,582,25000,,4G,-51.0,1.0,
CUST03939,SUB03939,PROD003,2348071045561,Customer 3939,Female,, Abuja ,North West,Basic,2021-08-31,Suspended,post paid,Annual,Nova Hybrid Plus,Bundle,18000,,,544,18000,Card,LTE,-999.0,2.0,3.0
CUST03940,SUB03940,PROD002,2348015878205, Customer 3940 ,,36-45,Lagos,South West,Premium,2022-07-07,Suspended,POSTPAID,Annual,Nova Unlimited Voice,Voice,12000,,1527.0,689,,Bank Transfer,4g,-999.0,5.0,2.0
CUST03941,SUB03941,PROD004,2348011160167,Customer 3941,Female,60+,Abuja,South South,premium ,2021-04-07,active,Prepaid,monthly,Nova SME Connect,Business,35000,,2479.0,693,35000,Cash,5G,-67.0,0.0,3.0
CUST03942,SUB03942,PROD002,2348031248667,Customer 3942,Male,60+, Abuja ,South South,,2024-12-30,Cancelled,prepaid,Annual,Nova Unlimited Voice,Voice,12000,56006,,306,12000,Cash,5G,-69.0,1.0,2.0
CUST03943,SUB03943,PROD005,2348090580307,Customer 3943,,, Abuja ,South East,Standard,2025-03-22,ACTIVE,prepaid,Annual,Nova Starter,Bundle,8000,45000MB,,727,8000,bank transfer,,-999.0,,2.0
CUST03944,SUB03944,PROD004,2348077392201,Customer 3944,Male,46-60,,South South,Corporate,2025-11-15,Active,Postpaid,ANNUAL,Nova SME Connect,Business,35000,45000MB,2595.0,676,35000,USSD,5G,-999.0,,4.0
CUST03945,SUB03945,PROD005,2348045837200,Customer 3945,Male,,Lagos,South South,Corporate,2022-04-06,cancelled,Postpaid,ANNUAL,Nova Starter,Bundle,8000,45000MB,2934.0,390,8000,Bank Transfer,LTE,,,5.0
CUST03946,SUB03946,PROD004,2348033901704,Customer 3946, f,36-45,Lagos,South South,,2024-06-12,Cancelled,Prepaid,Monthly,Nova SME Connect,Business,35000,36831,,432,35000,Bank Transfer,5G,-999.0,5.0,3.0
CUST03947,SUB03947,PROD001,2348074775673,Customer 3947,m ,,Ibadan,North West,Basic,2023-08-15,Cancelled,Prepaid,Monthly,Nova Premium 5G,Data,25000,,794.0,672,25000,Cash,4G,-999.0,,4.0
CUST03948,SUB03948,PROD005,2348073274516,Customer 3948,Male,,Port Harcourt,South South,Basic,2024-08-04,Cancelled,post paid,ANNUAL,Nova Starter,Bundle,8000,,,240,8000,,LTE,-65.0,5.0,5.0
CUST03949,SUB03949,PROD002,2348070405092,Customer 3949,,26-35,portharcourt,North Central,Corporate,2025-05-05,,post paid,monthly,Nova Unlimited Voice,Voice,12000,45000MB,507.0,525,,bank transfer,,-83.0,0.0,2.0
CUST03950,SUB03950,PROD004,2348010432272,Customer 3950,Female,26-35,portharcourt,North West,Basic,08/07/2024,Active,Prepaid,monthly,Nova SME Connect,Business,35000,,2653.0,794,35000,Cash,4g,,2.0,3.0
CUST03951,SUB03951,PROD003,2348099711832,Customer 3951,MALE,26-35,Port Harcourt,South East,Basic,2023-06-04,Active,POSTPAID,ANNUAL,Nova Hybrid Plus,Bundle,18000,,,317,18000,bank transfer,3G,-999.0,2.0,2.0
CUST03952,SUB03952,PROD002,2348051103913,Customer 3952,Male,46-60,portharcourt,North West,Corporate,2021-12-29,cancelled,prepaid,Monthly,Nova Unlimited Voice,Voice,12000,45000MB,3628.0,711,,,4G,-92.0,5.0,3.0
CUST03953,SUB03953,PROD001,2348039415302,Customer 3953,FEMALE,26-35,LAGOS,South East,Corporate,2023-03-04,,Postpaid,Monthly,Nova Premium 5G,Data,25000,75228,,182,,CARD,3G,,2.0,4.0
CUST03954,SUB03954,PROD004,2348013762233,Customer 3954,Male,,Lagos,South East,Standard,2025-02-05,ACTIVE,POSTPAID,No contract,Nova SME Connect,Business,35000,47378,,664,35000,CARD,4G,-110.0,0.0,1.0
CUST03955,SUB03955,PROD001,2348035687591,Customer 3955,male,26-35,Abuja,South East,,2022-04-08,Active,post paid,Annual,Nova Premium 5G,Data,25000,,402.0,213,25000,Cash,4g,,0.0,1.0
CUST03956,SUB03956,PROD005,2348053897769,Customer 3956,Unknown,26-35,Abuja,South West,Premium,2023-06-14,Active,Prepaid,ANNUAL,Nova Starter,Bundle,8000,,1747.0,428,8000,CARD,4G,-999.0,1.0,
CUST03957,SUB03957,PROD005,2348023995920,Customer 3957,Male,46-60,LAGOS,North West,Standard,2024-12-13,Cancelled,Postpaid,Annual,Nova Starter,Bundle,8000,,2640.0,397,,bank transfer,3G,,2.0,3.0
CUST03958,SUB03958,PROD004,2348099937331,Customer 3958, f,36-45,LAGOS,South East,Premium,2025-08-27,Cancelled,prepaid,Monthly,Nova SME Connect,Business,35000,54187,2526.0,605,35000,CARD,4G,,0.0,1.0
CUST03959,SUB03959,PROD005,2348044714017,Customer 3959,female,46-60,Port Harcourt,South East,Standard,2025-04-09,active,Prepaid,Annual,Nova Starter,Bundle,8000,11397,1726.0,206,8000,Bank Transfer,3G,-82.0,5.0,5.0
CUST03960,SUB03960,PROD001,2348058291046, Customer 3960 ,Female,60+,Ibadan,South West,Premium,2023-07-15,ACTIVE,post paid,ANNUAL,Nova Premium 5G,Data,25000,,165.0,375,25000,,LTE,-51.0,0.0,4.0
CUST03961,SUB03961,PROD002,2348090600227,Customer 3961,,, Abuja ,South West,premium ,2025-02-11,cancelled,Postpaid,ANNUAL,Nova Unlimited Voice,Voice,12000,,130.0,403,,Bank Transfer,LTE,-999.0,0.0,2.0
CUST03962,SUB03962,PROD004,2348030541454,Customer 3962,Female,26-35,portharcourt,South East,STANDARD,2021-12-01,Suspended,POSTPAID,No contract,Nova SME Connect,Business,35000,45000MB,,31,35000,CARD,5G,-999.0,1.0,4.0
CUST03963,SUB03963,PROD003,2348026395883,Customer 3963,m ,26-35,,South West,,2023-12-04,Cancelled,Postpaid,monthly,Nova Hybrid Plus,Bundle,18000,31604,3282.0,178,,,5G,-999.0,5.0,
CUST03964,SUB03964,PROD005,2348019095462,Customer 3964,Female,,Lagos,North Central,Premium,2021-11-17,Active,Prepaid,No contract,Nova Starter,Bundle,8000,,,320,8000,bank transfer,4g,-68.0,2.0,4.0
CUST03965,SUB03965,PROD003,2348093237645,Customer 3965,M,26-35,Ibadan,South West,,2022-08-18,Cancelled,prepaid,monthly,Nova Hybrid Plus,Bundle,18000,,3202.0,637,18000,Bank Transfer,3G,-75.0,0.0,1.0
CUST03966,SUB03966,PROD002,2348044586701,Customer 3966,Female,36-45,Kano,North West,Premium,2021-12-02,active,post paid,Annual,Nova Unlimited Voice,Voice,12000,26113,,46,12000,CARD,LTE,,2.0,
CUST03967,SUB03967,PROD002,2348065678948,Customer 3967,,60+,Kano,South East,,2025-07-07,,POSTPAID,monthly,Nova Unlimited Voice,Voice,12000,,3945.0,470,,USSD,4G,,1.0,5.0
CUST03968,SUB03968,PROD001,2348093954138,Customer 3968,Female,26-35,Lagos,South East,Corporate,2021-11-15,Active,Prepaid,monthly,Nova Premium 5G,Data,25000,9293,1992.0,584,25000,Cash,4g,-999.0,0.0,1.0
CUST03969,SUB03969,PROD004,2348028202612,Customer 3969,m ,,portharcourt,South South,Corporate,2021-08-15,ACTIVE,post paid,monthly,Nova SME Connect,Business,35000,,1163.0,132,35000,Card,5G,-106.0,0.0,1.0
CUST03970,SUB03970,PROD003,2348023993694,Customer 3970,Female,36-45, Abuja ,South South,STANDARD,2025-08-11,Cancelled,post paid,Monthly,Nova Hybrid Plus,Bundle,18000,,,310,,Card,3G,-97.0,,1.0
CUST03971,SUB03971,PROD002,2348040233129,Customer 3971,female,26-35,Ibadan,South West,Premium,2025-06-10,Active,POSTPAID,monthly,Nova Unlimited Voice,Voice,12000,45000MB,2708.0,22,12000,USSD,LTE,,,5.0
CUST03972,SUB03972,PROD003,2348048166985,Customer 3972,Male,18-25,lagos,South West,Standard,2025-04-04,Cancelled,prepaid,Monthly,Nova Hybrid Plus,Bundle,18000,,,206,18000,Card,LTE,-68.0,,
CUST03973,SUB03973,PROD004,2348013441114,Customer 3973,male,46-60,Enugu,North West,Premium,2024-06-24,Active,POSTPAID,No contract,Nova SME Connect,Business,35000,62832,,135,35000,,LTE,,0.0,4.0
CUST03974,SUB03974,PROD001,2348059516435,Customer 3974,,46-60,Enugu,North Central,Corporate,2024-01-06,,POSTPAID,Annual,Nova Premium 5G,Data,25000,83285,270.0,54,25000,,4G,-999.0,,1.0
CUST03975,SUB03975,PROD001,2348083917852,Customer 3975,male,60+,Ibadan,South East,,15/04/2022,Cancelled,Prepaid,No contract,Nova Premium 5G,Data,25000,,,630,25000,,3G,-61.0,1.0,2.0
CUST03976,SUB03976,PROD002,2348013275792,Customer 3976,female,, Abuja ,South South,,2022-08-30,Suspended,Postpaid,No contract,Nova Unlimited Voice,Voice,12000,45000MB,,26,12000,,3G,-999.0,5.0,3.0
CUST03977,SUB03977,PROD001,2348069128307,Customer 3977,,36-45,Enugu,North West,Corporate,2021-08-06,Active,prepaid,ANNUAL,Nova Premium 5G,Data,25000,80629,,137,25000,Cash,,-999.0,5.0,5.0
CUST03978,SUB03978,PROD002,2348014645349,Customer 3978,,,LAGOS,South South,Premium,2021-01-07,,POSTPAID,Monthly,Nova Unlimited Voice,Voice,12000,18901,,478,12000,USSD,,,1.0,4.0
CUST03979,SUB03979,PROD005,2348054631934,Customer 3979,M,60+,Abuja,North Central,Premium,2023-11-06,Active,prepaid,Monthly,Nova Starter,Bundle,8000,11139,3835.0,451,8000,,,-999.0,2.0,2.0
CUST03980,SUB03980,PROD005,2348059346019, Customer 3980 ,,36-45,lagos,South West,premium ,2021-11-14,Suspended,Prepaid,Annual,Nova Starter,Bundle,8000,,263.0,351,8000,,5G,-99.0,0.0,5.0
CUST03981,SUB03981,PROD001,2348018832644,Customer 3981,Female,46-60,portharcourt,South East,,2023-09-24,active,Prepaid,Annual,Nova Premium 5G,Data,25000,7110,,598,25000,,,-999.0,5.0,4.0
CUST03982,SUB03982,PROD001,2348033016455,Customer 3982,m ,18-25,Ibadan,North West,,2021-12-05,cancelled,Postpaid,Annual,Nova Premium 5G,Data,25000,68686,,485,25000,Cash,,-52.0,,5.0
CUST03983,SUB03983,PROD003,2348085543689,Customer 3983,Female,,,South South,Corporate,2025-06-14,Cancelled,Postpaid,monthly,Nova Hybrid Plus,Bundle,18000,45000MB,1779.0,775,18000,Bank Transfer,4g,-94.0,2.0,1.0
CUST03984,SUB03984,PROD002,2348040148704,Customer 3984,Male,26-35,Enugu,South South,Standard,2025-02-15,Active,post paid,monthly,Nova Unlimited Voice,Voice,12000,,2654.0,426,12000,USSD,5G,,2.0,2.0
CUST03985,SUB03985,PROD001,2348086195108,Customer 3985,Male,36-45, Abuja ,South South,premium ,2024-11-10,Cancelled,POSTPAID,ANNUAL,Nova Premium 5G,Data,25000,45000MB,2564.0,365,,Card,LTE,-999.0,5.0,3.0
CUST03986,SUB03986,PROD001,2348094440059,Customer 3986,Female,60+,Ibadan,South South,Corporate,2024-09-13,Active,POSTPAID,monthly,Nova Premium 5G,Data,25000,12077,,578,25000,,3G,,1.0,5.0
CUST03987,SUB03987,PROD003,2348072241569,Customer 3987,Female,,Lagos,South South,Corporate,2024-01-23,Active,Postpaid,Annual,Nova Hybrid Plus,Bundle,18000,,,519,,,,,5.0,3.0
CUST03988,SUB03988,PROD001,2348042814462,Customer 3988,M,46-60,Port Harcourt,North West,STANDARD,2023-09-19,Active,POSTPAID,Annual,Nova Premium 5G,Data,25000,,1721.0,792,25000,Bank Transfer,4g,-67.0,2.0,1.0
CUST03989,SUB03989,PROD005,2348059730552,Customer 3989,Male,60+,,South South,Premium,2024-05-02,cancelled,prepaid,monthly,Nova Starter,Bundle,8000,45000MB,,285,,,5G,-999.0,2.0,2.0
CUST03990,SUB03990,PROD004,2348015063886,Customer 3990,female,18-25,Enugu,South West,,2022-02-18,Active,post paid,monthly,Nova SME Connect,Business,35000,,2343.0,549,35000,CARD,,-100.0,1.0,5.0
CUST03991,SUB03991,PROD004,2348044800881,Customer 3991,Female,46-60,Port Harcourt,South East,STANDARD,2025-01-12,,POSTPAID,No contract,Nova SME Connect,Business,35000,,,646,35000,bank transfer,4G,,1.0,
CUST03992,SUB03992,PROD003,2348031687499,Customer 3992,Male,36-45,Ibadan,South East,Basic,2024-07-20,active,Postpaid,Annual,Nova Hybrid Plus,Bundle,18000,45000MB,2193.0,58,18000,Bank Transfer,4G,-999.0,1.0,1.0
CUST03993,SUB03993,PROD005,2348096235993,Customer 3993,F,,Kano,South South,premium ,2021-09-27,SUSPENDED,Postpaid,Monthly,Nova Starter,Bundle,8000,45000MB,,316,,,3G,,2.0,4.0
CUST03994,SUB03994,PROD001,2348071791637,Customer 3994,Male,,Enugu,South South,premium ,2024-04-17,Suspended,POSTPAID,monthly,Nova Premium 5G,Data,25000,,2587.0,186,25000,bank transfer,4g,-51.0,1.0,4.0
CUST03995,SUB03995,PROD003,2348048855205,Customer 3995,Male,26-35,Port Harcourt,North West,Corporate,2021-08-31,Cancelled,POSTPAID,Annual,Nova Hybrid Plus,Bundle,18000,,,74,18000,,5G,,0.0,5.0
CUST03996,SUB03996,PROD002,2348076005755,Customer 3996,M,60+,Ibadan,North Central,,2022-09-11,Active,Postpaid,ANNUAL,Nova Unlimited Voice,Voice,12000,18795,1680.0,444,12000,,5G,-54.0,,1.0
CUST03997,SUB03997,PROD005,2348030324814,Customer 3997,,,Port Harcourt,North Central,,2024-02-05,active,post paid,No contract,Nova Starter,Bundle,8000,45000MB,1122.0,364,8000,,4G,-78.0,1.0,2.0
CUST03998,SUB03998,PROD005,2348087452023,Customer 3998,F,36-45,Ibadan,North West,STANDARD,2024-09-13,ACTIVE,Postpaid,Annual,Nova Starter,Bundle,8000,41035,2613.0,508,,bank transfer,,,2.0,3.0
CUST03999,SUB03999,PROD005,2348065638866,Customer 3999,Female,60+,Port Harcourt,South East,STANDARD,2022-06-02,,POSTPAID,ANNUAL,Nova Starter,Bundle,8000,45000MB,1420.0,100,8000,USSD,3G,,5.0,2.0
CUST04000,SUB04000,PROD002,2348096468279, Customer 4000 ,Female,60+,Lagos,South East,Standard,14/12/2022,cancelled,post paid,Monthly,Nova Unlimited Voice,Voice,12000,45000MB,2535.0,438,12000,Bank Transfer,3G,-70.0,0.0,5.0
CUST04001,SUB04001,PROD005,2348045035780,Customer 4001,M,26-35, Abuja ,South South,Premium,2022-04-16,Suspended,Postpaid,ANNUAL,Nova Starter,Bundle,8000,30217,3680.0,266,8000,USSD,LTE,-999.0,5.0,5.0
CUST04002,SUB04002,PROD004,2348028408571,Customer 4002,Female,36-45,,South South,Corporate,2023-04-27,Active,Postpaid,No contract,Nova SME Connect,Business,35000,,2473.0,180,35000,USSD,LTE,,0.0,
CUST04003,SUB04003,PROD005,2348037418844,Customer 4003,F,,Ibadan,North Central,STANDARD,2024-04-23,Active,post paid,Annual,Nova Starter,Bundle,8000,13386,3384.0,75,8000,USSD,LTE,,1.0,5.0
CUST04004,SUB04004,PROD001,2348056903089,Customer 4004,F,46-60,portharcourt,North Central,,2022-03-14,Suspended,post paid,No contract,Nova Premium 5G,Data,25000,45000MB,2990.0,609,25000,Bank Transfer,4g,,,4.0
CUST04005,SUB04005,PROD004,2348037562584,Customer 4005,Female,46-60, Abuja ,North West,premium ,2021-10-11,Cancelled,Prepaid,Monthly,Nova SME Connect,Business,35000,45000MB,,200,35000,CARD,3G,-999.0,0.0,5.0
CUST04006,SUB04006,PROD003,2348024954429,Customer 4006,Unknown,36-45,Enugu,South West,Standard,2023-04-08,cancelled,Prepaid,Annual,Nova Hybrid Plus,Bundle,18000,73523,3366.0,324,,Card,4G,-103.0,5.0,2.0
CUST04007,SUB04007,PROD003,2348057781123,Customer 4007,Female,60+,Lagos,South West,STANDARD,2023-06-12,Cancelled,post paid,ANNUAL,Nova Hybrid Plus,Bundle,18000,45000MB,3674.0,105,18000,Card,5G,,0.0,2.0
CUST04008,SUB04008,PROD005,2348026219590,Customer 4008,F,,Lagos,South West,,2022-01-03,Active,POSTPAID,Monthly,Nova Starter,Bundle,8000,,2759.0,694,8000,CARD,LTE,-999.0,0.0,1.0
CUST04009,SUB04009,PROD004,2348016114401,Customer 4009,F,60+,Ibadan,South East,premium ,2024-04-29,Active,POSTPAID,ANNUAL,Nova SME Connect,Business,35000,,,466,,USSD,5G,-999.0,,2.0
CUST04010,SUB04010,PROD001,2348059556749,Customer 4010,Female,60+,portharcourt,North Central,Premium,2021-10-02,Actv,post paid,Annual,Nova Premium 5G,Data,25000,45000MB,,245,25000,Bank Transfer,,-100.0,2.0,4.0
CUST04011,SUB04011,PROD005,2348011331750,Customer 4011,FEMALE,36-45,Kano,South East,Standard,2024-12-22,cancelled,prepaid,monthly,Nova Starter,Bundle,8000,86355,2477.0,742,,bank transfer,3G,-999.0,,5.0
CUST04012,SUB04012,PROD001,2348014201359,Customer 4012,female,46-60,lagos,South West,Premium,2024-01-01,active,Postpaid,No contract,Nova Premium 5G,Data,25000,45000MB,,672,25000,CARD,3G,,1.0,4.0
CUST04013,SUB04013,PROD004,2348038280853,Customer 4013,FEMALE,46-60,Port Harcourt,North Central,,2025-01-30,Active,Prepaid,Monthly,Nova SME Connect,Business,35000,,,176,35000,Bank Transfer,4G,-999.0,,4.0
CUST04014,SUB04014,PROD001,2348021247095,Customer 4014,M,,portharcourt,South East,,2021-05-20,Active,POSTPAID,monthly,Nova Premium 5G,Data,25000,45000MB,502.0,675,25000,Card,,-94.0,2.0,3.0
CUST04015,SUB04015,PROD004,2348048390542,Customer 4015,Female,36-45,Enugu,North West,Standard,2024-02-18,,Postpaid,Monthly,Nova SME Connect,Business,35000,80403,,149,35000,bank transfer,,-90.0,1.0,3.0
CUST04016,SUB04016,PROD005,2348096649427,Customer 4016,Female,36-45, Abuja ,South South,Premium,2024-06-02,Suspended,Prepaid,Annual,Nova Starter,Bundle,8000,45000MB,,613,8000,Card,4G,,1.0,5.0
CUST04017,SUB04017,PROD001,2348015225640,Customer 4017,Female,60+,Lagos,North West,STANDARD,2021-03-27,active,Postpaid,Monthly,Nova Premium 5G,Data,25000,19159,,584,25000,,,-53.0,1.0,2.0
CUST04018,SUB04018,PROD001,2348016335025,Customer 4018,Male,26-35,,South South,,2023-09-09,Cancelled,Prepaid,Annual,Nova Premium 5G,Data,25000,41556,2966.0,754,,CARD,LTE,,0.0,1.0
CUST04019,SUB04019,PROD005,2348017077828,Customer 4019,female,60+,Kano,South East,Standard,2023-07-03,Actv,Postpaid,monthly,Nova Starter,Bundle,8000,45000MB,3538.0,701,8000,Cash,LTE,-102.0,1.0,
CUST04020,SUB04020,PROD003,2348042428204, Customer 4020 , f,,portharcourt,North West,Premium,2025-03-24,,POSTPAID,ANNUAL,Nova Hybrid Plus,Bundle,18000,,,550,18000,CARD,5G,-999.0,0.0,3.0
CUST04021,SUB04021,PROD001,2348092341702,Customer 4021,male,26-35, Abuja ,South South,STANDARD,2022-02-25,SUSPENDED,prepaid,Annual,Nova Premium 5G,Data,25000,,,268,,bank transfer,LTE,-93.0,5.0,4.0
CUST04022,SUB04022,PROD005,2348024761473,Customer 4022,Female,60+,portharcourt,North Central,premium ,2024-11-22,Active,POSTPAID,No contract,Nova Starter,Bundle,8000,56353,1368.0,717,8000,,4g,,5.0,3.0
CUST04023,SUB04023,PROD003,2348093905035,Customer 4023,Female,26-35,lagos,South South,,2024-02-04,Active,Prepaid,No contract,Nova Hybrid Plus,Bundle,18000,45000MB,,617,18000,Cash,5G,-80.0,0.0,2.0
CUST04024,SUB04024,PROD005,2348061227889,Customer 4024,F,60+,LAGOS,North Central,Premium,2021-02-02,Suspended,Postpaid,Monthly,Nova Starter,Bundle,8000,55829,3200.0,762,8000,USSD,3G,-58.0,,2.0
CUST04025,SUB04025,PROD001,2348029599491,Customer 4025,,36-45,Lagos,North Central,STANDARD,19/08/2024,Active,POSTPAID,monthly,Nova Premium 5G,Data,25000,,,699,25000,CARD,5G,-999.0,1.0,4.0
CUST04026,SUB04026,PROD005,2348065025125,Customer 4026,FEMALE,36-45,Port Harcourt,North Central,Corporate,2023-10-24,active,Postpaid,Annual,Nova Starter,Bundle,8000,,832.0,560,8000,USSD,,-53.0,1.0,3.0
CUST04027,SUB04027,PROD003,2348091599815,Customer 4027,Male,60+,lagos,South South,Premium,2021-09-06,Cancelled,Prepaid,ANNUAL,Nova Hybrid Plus,Bundle,18000,,,196,18000,Bank Transfer,LTE,-999.0,1.0,2.0
CUST04028,SUB04028,PROD004,2348043137723,Customer 4028,Male,46-60,,South West,STANDARD,2023-12-26,ACTIVE,Postpaid,ANNUAL,Nova SME Connect,Business,35000,8178,,272,35000,Card,LTE,-96.0,1.0,4.0
CUST04029,SUB04029,PROD002,2348045619593,Customer 4029,Male,60+,Kano,South West,Basic,2025-02-27,Active,Postpaid,monthly,Nova Unlimited Voice,Voice,12000,80130,,13,12000,Bank Transfer,,,5.0,1.0
CUST04030,SUB04030,PROD003,2348014829840,Customer 4030,Female,60+,lagos,South East,Standard,2025-07-29,,post paid,No contract,Nova Hybrid Plus,Bundle,18000,,,36,18000,Bank Transfer,4G,,0.0,2.0
CUST04031,SUB04031,PROD005,2348023826001,Customer 4031,Female,36-45,Enugu,South East,Premium,2023-08-04,SUSPENDED,prepaid,Monthly,Nova Starter,Bundle,8000,45000MB,2683.0,662,8000,USSD,4g,,5.0,3.0
CUST04032,SUB04032,PROD003,2348086387833,Customer 4032,Female,60+,Kano,North Central,premium ,2024-12-17,active,post paid,ANNUAL,Nova Hybrid Plus,Bundle,18000,45000MB,,782,18000,bank transfer,,-999.0,,
CUST04033,SUB04033,PROD003,2348080473112,Customer 4033,,18-25,LAGOS,South East,Premium,2025-09-24,,post paid,monthly,Nova Hybrid Plus,Bundle,18000,45000MB,,11,18000,bank transfer,LTE,-75.0,,2.0
CUST04034,SUB04034,PROD002,2348048380172,Customer 4034,Female,46-60,portharcourt,South South,Standard,2022-10-17,Suspended,Prepaid,Monthly,Nova Unlimited Voice,Voice,12000,45000MB,,664,12000,CARD,5G,-999.0,0.0,3.0
CUST04035,SUB04035,PROD003,2348032491108,Customer 4035,Male,60+,LAGOS,North Central,premium ,2023-07-10,Active,post paid,Monthly,Nova Hybrid Plus,Bundle,18000,45000MB,2751.0,156,18000,USSD,4g,-57.0,5.0,5.0
CUST04036,SUB04036,PROD004,2348099764769,Customer 4036,Female,46-60,portharcourt,South West,Corporate,2024-11-15,Active,post paid,monthly,Nova SME Connect,Business,35000,45000MB,1027.0,235,35000,bank transfer,,-999.0,1.0,1.0
CUST04037,SUB04037,PROD004,2348011766826,Customer 4037,Male,,lagos,South West,Basic,2025-11-19,SUSPENDED,Postpaid,No contract,Nova SME Connect,Business,35000,,,220,35000,,,,,2.0
CUST04038,SUB04038,PROD004,2348018202712,Customer 4038,F,46-60,portharcourt,North Central,Premium,2021-02-16,cancelled,prepaid,ANNUAL,Nova SME Connect,Business,35000,,3017.0,37,35000,Card,4g,-999.0,1.0,1.0
CUST04039,SUB04039,PROD001,2348058972243,Customer 4039,F,,Port Harcourt,South East,Basic,2024-03-23,Suspended,post paid,Annual,Nova Premium 5G,Data,25000,,2136.0,166,25000,Cash,3G,,1.0,
CUST04040,SUB04040,PROD003,2348077844135, Customer 4040 ,female,60+,lagos,South West,Standard,2021-01-29,active,Prepaid,Annual,Nova Hybrid Plus,Bundle,18000,10963,2848.0,748,18000,Cash,5G,,0.0,4.0
CUST04041,SUB04041,PROD003,2348035207275,Customer 4041,M,36-45,Ibadan,South East,Basic,2022-12-09,Cancelled,prepaid,Annual,Nova Hybrid Plus,Bundle,18000,,,275,18000,Card,4g,-89.0,0.0,2.0
CUST04042,SUB04042,PROD004,2348066168634,Customer 4042,F,,Abuja,South East,STANDARD,2022-06-30,Active,POSTPAID,Monthly,Nova SME Connect,Business,35000,,862.0,530,35000,CARD,5G,,2.0,4.0
CUST04043,SUB04043,PROD002,2348042919999,Customer 4043,female,36-45, Abuja ,South East,Premium,2021-07-15,Active,Prepaid,No contract,Nova Unlimited Voice,Voice,12000,13890,,305,12000,CARD,,-55.0,,
CUST04044,SUB04044,PROD005,2348090972812,Customer 4044,Female,,,South South,STANDARD,2024-04-14,active,Prepaid,Monthly,Nova Starter,Bundle,8000,,,69,,bank transfer,3G,-104.0,5.0,2.0
CUST04045,SUB04045,PROD001,2348031326278,Customer 4045,,26-35,Port Harcourt,North Central,Corporate,2023-08-16,active,post paid,monthly,Nova Premium 5G,Data,25000,,,253,25000,CARD,LTE,-999.0,1.0,3.0
CUST04046,SUB04046,PROD001,2348035596235,Customer 4046,Male,26-35,Abuja,North West,premium ,2024-07-25,,POSTPAID,monthly,Nova Premium 5G,Data,25000,45000MB,,395,,CARD,5G,-999.0,1.0,1.0
CUST04047,SUB04047,PROD001,2348012513340,Customer 4047,Female,46-60, Abuja ,North West,,2023-06-30,Suspended,prepaid,ANNUAL,Nova Premium 5G,Data,25000,33923,,203,25000,CARD,4G,-999.0,,3.0
CUST04048,SUB04048,PROD001,2348032170098,Customer 4048,Female,26-35,Kano,South East,Corporate,2023-07-28,SUSPENDED,Prepaid,monthly,Nova Premium 5G,Data,25000,45000MB,725.0,622,25000,Cash,,,5.0,3.0
CUST04049,SUB04049,PROD002,2348026966908,Customer 4049,m ,18-25,,South East,STANDARD,2022-02-15,,prepaid,ANNUAL,Nova Unlimited Voice,Voice,12000,16355,1225.0,442,12000,Cash,LTE,-999.0,0.0,4.0
CUST04050,SUB04050,PROD003,2348051613774,Customer 4050,male,36-45,Enugu,North West,Basic,20/05/2024,ACTIVE,prepaid,Monthly,Nova Hybrid Plus,Bundle,18000,31259,,685,,CARD,LTE,,,
CUST04051,SUB04051,PROD002,2348090355926,Customer 4051,M,60+,Kano,North West,premium ,2024-03-25,Cancelled,POSTPAID,No contract,Nova Unlimited Voice,Voice,12000,,,88,12000,Card,,-999.0,5.0,5.0
CUST04052,SUB04052,PROD003,2348022945832,Customer 4052,Female,,Enugu,North West,premium ,2023-06-17,Active,prepaid,monthly,Nova Hybrid Plus,Bundle,18000,45000MB,,315,18000,USSD,,,1.0,
CUST04053,SUB04053,PROD003,2348072155321,Customer 4053,FEMALE,46-60,portharcourt,North West,Basic,2023-11-16,Cancelled,post paid,ANNUAL,Nova Hybrid Plus,Bundle,18000,,362.0,146,18000,bank transfer,4G,-999.0,1.0,2.0
CUST04054,SUB04054,PROD004,2348041847098,Customer 4054,,18-25,lagos,North Central,Corporate,2024-10-17,Active,POSTPAID,Monthly,Nova SME Connect,Business,35000,45000MB,,22,35000,bank transfer,3G,-999.0,,2.0
CUST04055,SUB04055,PROD005,2348066075646,Customer 4055,Female,26-35,lagos,North West,STANDARD,2025-06-01,Active,post paid,Monthly,Nova Starter,Bundle,8000,,3109.0,42,8000,bank transfer,4G,,5.0,4.0
CUST04056,SUB04056,PROD001,2348057955596,Customer 4056,Male,26-35,Port Harcourt,North West,Corporate,2021-10-23,cancelled,Postpaid,Annual,Nova Premium 5G,Data,25000,53504,686.0,559,,Cash,4G,-999.0,1.0,4.0
CUST04057,SUB04057,PROD001,2348043895539,Customer 4057,Female,60+,Kano,South West,Corporate,2023-06-07,Active,prepaid,monthly,Nova Premium 5G,Data,25000,39275,2020.0,375,25000,CARD,5G,-999.0,5.0,
CUST04058,SUB04058,PROD005,2348056670727,Customer 4058,,36-45,lagos,South South,STANDARD,2025-08-27,ACTIVE,POSTPAID,Annual,Nova Starter,Bundle,8000,45000MB,,6,,CARD,LTE,-60.0,5.0,5.0
CUST04059,SUB04059,PROD001,2348029859080,Customer 4059,Female,36-45,LAGOS,North Central,Basic,2021-03-25,cancelled,Prepaid,Monthly,Nova Premium 5G,Data,25000,,1862.0,348,25000,CARD,LTE,,0.0,3.0
CUST04060,SUB04060,PROD001,2348071978293, Customer 4060 ,male,,,South East,Premium,2025-02-15,Suspended,Prepaid,Monthly,Nova Premium 5G,Data,25000,45000MB,3995.0,552,,USSD,,-999.0,,1.0
CUST04061,SUB04061,PROD001,2348032042467,Customer 4061,F,,Abuja,South South,Basic,2021-06-15,Active,POSTPAID,No contract,Nova Premium 5G,Data,25000,45000MB,,531,,bank transfer,3G,-61.0,1.0,2.0
CUST04062,SUB04062,PROD004,2348053963134,Customer 4062,M,,portharcourt,North West,Standard,2024-02-12,,prepaid,monthly,Nova SME Connect,Business,35000,66406,,429,35000,Bank Transfer,3G,-999.0,5.0,5.0
CUST04063,SUB04063,PROD005,2348075081969,Customer 4063,,18-25,Abuja,South West,Standard,2023-10-13,Active,prepaid,monthly,Nova Starter,Bundle,8000,43427,1861.0,119,8000,bank transfer,4G,-70.0,,
CUST04064,SUB04064,PROD005,2348010436766,Customer 4064,Female,36-45,Port Harcourt,South South,STANDARD,2024-11-23,active,Postpaid,ANNUAL,Nova Starter,Bundle,8000,45000MB,3344.0,400,8000,CARD,4g,,5.0,1.0
CUST04065,SUB04065,PROD002,2348023041586,Customer 4065,female,18-25,lagos,North West,,2025-06-18,SUSPENDED,post paid,ANNUAL,Nova Unlimited Voice,Voice,12000,,2626.0,222,,Card,,-65.0,2.0,1.0
CUST04066,SUB04066,PROD005,2348034962157,Customer 4066,,60+,Ibadan,North Central,Corporate,2022-03-29,Cancelled,POSTPAID,monthly,Nova Starter,Bundle,8000,,,227,,USSD,,-999.0,,2.0
CUST04067,SUB04067,PROD005,2348057846510,Customer 4067,Male,60+,portharcourt,North Central,premium ,2021-07-29,active,post paid,monthly,Nova Starter,Bundle,8000,71737,,126,8000,Bank Transfer,,-79.0,5.0,1.0
CUST04068,SUB04068,PROD002,2348042944934,Customer 4068,Female,46-60,lagos,South West,Standard,2025-05-06,ACTIVE,Prepaid,No contract,Nova Unlimited Voice,Voice,12000,,,710,12000,Bank Transfer,4G,-80.0,5.0,1.0
CUST04069,SUB04069,PROD003,2348068108083,Customer 4069,F,,portharcourt,South West,,2025-03-24,cancelled,POSTPAID,ANNUAL,Nova Hybrid Plus,Bundle,18000,,2085.0,751,,,4G,,1.0,4.0
CUST04070,SUB04070,PROD005,2348058244825,Customer 4070,MALE,60+, Abuja ,South West,Basic,2022-09-11,Active,Prepaid,monthly,Nova Starter,Bundle,8000,45000MB,3532.0,99,,Cash,3G,,,3.0
CUST04071,SUB04071,PROD005,2348044122751,Customer 4071,F,46-60,LAGOS,South South,,2021-05-08,Active,POSTPAID,No contract,Nova Starter,Bundle,8000,,,109,8000,CARD,3G,-999.0,1.0,4.0
CUST04072,SUB04072,PROD005,2348076503225,Customer 4072,M,18-25,Lagos,North West,STANDARD,2023-01-20,Active,Postpaid,No contract,Nova Starter,Bundle,8000,36865,,257,8000,bank transfer,5G,-65.0,2.0,3.0
CUST04073,SUB04073,PROD003,2348042006530,Customer 4073,Unknown,,Kano,South South,Standard,2023-08-15,Active,Postpaid,monthly,Nova Hybrid Plus,Bundle,18000,,,405,18000,Cash,,,2.0,4.0
CUST04074,SUB04074,PROD005,2348048645044,Customer 4074,Male,60+,LAGOS,North Central,premium ,2024-07-06,active,prepaid,Annual,Nova Starter,Bundle,8000,46379,2280.0,251,8000,Cash,,-999.0,,
CUST04075,SUB04075,PROD002,2348067169266,Customer 4075,Male,,Enugu,North Central,Corporate,29/07/2024,cancelled,post paid,Annual,Nova Unlimited Voice,Voice,12000,73505,3526.0,737,12000,,5G,,2.0,3.0
CUST04076,SUB04076,PROD001,2348089525358,Customer 4076,M,18-25,Abuja,South West,Premium,2023-05-25,ACTIVE,Postpaid,No contract,Nova Premium 5G,Data,25000,73765,3884.0,327,25000,bank transfer,4G,,,2.0
CUST04077,SUB04077,PROD004,2348059971876,Customer 4077,male,,LAGOS,South East,Corporate,2025-10-28,Cancelled,POSTPAID,monthly,Nova SME Connect,Business,35000,22667,2819.0,532,35000,Bank Transfer,4g,-999.0,,5.0
CUST04078,SUB04078,PROD004,2348059039637,Customer 4078,MALE,18-25,Lagos,South South,STANDARD,2022-11-25,Cancelled,Postpaid,monthly,Nova SME Connect,Business,35000,45000MB,,16,35000,Card,4g,-93.0,,3.0
CUST04079,SUB04079,PROD005,2348058647115,Customer 4079,Male,18-25,Lagos,North West,,2021-07-16,Cancelled,post paid,ANNUAL,Nova Starter,Bundle,8000,45000MB,1921.0,10,8000,Bank Transfer,3G,-999.0,0.0,1.0
CUST04080,SUB04080,PROD001,2348029609261, Customer 4080 ,Male,36-45,portharcourt,South West,STANDARD,2024-06-26,active,Postpaid,Monthly,Nova Premium 5G,Data,25000,,687.0,377,25000,USSD,,-107.0,,1.0
CUST04081,SUB04081,PROD003,2348058832757,Customer 4081,,60+,Abuja,South East,Premium,2021-05-29,Active,prepaid,Monthly,Nova Hybrid Plus,Bundle,18000,,2264.0,769,,CARD,3G,-999.0,,4.0
CUST04082,SUB04082,PROD002,2348035159327,Customer 4082,,46-60,Port Harcourt,South East,,2022-10-16,Cancelled,Prepaid,monthly,Nova Unlimited Voice,Voice,12000,88508,253.0,447,,Card,4g,-999.0,,1.0
CUST04083,SUB04083,PROD003,2348030903411,Customer 4083,Female,,Ibadan,South West,,2021-06-14,Suspended,Prepaid,Annual,Nova Hybrid Plus,Bundle,18000,45000MB,,3,18000,Cash,LTE,-97.0,0.0,5.0
CUST04084,SUB04084,PROD002,2348035290674,Customer 4084,M,60+,portharcourt,South South,premium ,2024-07-07,ACTIVE,prepaid,monthly,Nova Unlimited Voice,Voice,12000,,,737,12000,CARD,5G,,2.0,5.0
CUST04085,SUB04085,PROD001,2348026706924,Customer 4085,MALE,18-25,Kano,South South,,2025-04-17,Cancelled,Prepaid,monthly,Nova Premium 5G,Data,25000,30593,,498,25000,,5G,-106.0,2.0,2.0
CUST04086,SUB04086,PROD003,2348073914583,Customer 4086,Male,,LAGOS,South West,Standard,2022-11-07,SUSPENDED,Prepaid,monthly,Nova Hybrid Plus,Bundle,18000,45000MB,1647.0,475,18000,USSD,,-66.0,,1.0
CUST04087,SUB04087,PROD004,2348033572755,Customer 4087,F,60+,LAGOS,South South,Basic,2021-09-14,Suspended,Postpaid,Monthly,Nova SME Connect,Business,35000,45000MB,,113,35000,Bank Transfer,5G,,2.0,1.0
CUST04088,SUB04088,PROD003,2348043013751,Customer 4088, f,26-35,Enugu,South East,Premium,2022-08-13,active,post paid,Monthly,Nova Hybrid Plus,Bundle,18000,,,215,,Cash,4g,,1.0,
CUST04089,SUB04089,PROD001,2348074766964,Customer 4089,Male,,lagos,North West,Corporate,2024-10-07,active,Postpaid,Monthly,Nova Premium 5G,Data,25000,45000MB,,97,,Cash,4G,-999.0,,
CUST04090,SUB04090,PROD001,2348094142992,Customer 4090,MALE,36-45,Lagos,North Central,premium ,2021-09-25,active,prepaid,Monthly,Nova Premium 5G,Data,25000,,2679.0,407,25000,,4g,,5.0,1.0
CUST04091,SUB04091,PROD001,2348016651357,Customer 4091,Female,60+,LAGOS,South South,STANDARD,2022-02-14,Cancelled,Postpaid,ANNUAL,Nova Premium 5G,Data,25000,17765,1713.0,436,25000,,4G,-999.0,5.0,
CUST04092,SUB04092,PROD004,2348074983325,Customer 4092,FEMALE,60+,Lagos,North West,Standard,2025-07-06,,Prepaid,Monthly,Nova SME Connect,Business,35000,45000MB,2915.0,53,35000,USSD,4G,-84.0,2.0,3.0
CUST04093,SUB04093,PROD004,2348022457595,Customer 4093,Male,46-60,Ibadan,North West,STANDARD,2021-10-06,active,Postpaid,Annual,Nova SME Connect,Business,35000,45000MB,,427,35000,Cash,5G,,5.0,4.0
CUST04094,SUB04094,PROD005,2348012912198,Customer 4094,F,60+,Lagos,North West,Corporate,2022-07-29,Cancelled,Postpaid,Annual,Nova Starter,Bundle,8000,,1313.0,487,,,,,2.0,2.0
CUST04095,SUB04095,PROD003,2348051897966,Customer 4095,Male,,Enugu,South West,Premium,2024-09-08,Suspended,Prepaid,monthly,Nova Hybrid Plus,Bundle,18000,45000MB,,132,18000,Card,4G,-999.0,,1.0
CUST04096,SUB04096,PROD004,2348035491473,Customer 4096,FEMALE,46-60,lagos,North Central,premium ,2024-07-17,active,Postpaid,monthly,Nova SME Connect,Business,35000,9474,,261,35000,Cash,4g,-89.0,,
CUST04097,SUB04097,PROD001,2348051249007,Customer 4097,Female,26-35,LAGOS,South South,Premium,2022-12-06,Active,Prepaid,No contract,Nova Premium 5G,Data,25000,81019,,59,25000,,4g,-80.0,0.0,
CUST04098,SUB04098,PROD001,2348028566870,Customer 4098,Male,60+,Ibadan,South West,Corporate,2024-06-09,active,POSTPAID,Monthly,Nova Premium 5G,Data,25000,,323.0,441,25000,Card,,,,2.0
CUST04099,SUB04099,PROD001,2348043578961,Customer 4099,Male,18-25,Kano,North Central,STANDARD,2025-06-12,Cancelled,post paid,ANNUAL,Nova Premium 5G,Data,25000,27148,3830.0,738,,bank transfer,4g,,,3.0
CUST04100,SUB04100,PROD003,2348050893085, Customer 4100 ,F,36-45,Lagos,North West,STANDARD,14/07/2025,Suspended,post paid,Annual,Nova Hybrid Plus,Bundle,18000,45000MB,,301,,Cash,LTE,-80.0,5.0,2.0
CUST04101,SUB04101,PROD003,2348068885109,Customer 4101,Male,36-45, Abuja ,North West,Corporate,2021-09-30,Active,POSTPAID,ANNUAL,Nova Hybrid Plus,Bundle,18000,87346,,611,18000,Card,LTE,-999.0,5.0,1.0
CUST04102,SUB04102,PROD004,2348083098444,Customer 4102,,60+,Port Harcourt,South South,,2024-07-17,Cancelled,Prepaid,No contract,Nova SME Connect,Business,35000,45000MB,,509,,bank transfer,5G,-999.0,1.0,2.0
CUST04103,SUB04103,PROD001,2348049530272,Customer 4103,Female,60+,Ibadan,North West,premium ,2025-03-26,active,Postpaid,Monthly,Nova Premium 5G,Data,25000,,,765,,bank transfer,LTE,,0.0,
CUST04104,SUB04104,PROD005,2348035391328,Customer 4104,Male,18-25,portharcourt,North West,Standard,2024-06-22,SUSPENDED,prepaid,No contract,Nova Starter,Bundle,8000,45000MB,,127,8000,Bank Transfer,3G,,2.0,2.0
CUST04105,SUB04105,PROD001,2348075465247,Customer 4105,M,60+,Abuja,South West,Basic,2023-02-14,active,Prepaid,monthly,Nova Premium 5G,Data,25000,45000MB,,794,,Card,5G,-92.0,5.0,5.0
CUST04106,SUB04106,PROD005,2348031771836,Customer 4106,MALE,18-25, Abuja ,South West,Corporate,2023-06-21,Cancelled,prepaid,monthly,Nova Starter,Bundle,8000,,,668,8000,Bank Transfer,4G,-101.0,2.0,4.0
CUST04107,SUB04107,PROD004,2348068896130,Customer 4107,Female,,LAGOS,North Central,Premium,2024-05-12,Active,POSTPAID,ANNUAL,Nova SME Connect,Business,35000,66802,1021.0,628,35000,Cash,,-92.0,0.0,3.0
CUST04108,SUB04108,PROD005,2348032559583,Customer 4108,M,26-35,LAGOS,North Central,premium ,2023-12-31,Cancelled,prepaid,Monthly,Nova Starter,Bundle,8000,,132.0,218,8000,CARD,,,0.0,5.0
CUST04109,SUB04109,PROD003,2348093572161,Customer 4109,Female,26-35,Ibadan,North West,Basic,2022-11-26,cancelled,post paid,Annual,Nova Hybrid Plus,Bundle,18000,,3016.0,118,18000,USSD,4g,-101.0,2.0,1.0
CUST04110,SUB04110,PROD003,2348076126496,Customer 4110,Male,60+,,South West,STANDARD,2021-11-24,,post paid,No contract,Nova Hybrid Plus,Bundle,18000,79477,398.0,82,18000,USSD,3G,-89.0,,4.0
CUST04111,SUB04111,PROD003,2348037267050,Customer 4111,Female,36-45, Abuja ,South South,premium ,2024-08-18,Suspended,prepaid,No contract,Nova Hybrid Plus,Bundle,18000,,2461.0,785,18000,Bank Transfer,5G,-999.0,0.0,1.0
CUST04112,SUB04112,PROD001,2348068008592,Customer 4112,Male,,Ibadan,North Central,Corporate,2021-05-15,Active,POSTPAID,monthly,Nova Premium 5G,Data,25000,,1043.0,602,,,4g,,0.0,4.0
CUST04113,SUB04113,PROD001,2348075856995,Customer 4113, f,36-45,portharcourt,South East,Corporate,2022-10-28,Suspended,prepaid,No contract,Nova Premium 5G,Data,25000,,,675,25000,,3G,-100.0,2.0,2.0
CUST04114,SUB04114,PROD001,2348041633939,Customer 4114,M,18-25,Port Harcourt,South South,Basic,2024-04-13,Actv,POSTPAID,No contract,Nova Premium 5G,Data,25000,,,362,25000,Bank Transfer,4G,-64.0,1.0,2.0
CUST04115,SUB04115,PROD002,2348079401728,Customer 4115,M,18-25,Enugu,South South,Basic,2022-07-14,Cancelled,Postpaid,No contract,Nova Unlimited Voice,Voice,12000,,2499.0,150,,Card,4g,-999.0,1.0,
CUST04116,SUB04116,PROD003,2348020126980,Customer 4116,female,,LAGOS,South West,Basic,2021-11-08,cancelled,Prepaid,Monthly,Nova Hybrid Plus,Bundle,18000,45000MB,940.0,81,,bank transfer,3G,,1.0,
CUST04117,SUB04117,PROD005,2348027083988,Customer 4117,Male,60+,Ibadan,South West,Corporate,2025-05-28,cancelled,Postpaid,Monthly,Nova Starter,Bundle,8000,45000MB,,67,,Bank Transfer,4g,-999.0,2.0,4.0
CUST04118,SUB04118,PROD005,2348088400268,Customer 4118,,46-60, Abuja ,North West,Corporate,2025-10-04,Actv,prepaid,monthly,Nova Starter,Bundle,8000,45000MB,,202,,bank transfer,5G,-53.0,2.0,3.0
CUST04119,SUB04119,PROD002,2348042428178,Customer 4119,,18-25,,South East,STANDARD,2022-02-23,,post paid,No contract,Nova Unlimited Voice,Voice,12000,45000MB,,181,12000,Cash,4g,-60.0,,2.0
CUST04120,SUB04120,PROD001,2348023446035, Customer 4120 ,Male,,,South South,Premium,2024-04-01,Cancelled,prepaid,Monthly,Nova Premium 5G,Data,25000,5553,1354.0,592,25000,Bank Transfer,,,5.0,5.0
CUST04121,SUB04121,PROD005,2348088419751,Customer 4121,MALE,46-60,portharcourt,South South,Basic,2024-03-26,Suspended,prepaid,monthly,Nova Starter,Bundle,8000,10149,,205,8000,Bank Transfer,3G,-999.0,1.0,4.0
CUST04122,SUB04122,PROD004,2348026016395,Customer 4122,Unknown,26-35,portharcourt,South South,Standard,2024-02-11,active,Postpaid,No contract,Nova SME Connect,Business,35000,,,252,35000,Bank Transfer,4g,-82.0,0.0,
CUST04123,SUB04123,PROD003,2348072459951,Customer 4123,Female,46-60,portharcourt,North West,,2022-03-29,Cancelled,Prepaid,ANNUAL,Nova Hybrid Plus,Bundle,18000,,,416,18000,USSD,4g,-51.0,1.0,4.0
CUST04124,SUB04124,PROD001,2348091792884,Customer 4124,Male,60+,Port Harcourt,South South,Basic,2022-12-17,Cancelled,prepaid,Annual,Nova Premium 5G,Data,25000,83924,2762.0,403,25000,Cash,3G,,2.0,4.0
CUST04125,SUB04125,PROD003,2348030315820,Customer 4125,,60+,lagos,South East,,18/08/2024,Active,POSTPAID,Monthly,Nova Hybrid Plus,Bundle,18000,84992,,610,18000,Card,,-999.0,0.0,4.0
CUST04126,SUB04126,PROD005,2348012742043,Customer 4126,Female,,Abuja,South South,premium ,2021-06-18,Active,POSTPAID,Monthly,Nova Starter,Bundle,8000,,,72,8000,Bank Transfer,5G,,1.0,3.0
CUST04127,SUB04127,PROD005,2348085517480,Customer 4127,female,36-45,,South West,STANDARD,2023-07-11,Active,post paid,monthly,Nova Starter,Bundle,8000,34092,1427.0,652,,Card,,-86.0,2.0,3.0
CUST04128,SUB04128,PROD001,2348069875805,Customer 4128,Male,,,South East,STANDARD,2021-09-16,,post paid,Monthly,Nova Premium 5G,Data,25000,45000MB,,713,25000,USSD,,-999.0,0.0,2.0
CUST04129,SUB04129,PROD002,2348069738619,Customer 4129,Male,26-35,Port Harcourt,South South,Basic,2025-11-01,Active,POSTPAID,Monthly,Nova Unlimited Voice,Voice,12000,24696,,505,12000,,LTE,,5.0,1.0
CUST04130,SUB04130,PROD002,2348056974572,Customer 4130, f,18-25,Port Harcourt,North West,,2024-05-23,Active,Prepaid,Annual,Nova Unlimited Voice,Voice,12000,45000MB,1945.0,623,12000,Card,3G,-999.0,5.0,3.0
CUST04131,SUB04131,PROD004,2348023160718,Customer 4131,,26-35,portharcourt,South West,premium ,2023-02-12,active,post paid,Monthly,Nova SME Connect,Business,35000,45000MB,2645.0,264,,USSD,3G,-999.0,0.0,3.0
CUST04132,SUB04132,PROD002,2348018382138,Customer 4132,Male,36-45,portharcourt,North West,Premium,2025-09-23,,Postpaid,Monthly,Nova Unlimited Voice,Voice,12000,,,748,,,5G,-101.0,0.0,5.0
CUST04133,SUB04133,PROD001,2348090920149,Customer 4133,Male,46-60,Lagos,North Central,Premium,2021-09-10,Suspended,post paid,monthly,Nova Premium 5G,Data,25000,45000MB,,536,,USSD,4G,,0.0,2.0
CUST04134,SUB04134,PROD001,2348037506693,Customer 4134,Male,60+,LAGOS,South East,Basic,2022-11-08,Active,Postpaid,Monthly,Nova Premium 5G,Data,25000,,,496,,USSD,5G,,5.0,
CUST04135,SUB04135,PROD003,2348021852116,Customer 4135,,46-60,LAGOS,South South,Premium,2025-05-11,Active,post paid,Monthly,Nova Hybrid Plus,Bundle,18000,45000MB,1939.0,14,18000,Card,5G,,0.0,1.0
CUST04136,SUB04136,PROD002,2348018328680,Customer 4136,Female,36-45,Enugu,South South,Corporate,2025-05-01,,Postpaid,monthly,Nova Unlimited Voice,Voice,12000,33508,,410,,,4G,,1.0,
CUST04137,SUB04137,PROD004,2348064826969,Customer 4137,Female,60+,Port Harcourt,South East,Premium,2022-03-13,Active,POSTPAID,monthly,Nova SME Connect,Business,35000,45000MB,,636,,CARD,3G,-108.0,2.0,4.0
CUST04138,SUB04138,PROD003,2348024369640,Customer 4138,male,36-45,Kano,North West,Basic,2023-11-08,Cancelled,Prepaid,monthly,Nova Hybrid Plus,Bundle,18000,,2247.0,382,,Bank Transfer,,,2.0,4.0
CUST04139,SUB04139,PROD005,2348034349946,Customer 4139,Male,60+,lagos,North West,STANDARD,2025-03-20,Cancelled,POSTPAID,Annual,Nova Starter,Bundle,8000,57336,,703,8000,bank transfer,3G,-999.0,0.0,5.0
CUST04140,SUB04140,PROD004,2348063537005, Customer 4140 ,Male,26-35,lagos,North Central,Corporate,2021-11-24,ACTIVE,Postpaid,Annual,Nova SME Connect,Business,35000,,3618.0,584,35000,USSD,,-999.0,5.0,5.0
CUST04141,SUB04141,PROD003,2348067945260,Customer 4141,M,36-45,Lagos,North West,Premium,2021-02-28,,Postpaid,Annual,Nova Hybrid Plus,Bundle,18000,,,452,18000,Cash,5G,-999.0,,
CUST04142,SUB04142,PROD004,2348076138878,Customer 4142,Male,26-35,Lagos,South West,Basic,2022-06-21,active,Prepaid,No contract,Nova SME Connect,Business,35000,,3835.0,489,35000,CARD,4G,-999.0,,5.0
CUST04143,SUB04143,PROD003,2348028405485,Customer 4143,M,60+,lagos,North West,Premium,2023-01-08,,POSTPAID,Annual,Nova Hybrid Plus,Bundle,18000,36766,,280,,Bank Transfer,4G,,2.0,
CUST04144,SUB04144,PROD002,2348094338842,Customer 4144,Female,46-60,Kano,South West,Standard,2024-02-16,Active,prepaid,ANNUAL,Nova Unlimited Voice,Voice,12000,53052,19.0,128,12000,CARD,4g,-999.0,2.0,4.0
CUST04145,SUB04145,PROD004,2348084742426,Customer 4145,Male,60+,Enugu,South West,Premium,2024-03-07,active,Prepaid,Monthly,Nova SME Connect,Business,35000,,,269,35000,,3G,-78.0,5.0,5.0
CUST04146,SUB04146,PROD001,2348045122315,Customer 4146,,46-60,Enugu,South West,STANDARD,2024-05-29,Active,post paid,ANNUAL,Nova Premium 5G,Data,25000,26647,3178.0,201,25000,Card,5G,-73.0,0.0,3.0
CUST04147,SUB04147,PROD005,2348056333817,Customer 4147,Male,18-25,LAGOS,South South,Premium,2022-01-28,Active,Postpaid,No contract,Nova Starter,Bundle,8000,45000MB,383.0,158,8000,,3G,,,2.0
CUST04148,SUB04148,PROD001,2348087637756,Customer 4148, f,,Ibadan,North West,Basic,2024-06-26,Active,POSTPAID,Monthly,Nova Premium 5G,Data,25000,45000MB,812.0,299,25000,Bank Transfer,5G,-999.0,,2.0
CUST04149,SUB04149,PROD003,2348090121724,Customer 4149,Female,36-45,,South West,Corporate,2023-11-23,Actv,prepaid,Monthly,Nova Hybrid Plus,Bundle,18000,3039,3556.0,137,18000,,3G,,2.0,3.0
CUST04150,SUB04150,PROD003,2348087119613,Customer 4150,Male,46-60,Ibadan,South East,premium ,20/07/2025,cancelled,POSTPAID,No contract,Nova Hybrid Plus,Bundle,18000,,,141,,Bank Transfer,3G,-109.0,0.0,2.0
CUST04151,SUB04151,PROD005,2348064206351,Customer 4151,Male,18-25,LAGOS,North Central,premium ,2024-07-08,active,prepaid,Monthly,Nova Starter,Bundle,8000,45000MB,3650.0,3,8000,Card,5G,-999.0,0.0,2.0
CUST04152,SUB04152,PROD001,2348064922451,Customer 4152,Male,36-45,Kano,North Central,premium ,2024-02-15,active,POSTPAID,ANNUAL,Nova Premium 5G,Data,25000,45000MB,,144,25000,bank transfer,3G,-61.0,0.0,4.0
CUST04153,SUB04153,PROD001,2348011891432,Customer 4153,Female,26-35,Ibadan,North Central,Premium,2022-08-27,SUSPENDED,post paid,Monthly,Nova Premium 5G,Data,25000,,1598.0,54,25000,Card,5G,,1.0,1.0
CUST04154,SUB04154,PROD003,2348016444034,Customer 4154,M,46-60,,South South,Corporate,2023-03-06,Cancelled,Prepaid,monthly,Nova Hybrid Plus,Bundle,18000,19994,182.0,364,18000,USSD,LTE,-103.0,0.0,
CUST04155,SUB04155,PROD004,2348011225078,Customer 4155, f,60+,Ibadan,North West,Corporate,2023-11-20,cancelled,Prepaid,Annual,Nova SME Connect,Business,35000,,,763,35000,bank transfer,4g,-999.0,2.0,2.0
CUST04156,SUB04156,PROD003,2348022111164,Customer 4156,M,46-60, Abuja ,North West,Standard,2021-12-26,SUSPENDED,post paid,ANNUAL,Nova Hybrid Plus,Bundle,18000,26911,932.0,118,18000,,4G,-999.0,,1.0
CUST04157,SUB04157,PROD004,2348063891491,Customer 4157,Male,60+,Abuja,South West,premium ,2023-11-07,Actv,POSTPAID,Monthly,Nova SME Connect,Business,35000,45000MB,,604,35000,bank transfer,LTE,-80.0,5.0,4.0
CUST04158,SUB04158,PROD001,2348015550166,Customer 4158,Male,26-35,lagos,North Central,Corporate,2024-12-16,cancelled,prepaid,ANNUAL,Nova Premium 5G,Data,25000,,,116,25000,Bank Transfer,4g,-62.0,1.0,3.0
CUST04159,SUB04159,PROD004,2348050703864,Customer 4159,Male,,Port Harcourt,North West,Premium,2024-04-28,active,Postpaid,No contract,Nova SME Connect,Business,35000,55963,,355,35000,USSD,,,2.0,
CUST04160,SUB04160,PROD004,2348048957562, Customer 4160 ,Female,, Abuja ,South West,STANDARD,2021-08-24,active,Postpaid,ANNUAL,Nova SME Connect,Business,35000,45000MB,,738,35000,USSD,4G,,5.0,3.0
CUST04161,SUB04161,PROD003,2348050472202,Customer 4161,F,36-45,Abuja,South West,Standard,2025-11-17,active,Postpaid,monthly,Nova Hybrid Plus,Bundle,18000,,3117.0,595,,Bank Transfer,4G,,5.0,5.0
CUST04162,SUB04162,PROD001,2348017232748,Customer 4162,Male,36-45,Lagos,North Central,premium ,2025-05-16,Active,Prepaid,Monthly,Nova Premium 5G,Data,25000,45000MB,,267,,USSD,LTE,,,3.0
CUST04163,SUB04163,PROD002,2348084963254,Customer 4163,M,18-25,Kano,North West,Standard,2022-05-24,Active,POSTPAID,ANNUAL,Nova Unlimited Voice,Voice,12000,45000MB,3692.0,706,,,3G,,5.0,
CUST04164,SUB04164,PROD002,2348047399106,Customer 4164,male,18-25,portharcourt,South West,STANDARD,2024-05-09,Active,post paid,No contract,Nova Unlimited Voice,Voice,12000,45000MB,2261.0,341,,bank transfer,3G,-107.0,2.0,
CUST04165,SUB04165,PROD005,2348036099015,Customer 4165,M,60+,Kano,South West,Standard,2021-07-02,SUSPENDED,post paid,No contract,Nova Starter,Bundle,8000,74962,1100.0,107,8000,CARD,4G,-999.0,,5.0
CUST04166,SUB04166,PROD003,2348091610942,Customer 4166,Male,18-25,Ibadan,North Central,Standard,2022-10-19,active,Prepaid,Annual,Nova Hybrid Plus,Bundle,18000,45000MB,,120,18000,Card,4g,-110.0,2.0,2.0
CUST04167,SUB04167,PROD004,2348012128366,Customer 4167, f,26-35,portharcourt,North West,Standard,2025-06-17,Active,Prepaid,No contract,Nova SME Connect,Business,35000,,1758.0,120,,Bank Transfer,5G,-999.0,0.0,5.0
CUST04168,SUB04168,PROD005,2348034620082,Customer 4168,Female,60+,Ibadan,South East,,2024-04-26,cancelled,post paid,ANNUAL,Nova Starter,Bundle,8000,48039,,129,,CARD,,-999.0,1.0,4.0
CUST04169,SUB04169,PROD004,2348084763646,Customer 4169,Male,,Kano,South West,Corporate,2023-09-05,ACTIVE,prepaid,ANNUAL,Nova SME Connect,Business,35000,56976,217.0,670,,Bank Transfer,,,2.0,5.0
CUST04170,SUB04170,PROD004,2348062248255,Customer 4170,F,26-35, Abuja ,North Central,Premium,2025-06-11,Active,Postpaid,No contract,Nova SME Connect,Business,35000,,2810.0,383,35000,,,-999.0,1.0,1.0
CUST04171,SUB04171,PROD003,2348040683571,Customer 4171,,60+,Enugu,South South,Premium,2024-08-20,Suspended,post paid,ANNUAL,Nova Hybrid Plus,Bundle,18000,,,675,18000,Bank Transfer,LTE,,0.0,2.0
CUST04172,SUB04172,PROD003,2348011880513,Customer 4172,male,36-45,lagos,South West,Premium,2021-03-07,Suspended,post paid,monthly,Nova Hybrid Plus,Bundle,18000,45000MB,3314.0,773,,Cash,4G,-100.0,,3.0
CUST04173,SUB04173,PROD004,2348079211271,Customer 4173,Female,,,North Central,premium ,2021-10-14,active,POSTPAID,ANNUAL,Nova SME Connect,Business,35000,58271,3676.0,40,,USSD,4G,,1.0,
CUST04174,SUB04174,PROD004,2348019918007,Customer 4174,Female,60+,Kano,North Central,STANDARD,2024-10-29,Cancelled,Prepaid,Monthly,Nova SME Connect,Business,35000,45000MB,,166,35000,Cash,LTE,-999.0,,4.0
CUST04175,SUB04175,PROD004,2348096709790,Customer 4175,Female,,Abuja,South South,,07/08/2024,Cancelled,Prepaid,ANNUAL,Nova SME Connect,Business,35000,31665,2917.0,175,35000,USSD,3G,-94.0,0.0,2.0
CUST04176,SUB04176,PROD001,2348041562341,Customer 4176,,26-35,,South West,Standard,2025-01-09,SUSPENDED,Prepaid,Monthly,Nova Premium 5G,Data,25000,32072,2741.0,38,25000,USSD,,,,4.0
CUST04177,SUB04177,PROD002,2348060222244,Customer 4177,,60+,Port Harcourt,North West,STANDARD,2024-12-31,cancelled,Postpaid,ANNUAL,Nova Unlimited Voice,Voice,12000,,1476.0,217,,Card,5G,-95.0,5.0,1.0
CUST04178,SUB04178,PROD005,2348052986562,Customer 4178,male,46-60,,South West,STANDARD,2022-08-29,Cancelled,Postpaid,monthly,Nova Starter,Bundle,8000,,1996.0,99,8000,,4g,-999.0,2.0,2.0
CUST04179,SUB04179,PROD002,2348078220143,Customer 4179,,46-60,LAGOS,South West,Standard,2021-05-25,Cancelled,POSTPAID,Annual,Nova Unlimited Voice,Voice,12000,22495,,536,12000,Cash,,-100.0,2.0,3.0
CUST04180,SUB04180,PROD003,2348039713963, Customer 4180 ,Male,46-60,portharcourt,South West,,2023-02-15,Cancelled,POSTPAID,monthly,Nova Hybrid Plus,Bundle,18000,32182,706.0,421,,Bank Transfer,3G,-999.0,1.0,2.0
CUST04181,SUB04181,PROD004,2348090984236,Customer 4181,Female,26-35,Kano,South West,premium ,2023-09-01,,Prepaid,Monthly,Nova SME Connect,Business,35000,3279,,215,,Cash,,-65.0,5.0,1.0
CUST04182,SUB04182,PROD002,2348091229510,Customer 4182,F,26-35, Abuja ,South East,premium ,2021-08-20,Suspended,Postpaid,Monthly,Nova Unlimited Voice,Voice,12000,54524,,446,12000,CARD,3G,-999.0,1.0,1.0
CUST04183,SUB04183,PROD005,2348027343560,Customer 4183,F,,Enugu,North Central,premium ,2024-08-30,cancelled,post paid,monthly,Nova Starter,Bundle,8000,45000MB,,449,8000,USSD,3G,-71.0,5.0,1.0
CUST04184,SUB04184,PROD004,2348022007202,Customer 4184,F,26-35,Ibadan,South East,Corporate,2025-05-07,Active,post paid,Monthly,Nova SME Connect,Business,35000,,,80,35000,bank transfer,4G,-109.0,5.0,4.0
CUST04185,SUB04185,PROD004,2348099329372,Customer 4185,M,36-45,Ibadan,South South,premium ,2022-08-24,Active,prepaid,Monthly,Nova SME Connect,Business,35000,,2082.0,429,,Card,3G,-63.0,2.0,4.0
CUST04186,SUB04186,PROD003,2348083270695,Customer 4186,Male,18-25,Abuja,North Central,Premium,2024-11-06,Active,Prepaid,Annual,Nova Hybrid Plus,Bundle,18000,45000MB,2905.0,178,,bank transfer,4G,-105.0,1.0,5.0
CUST04187,SUB04187,PROD002,2348080533052,Customer 4187,Female,36-45, Abuja ,South South,STANDARD,2025-03-28,ACTIVE,Postpaid,Annual,Nova Unlimited Voice,Voice,12000,45000MB,1889.0,593,,Card,LTE,,2.0,
CUST04188,SUB04188,PROD001,2348045075214,Customer 4188,FEMALE,36-45,Abuja,North Central,,2024-07-13,ACTIVE,POSTPAID,Annual,Nova Premium 5G,Data,25000,,,217,25000,Card,,-999.0,1.0,
CUST04189,SUB04189,PROD001,2348011405751,Customer 4189,Female,36-45,lagos,North Central,STANDARD,2022-11-03,cancelled,prepaid,No contract,Nova Premium 5G,Data,25000,,,238,25000,bank transfer,4G,-60.0,0.0,
CUST04190,SUB04190,PROD003,2348014972102,Customer 4190,Female,18-25,lagos,South South,,2023-11-17,Active,prepaid,Annual,Nova Hybrid Plus,Bundle,18000,,3816.0,519,,Cash,3G,-999.0,1.0,1.0
CUST04191,SUB04191,PROD005,2348059870029,Customer 4191,Male,26-35,lagos,North West,Basic,2024-01-26,Cancelled,post paid,No contract,Nova Starter,Bundle,8000,,2135.0,477,8000,Bank Transfer,LTE,-999.0,5.0,4.0
CUST04192,SUB04192,PROD005,2348094926063,Customer 4192,female,,Port Harcourt,South East,premium ,2021-03-09,SUSPENDED,Prepaid,No contract,Nova Starter,Bundle,8000,10260,2664.0,144,,bank transfer,4g,-999.0,5.0,
CUST04193,SUB04193,PROD005,2348062982887,Customer 4193,Male,60+,Abuja,North Central,Basic,2024-08-18,Active,Prepaid,No contract,Nova Starter,Bundle,8000,,1664.0,42,8000,,LTE,-999.0,2.0,1.0
CUST04194,SUB04194,PROD004,2348090107381,Customer 4194,F,,portharcourt,South East,premium ,2025-04-09,Active,Postpaid,Annual,Nova SME Connect,Business,35000,45000MB,,480,,Cash,3G,-999.0,2.0,3.0
CUST04195,SUB04195,PROD002,2348095432833,Customer 4195,,36-45,LAGOS,South South,Basic,2022-04-26,Cancelled,POSTPAID,ANNUAL,Nova Unlimited Voice,Voice,12000,87360,2392.0,651,12000,bank transfer,4G,-999.0,0.0,1.0
CUST04196,SUB04196,PROD005,2348030723035,Customer 4196,,46-60, Abuja ,North Central,STANDARD,2024-08-03,Active,POSTPAID,ANNUAL,Nova Starter,Bundle,8000,,,300,8000,Cash,LTE,-83.0,1.0,
CUST04197,SUB04197,PROD004,2348077574178,Customer 4197,M,36-45,Ibadan,North West,Corporate,2021-12-31,Active,Prepaid,monthly,Nova SME Connect,Business,35000,45000MB,,408,35000,bank transfer,LTE,,0.0,2.0
CUST04198,SUB04198,PROD001,2348035790985,Customer 4198,,60+,Port Harcourt,North Central,Premium,2022-03-01,Cancelled,post paid,ANNUAL,Nova Premium 5G,Data,25000,45000MB,,100,25000,Bank Transfer,3G,-69.0,2.0,2.0
CUST04199,SUB04199,PROD005,2348024249338,Customer 4199,Male,26-35,Port Harcourt,North West,premium ,2024-11-14,Cancelled,Prepaid,monthly,Nova Starter,Bundle,8000,79995,,364,,,,,1.0,2.0
CUST04200,SUB04200,PROD004,2348092183726, Customer 4200 ,Male,36-45,Abuja,North Central,Standard,30/08/2023,ACTIVE,post paid,monthly,Nova SME Connect,Business,35000,45887,3186.0,187,35000,USSD,4g,,5.0,3.0
CUST04201,SUB04201,PROD004,2348073985604,Customer 4201,Male,26-35,Kano,South West,,2022-05-29,Actv,POSTPAID,Annual,Nova SME Connect,Business,35000,29537,163.0,414,35000,CARD,4g,-999.0,,2.0
CUST04202,SUB04202,PROD004,2348084388213,Customer 4202,Female,46-60, Abuja ,South West,Premium,2023-01-03,Cancelled,POSTPAID,ANNUAL,Nova SME Connect,Business,35000,,,18,35000,CARD,LTE,-64.0,1.0,3.0
CUST04203,SUB04203,PROD003,2348017893190,Customer 4203,Female,60+,Port Harcourt,South South,premium ,2023-10-02,Cancelled,post paid,Annual,Nova Hybrid Plus,Bundle,18000,,,289,18000,bank transfer,LTE,,2.0,
CUST04204,SUB04204,PROD001,2348039754072,Customer 4204,Female,60+,Port Harcourt,South West,premium ,2025-05-10,Active,post paid,ANNUAL,Nova Premium 5G,Data,25000,15901,,219,,Bank Transfer,4G,-999.0,1.0,3.0
CUST04205,SUB04205,PROD004,2348041894493,Customer 4205,Male,18-25,lagos,North West,Corporate,2023-08-03,cancelled,Postpaid,Annual,Nova SME Connect,Business,35000,,,407,,CARD,5G,-76.0,,
CUST04206,SUB04206,PROD002,2348051721554,Customer 4206,Male,18-25, Abuja ,North Central,STANDARD,2022-04-17,SUSPENDED,POSTPAID,ANNUAL,Nova Unlimited Voice,Voice,12000,,372.0,472,,,3G,,,5.0
CUST04207,SUB04207,PROD005,2348074806751,Customer 4207,F,36-45, Abuja ,South South,premium ,2025-03-25,Cancelled,POSTPAID,Annual,Nova Starter,Bundle,8000,51573,3930.0,77,,CARD,,-84.0,0.0,5.0
CUST04208,SUB04208,PROD005,2348025311290,Customer 4208,Female,18-25,Lagos,South South,Corporate,2023-10-17,Active,Prepaid,ANNUAL,Nova Starter,Bundle,8000,,,294,8000,Cash,,-999.0,1.0,3.0
CUST04209,SUB04209,PROD004,2348098896918,Customer 4209,female,26-35,Abuja,South East,premium ,2022-10-30,,POSTPAID,Annual,Nova SME Connect,Business,35000,45000MB,,466,,Cash,3G,-97.0,0.0,2.0
CUST04210,SUB04210,PROD005,2348070887159,Customer 4210,Female,, Abuja ,North West,Premium,2023-09-04,cancelled,POSTPAID,ANNUAL,Nova Starter,Bundle,8000,45000MB,,700,8000,bank transfer,3G,,,1.0
CUST04211,SUB04211,PROD002,2348041371883,Customer 4211,Female,,LAGOS,North West,Basic,2023-11-15,Active,Postpaid,No contract,Nova Unlimited Voice,Voice,12000,45000MB,,379,12000,Bank Transfer,4G,-999.0,1.0,4.0
CUST04212,SUB04212,PROD001,2348085627246,Customer 4212,Male,26-35,Port Harcourt,North West,STANDARD,2025-10-08,Active,post paid,No contract,Nova Premium 5G,Data,25000,68975,3909.0,612,,USSD,,-999.0,0.0,5.0
CUST04213,SUB04213,PROD001,2348065121624,Customer 4213,F,18-25,,North West,Corporate,2024-09-10,active,post paid,No contract,Nova Premium 5G,Data,25000,,,735,25000,USSD,4G,-58.0,2.0,
CUST04214,SUB04214,PROD002,2348016767446,Customer 4214,Female,36-45,LAGOS,South East,Corporate,2023-11-27,Active,Prepaid,ANNUAL,Nova Unlimited Voice,Voice,12000,14801,2407.0,765,12000,Cash,5G,-999.0,0.0,1.0
CUST04215,SUB04215,PROD002,2348041381403,Customer 4215,F,46-60,Abuja,South West,STANDARD,2023-11-16,,Postpaid,monthly,Nova Unlimited Voice,Voice,12000,,,471,,Card,5G,,,2.0
CUST04216,SUB04216,PROD004,2348038159734,Customer 4216,MALE,18-25,,North Central,Basic,2021-07-15,active,post paid,ANNUAL,Nova SME Connect,Business,35000,45000MB,,511,35000,Cash,LTE,-94.0,2.0,2.0
CUST04217,SUB04217,PROD004,2348041729294,Customer 4217,Female,36-45, Abuja ,South East,Basic,2023-05-13,Active,POSTPAID,ANNUAL,Nova SME Connect,Business,35000,21680,2235.0,116,35000,CARD,5G,-72.0,5.0,
CUST04218,SUB04218,PROD005,2348027779267,Customer 4218,Male,36-45,,North Central,Basic,2023-05-03,active,Prepaid,monthly,Nova Starter,Bundle,8000,,,64,8000,Card,3G,-66.0,0.0,
CUST04219,SUB04219,PROD004,2348035160145,Customer 4219,Female,18-25,lagos,South South,STANDARD,2025-08-13,Active,POSTPAID,Annual,Nova SME Connect,Business,35000,45204,,263,,CARD,5G,,5.0,3.0
CUST04220,SUB04220,PROD004,2348051069590, Customer 4220 ,F,26-35,Abuja,South South,Premium,2022-09-16,Active,prepaid,No contract,Nova SME Connect,Business,35000,11625,3659.0,249,35000,Bank Transfer,3G,-70.0,,2.0
CUST04221,SUB04221,PROD004,2348015087181,Customer 4221,Female,46-60,Enugu,North West,Premium,2021-01-04,Suspended,post paid,Annual,Nova SME Connect,Business,35000,,2759.0,411,35000,Bank Transfer,4G,-999.0,2.0,2.0
CUST04222,SUB04222,PROD002,2348066991117,Customer 4222,F,36-45,Ibadan,South East,Basic,2024-10-16,Cancelled,Prepaid,Monthly,Nova Unlimited Voice,Voice,12000,,,534,,USSD,5G,,2.0,5.0
CUST04223,SUB04223,PROD003,2348076873396,Customer 4223,Male,36-45,LAGOS,South South,Standard,2022-07-01,active,prepaid,Annual,Nova Hybrid Plus,Bundle,18000,45000MB,,401,18000,,5G,,2.0,5.0
CUST04224,SUB04224,PROD003,2348050552774,Customer 4224,M,60+,Enugu,South South,premium ,2022-03-28,Cancelled,prepaid,ANNUAL,Nova Hybrid Plus,Bundle,18000,,390.0,228,,Card,4G,,2.0,2.0
CUST04225,SUB04225,PROD001,2348082351196,Customer 4225,Male,18-25,Kano,South East,,20/11/2021,Active,prepaid,ANNUAL,Nova Premium 5G,Data,25000,65844,2515.0,42,,,,-999.0,5.0,3.0
CUST04226,SUB04226,PROD004,2348058484348,Customer 4226,M,26-35,Abuja,North West,STANDARD,2022-07-22,Active,post paid,Annual,Nova SME Connect,Business,35000,66834,1478.0,349,35000,USSD,5G,,0.0,4.0
CUST04227,SUB04227,PROD001,2348068864373,Customer 4227,MALE,18-25,Enugu,South West,premium ,2025-03-25,Cancelled,prepaid,No contract,Nova Premium 5G,Data,25000,45000MB,,622,,Cash,LTE,,2.0,
CUST04228,SUB04228,PROD001,2348025475134,Customer 4228, f,60+,portharcourt,North Central,premium ,2023-03-26,active,prepaid,ANNUAL,Nova Premium 5G,Data,25000,81177,1212.0,517,25000,CARD,4G,-96.0,,4.0
CUST04229,SUB04229,PROD001,2348087564748,Customer 4229,,,Ibadan,South East,Standard,2021-04-24,Cancelled,POSTPAID,Annual,Nova Premium 5G,Data,25000,45000MB,240.0,484,25000,Cash,3G,-999.0,1.0,2.0
CUST04230,SUB04230,PROD004,2348018910913,Customer 4230,Female,18-25,,South West,Standard,2025-03-31,SUSPENDED,Prepaid,Annual,Nova SME Connect,Business,35000,,1298.0,617,35000,Cash,LTE,-87.0,1.0,
CUST04231,SUB04231,PROD005,2348025642452,Customer 4231,Male,60+,portharcourt,South East,,2023-03-14,,Postpaid,ANNUAL,Nova Starter,Bundle,8000,45000MB,,638,8000,Card,4G,-78.0,0.0,3.0
CUST04232,SUB04232,PROD004,2348079655068,Customer 4232,Female,36-45,Port Harcourt,South East,Premium,2021-12-26,Active,Prepaid,ANNUAL,Nova SME Connect,Business,35000,45000MB,1981.0,373,,,LTE,,0.0,5.0
CUST04233,SUB04233,PROD004,2348024541272,Customer 4233,,26-35,Enugu,North Central,Standard,2024-03-13,active,Postpaid,monthly,Nova SME Connect,Business,35000,,,495,,bank transfer,LTE,-999.0,,1.0
CUST04234,SUB04234,PROD002,2348057420518,Customer 4234,Female,36-45,lagos,North West,Premium,2023-12-20,Suspended,prepaid,monthly,Nova Unlimited Voice,Voice,12000,17235,2770.0,106,12000,Bank Transfer,3G,,5.0,3.0
CUST04235,SUB04235,PROD002,2348099645171,Customer 4235,M,,Kano,North West,Premium,2022-06-07,Active,post paid,No contract,Nova Unlimited Voice,Voice,12000,,,618,,Cash,LTE,-70.0,0.0,2.0
CUST04236,SUB04236,PROD005,2348040783101,Customer 4236,male,,,North Central,Basic,2022-03-02,,prepaid,Monthly,Nova Starter,Bundle,8000,,1794.0,610,,,3G,-56.0,1.0,4.0
CUST04237,SUB04237,PROD003,2348030331600,Customer 4237,Female,,Port Harcourt,North Central,,2021-02-11,Active,Postpaid,Annual,Nova Hybrid Plus,Bundle,18000,80508,586.0,502,,Cash,3G,,,
CUST04238,SUB04238,PROD004,2348089125579,Customer 4238,male,46-60,Port Harcourt,North Central,premium ,2022-09-18,ACTIVE,Prepaid,monthly,Nova SME Connect,Business,35000,45000MB,,465,35000,Card,LTE,-999.0,5.0,2.0
CUST04239,SUB04239,PROD005,2348088678055,Customer 4239, f,36-45,Ibadan,South South,STANDARD,2025-07-18,,Postpaid,ANNUAL,Nova Starter,Bundle,8000,45000MB,,41,8000,CARD,,,0.0,5.0
CUST04240,SUB04240,PROD004,2348016553153, Customer 4240 ,m ,18-25, Abuja ,North Central,Standard,2025-02-27,Active,post paid,Monthly,Nova SME Connect,Business,35000,79598,2601.0,449,35000,Card,,,,4.0
CUST04241,SUB04241,PROD003,2348049659704,Customer 4241,Male,36-45,Port Harcourt,South West,Standard,2022-11-09,SUSPENDED,prepaid,ANNUAL,Nova Hybrid Plus,Bundle,18000,,3318.0,98,18000,,LTE,,0.0,
CUST04242,SUB04242,PROD004,2348015631426,Customer 4242,male,18-25,Abuja,North West,Basic,2021-05-28,Active,post paid,Annual,Nova SME Connect,Business,35000,34497,,296,35000,CARD,3G,-999.0,0.0,2.0
CUST04243,SUB04243,PROD005,2348099094838,Customer 4243,Male,,Enugu,South South,premium ,2021-05-01,Actv,Prepaid,No contract,Nova Starter,Bundle,8000,14467,709.0,366,,bank transfer,,-999.0,0.0,5.0
CUST04244,SUB04244,PROD004,2348086802817,Customer 4244,male,18-25,Port Harcourt,South West,Standard,2021-05-19,ACTIVE,Prepaid,Annual,Nova SME Connect,Business,35000,,1978.0,265,,Bank Transfer,4g,-999.0,5.0,3.0
CUST04245,SUB04245,PROD005,2348022827076,Customer 4245,Female,36-45, Abuja ,South West,premium ,2021-03-19,,Postpaid,Monthly,Nova Starter,Bundle,8000,45000MB,,70,8000,Cash,3G,-82.0,1.0,2.0
CUST04246,SUB04246,PROD003,2348056091678,Customer 4246,female,46-60,Lagos,North Central,,2025-01-15,Actv,POSTPAID,ANNUAL,Nova Hybrid Plus,Bundle,18000,69587,,215,18000,Cash,,-999.0,,4.0
CUST04247,SUB04247,PROD004,2348059118145,Customer 4247, f,26-35,Ibadan,South South,STANDARD,2024-07-29,cancelled,Postpaid,ANNUAL,Nova SME Connect,Business,35000,39569,3074.0,76,35000,USSD,5G,-999.0,5.0,4.0
CUST04248,SUB04248,PROD002,2348084013582,Customer 4248,Unknown,36-45,Lagos,North Central,Premium,2021-12-01,,post paid,monthly,Nova Unlimited Voice,Voice,12000,,,274,,Bank Transfer,,-999.0,,4.0
CUST04249,SUB04249,PROD003,2348095416422,Customer 4249,Female,,portharcourt,North Central,premium ,2022-12-05,Active,POSTPAID,ANNUAL,Nova Hybrid Plus,Bundle,18000,89968,3263.0,57,18000,bank transfer,4G,,5.0,2.0
CUST04250,SUB04250,PROD004,2348026141931,Customer 4250,M,18-25,Lagos,South West,Corporate,17/08/2024,,POSTPAID,Monthly,Nova SME Connect,Business,35000,88847,1050.0,582,35000,Card,LTE,-999.0,,5.0
CUST04251,SUB04251,PROD005,2348057000243,Customer 4251,M,,portharcourt,South East,STANDARD,2022-09-18,Cancelled,prepaid,ANNUAL,Nova Starter,Bundle,8000,45000MB,3092.0,49,,,4g,,0.0,5.0
CUST04252,SUB04252,PROD005,2348031838973,Customer 4252,FEMALE,46-60,LAGOS,South West,Corporate,2023-01-25,ACTIVE,Prepaid,monthly,Nova Starter,Bundle,8000,70041,1012.0,551,8000,Cash,4g,,0.0,2.0
CUST04253,SUB04253,PROD004,2348071738258,Customer 4253,male,,,South South,Corporate,2021-10-03,SUSPENDED,prepaid,No contract,Nova SME Connect,Business,35000,45000MB,,213,,,4g,,1.0,4.0
CUST04254,SUB04254,PROD005,2348036247537,Customer 4254,Female,26-35,LAGOS,South West,Standard,2022-12-17,Cancelled,Postpaid,monthly,Nova Starter,Bundle,8000,,,599,8000,CARD,,-999.0,,3.0
CUST04255,SUB04255,PROD002,2348075933683,Customer 4255,Male,,Ibadan,South East,,2024-08-31,SUSPENDED,POSTPAID,Monthly,Nova Unlimited Voice,Voice,12000,45000MB,3694.0,721,12000,Cash,LTE,-999.0,1.0,
CUST04256,SUB04256,PROD002,2348080095081,Customer 4256,Female,,,South South,premium ,2022-08-01,Active,post paid,Monthly,Nova Unlimited Voice,Voice,12000,,,69,12000,Bank Transfer,5G,-999.0,,
CUST04257,SUB04257,PROD005,2348067454086,Customer 4257,Female,36-45,,South West,,2023-06-20,Active,Prepaid,ANNUAL,Nova Starter,Bundle,8000,45000MB,349.0,755,8000,bank transfer,3G,-999.0,0.0,3.0
CUST04258,SUB04258,PROD002,2348053470873,Customer 4258,Female,60+,Ibadan,North Central,STANDARD,2023-04-21,Suspended,POSTPAID,Annual,Nova Unlimited Voice,Voice,12000,,290.0,621,12000,bank transfer,4G,,2.0,
CUST04259,SUB04259,PROD001,2348079921604,Customer 4259,Female,,lagos,South East,Standard,2025-10-08,Active,POSTPAID,Annual,Nova Premium 5G,Data,25000,45000MB,,356,25000,USSD,4g,-999.0,0.0,
CUST04260,SUB04260,PROD003,2348096708013, Customer 4260 ,Female,60+,Enugu,South West,Premium,2022-12-30,cancelled,Prepaid,No contract,Nova Hybrid Plus,Bundle,18000,45000MB,,222,18000,bank transfer,,,2.0,1.0
CUST04261,SUB04261,PROD002,2348029038024,Customer 4261,Male,46-60, Abuja ,South South,Corporate,2025-09-22,cancelled,POSTPAID,monthly,Nova Unlimited Voice,Voice,12000,,1314.0,423,,USSD,LTE,-999.0,1.0,4.0
CUST04262,SUB04262,PROD002,2348041013203,Customer 4262,Unknown,36-45,Port Harcourt,North Central,Premium,2023-12-16,Active,Postpaid,No contract,Nova Unlimited Voice,Voice,12000,45000MB,2629.0,742,12000,,3G,-999.0,,5.0
CUST04263,SUB04263,PROD005,2348027604312,Customer 4263,female,46-60,,South West,premium ,2021-10-08,ACTIVE,post paid,ANNUAL,Nova Starter,Bundle,8000,45000MB,3808.0,717,8000,Bank Transfer,4g,-999.0,,1.0
CUST04264,SUB04264,PROD003,2348030253368,Customer 4264,male,18-25,Port Harcourt,South East,,2021-12-25,Active,Prepaid,Annual,Nova Hybrid Plus,Bundle,18000,,,648,18000,,LTE,-101.0,2.0,
CUST04265,SUB04265,PROD005,2348034512614,Customer 4265,F,36-45,,North West,Standard,2025-01-28,active,post paid,No contract,Nova Starter,Bundle,8000,45000MB,3991.0,257,8000,Bank Transfer,5G,-999.0,5.0,
CUST04266,SUB04266,PROD004,2348067997902,Customer 4266,Male,60+,lagos,South West,Standard,2023-12-30,,post paid,monthly,Nova SME Connect,Business,35000,45000MB,448.0,52,35000,,LTE,-105.0,5.0,5.0
CUST04267,SUB04267,PROD005,2348046479218,Customer 4267,Male,36-45,Abuja,North West,,2025-04-30,SUSPENDED,Postpaid,Annual,Nova Starter,Bundle,8000,,17.0,368,,,5G,,2.0,2.0
CUST04268,SUB04268,PROD004,2348088869584,Customer 4268,Female,,LAGOS,South West,Basic,2025-01-04,cancelled,POSTPAID,No contract,Nova SME Connect,Business,35000,45000MB,2289.0,746,35000,Card,LTE,-999.0,1.0,1.0
CUST04269,SUB04269,PROD003,2348079190501,Customer 4269,F,60+,Ibadan,North West,Premium,2022-05-31,SUSPENDED,POSTPAID,Monthly,Nova Hybrid Plus,Bundle,18000,58104,,572,18000,USSD,LTE,-999.0,2.0,3.0
CUST04270,SUB04270,PROD005,2348064174745,Customer 4270,female,26-35,lagos,South South,Standard,2025-07-04,active,prepaid,Annual,Nova Starter,Bundle,8000,45000MB,,160,8000,Card,LTE,,1.0,2.0
CUST04271,SUB04271,PROD002,2348010530521,Customer 4271,F,60+,Ibadan,North West,Standard,2024-10-19,active,post paid,ANNUAL,Nova Unlimited Voice,Voice,12000,,,62,,Bank Transfer,4G,-91.0,5.0,1.0
CUST04272,SUB04272,PROD001,2348068620999,Customer 4272,FEMALE,26-35,,South West,Corporate,2024-06-25,Suspended,prepaid,No contract,Nova Premium 5G,Data,25000,45000MB,3716.0,389,25000,USSD,4G,,1.0,3.0
CUST04273,SUB04273,PROD005,2348096383016,Customer 4273,Male,26-35,Port Harcourt,North Central,Standard,2022-01-12,Active,prepaid,Monthly,Nova Starter,Bundle,8000,,,618,,Bank Transfer,,,,1.0
CUST04274,SUB04274,PROD005,2348058041529,Customer 4274,Male,26-35,Port Harcourt,South West,Corporate,2025-01-26,Active,Postpaid,monthly,Nova Starter,Bundle,8000,,2850.0,226,8000,USSD,LTE,-999.0,0.0,2.0
CUST04275,SUB04275,PROD004,2348033257127,Customer 4275,M,,portharcourt,South East,Basic,18/04/2023,ACTIVE,Prepaid,ANNUAL,Nova SME Connect,Business,35000,,180.0,180,,,4G,-57.0,1.0,2.0
CUST04276,SUB04276,PROD005,2348059407753,Customer 4276,Male,18-25,Lagos,South East,Standard,2021-08-12,Actv,POSTPAID,Monthly,Nova Starter,Bundle,8000,45000MB,,333,8000,bank transfer,4g,-999.0,,3.0
CUST04277,SUB04277,PROD001,2348039050607,Customer 4277,male,,LAGOS,South East,,2025-06-18,Cancelled,POSTPAID,Annual,Nova Premium 5G,Data,25000,,61.0,401,25000,Bank Transfer,4g,-999.0,2.0,3.0
CUST04278,SUB04278,PROD001,2348094885593,Customer 4278,male,36-45,Kano,North West,Premium,2025-06-08,Cancelled,post paid,Monthly,Nova Premium 5G,Data,25000,45000MB,240.0,689,,bank transfer,3G,-90.0,0.0,4.0
CUST04279,SUB04279,PROD002,2348098933000,Customer 4279,,36-45,lagos,North West,Corporate,2025-07-12,Suspended,Prepaid,No contract,Nova Unlimited Voice,Voice,12000,,,750,12000,,LTE,,1.0,
CUST04280,SUB04280,PROD005,2348014464297, Customer 4280 ,Female,18-25,Ibadan,North West,Corporate,2023-02-02,SUSPENDED,prepaid,Monthly,Nova Starter,Bundle,8000,16526,,131,8000,Bank Transfer,3G,-999.0,1.0,5.0
CUST04281,SUB04281,PROD004,2348046079638,Customer 4281,Male,60+,Abuja,North Central,Basic,2023-12-13,SUSPENDED,Prepaid,monthly,Nova SME Connect,Business,35000,15206,3941.0,189,35000,Card,,,,5.0
CUST04282,SUB04282,PROD005,2348042326201,Customer 4282,M,60+,Enugu,North West,Corporate,2022-11-18,Cancelled,post paid,monthly,Nova Starter,Bundle,8000,45000MB,,103,8000,Bank Transfer,LTE,,0.0,1.0
CUST04283,SUB04283,PROD001,2348034783195,Customer 4283,F,46-60,Ibadan,North Central,Basic,2023-08-21,cancelled,Postpaid,monthly,Nova Premium 5G,Data,25000,,2344.0,141,,Cash,3G,,1.0,
CUST04284,SUB04284,PROD003,2348065458891,Customer 4284,Male,36-45,LAGOS,South East,STANDARD,2022-12-12,ACTIVE,post paid,ANNUAL,Nova Hybrid Plus,Bundle,18000,15418,,298,18000,Cash,LTE,,2.0,2.0
CUST04285,SUB04285,PROD004,2348019511949,Customer 4285,Female,46-60,portharcourt,South West,Basic,2021-05-16,Cancelled,POSTPAID,Annual,Nova SME Connect,Business,35000,45000MB,2008.0,554,,USSD,5G,-999.0,2.0,4.0
CUST04286,SUB04286,PROD005,2348019089504,Customer 4286,Male,26-35,Ibadan,North Central,Corporate,2022-06-30,Active,post paid,Monthly,Nova Starter,Bundle,8000,,,288,8000,CARD,4G,-999.0,,5.0
CUST04287,SUB04287,PROD004,2348098837169,Customer 4287,M,36-45,Abuja,South East,Corporate,2021-08-17,Active,Postpaid,ANNUAL,Nova SME Connect,Business,35000,45000MB,,667,,,LTE,-999.0,,5.0
CUST04288,SUB04288,PROD002,2348079626583,Customer 4288,Unknown,,lagos,South South,,2024-05-09,ACTIVE,Prepaid,No contract,Nova Unlimited Voice,Voice,12000,36961,2082.0,159,,CARD,4G,-999.0,,3.0
CUST04289,SUB04289,PROD005,2348036846005,Customer 4289,Unknown,60+,Port Harcourt,North Central,Standard,2022-07-06,Active,POSTPAID,ANNUAL,Nova Starter,Bundle,8000,47761,,251,8000,Card,LTE,,5.0,4.0
CUST04290,SUB04290,PROD005,2348059080824,Customer 4290,,18-25,Kano,North West,STANDARD,2022-11-29,Cancelled,prepaid,ANNUAL,Nova Starter,Bundle,8000,62529,,637,8000,Cash,5G,-999.0,2.0,
CUST04291,SUB04291,PROD003,2348028824366,Customer 4291,female,26-35,Abuja,South West,Premium,2022-12-26,Active,Postpaid,ANNUAL,Nova Hybrid Plus,Bundle,18000,83213,,650,18000,Cash,,,1.0,5.0
CUST04292,SUB04292,PROD001,2348060256332,Customer 4292,F,18-25,Port Harcourt,South East,Premium,2023-02-02,Cancelled,Postpaid,No contract,Nova Premium 5G,Data,25000,,2238.0,342,25000,CARD,,-999.0,5.0,4.0
CUST04293,SUB04293,PROD002,2348098480045,Customer 4293,Female,36-45,Enugu,South East,premium ,2022-03-29,Actv,Prepaid,Monthly,Nova Unlimited Voice,Voice,12000,,3341.0,529,,bank transfer,5G,,5.0,1.0
CUST04294,SUB04294,PROD002,2348068445228,Customer 4294,F,60+,portharcourt,South East,STANDARD,2025-08-06,ACTIVE,post paid,No contract,Nova Unlimited Voice,Voice,12000,45000MB,,202,12000,bank transfer,4g,,2.0,4.0
CUST04295,SUB04295,PROD004,2348018842380,Customer 4295,,46-60,portharcourt,South East,STANDARD,2021-04-26,cancelled,POSTPAID,ANNUAL,Nova SME Connect,Business,35000,89982,,171,,CARD,,,5.0,3.0
CUST04296,SUB04296,PROD002,2348013568918,Customer 4296,Male,,Port Harcourt,North Central,Corporate,2025-01-17,Active,POSTPAID,ANNUAL,Nova Unlimited Voice,Voice,12000,45000MB,,50,12000,bank transfer,3G,,5.0,2.0
CUST04297,SUB04297,PROD001,2348051152723,Customer 4297,Female,18-25,LAGOS,South South,Premium,2023-11-19,Suspended,post paid,ANNUAL,Nova Premium 5G,Data,25000,45000MB,,637,25000,,4g,,2.0,
CUST04298,SUB04298,PROD001,2348083999253,Customer 4298,F,46-60,Kano,North West,Basic,2024-04-05,Cancelled,Prepaid,monthly,Nova Premium 5G,Data,25000,,233.0,272,25000,bank transfer,5G,,0.0,4.0
CUST04299,SUB04299,PROD005,2348036995329,Customer 4299,Male,60+,Abuja,South East,premium ,2023-02-10,Suspended,POSTPAID,No contract,Nova Starter,Bundle,8000,10489,,485,8000,Cash,,-92.0,2.0,3.0
CUST04300,SUB04300,PROD001,2348014774492, Customer 4300 ,Male,26-35,Enugu,North Central,,28/05/2024,Suspended,POSTPAID,Monthly,Nova Premium 5G,Data,25000,45000MB,,392,25000,Cash,3G,-999.0,1.0,2.0
CUST04301,SUB04301,PROD001,2348017725856,Customer 4301,Male,36-45,portharcourt,South West,Standard,2023-02-12,active,POSTPAID,Monthly,Nova Premium 5G,Data,25000,4300,,304,25000,Bank Transfer,4g,-99.0,2.0,
CUST04302,SUB04302,PROD003,2348094082293,Customer 4302,Female,,LAGOS,South South,Corporate,2021-05-26,active,POSTPAID,Monthly,Nova Hybrid Plus,Bundle,18000,2911,,596,18000,bank transfer,3G,,1.0,2.0
CUST04303,SUB04303,PROD001,2348019701728,Customer 4303,FEMALE,, Abuja ,North Central,Premium,2021-07-28,Active,POSTPAID,ANNUAL,Nova Premium 5G,Data,25000,45000MB,3964.0,410,25000,bank transfer,,-66.0,1.0,
CUST04304,SUB04304,PROD003,2348097584639,Customer 4304,Male,60+,Ibadan,South West,Standard,2021-09-01,Active,POSTPAID,Monthly,Nova Hybrid Plus,Bundle,18000,45000MB,2619.0,225,18000,CARD,5G,-999.0,1.0,3.0
CUST04305,SUB04305,PROD004,2348067791791,Customer 4305,Female,46-60,Enugu,North West,Standard,2025-04-16,cancelled,POSTPAID,No contract,Nova SME Connect,Business,35000,45000MB,2912.0,330,35000,Card,3G,-91.0,5.0,
CUST04306,SUB04306,PROD001,2348076926239,Customer 4306,F,36-45,lagos,North Central,Corporate,2021-06-02,,Postpaid,Annual,Nova Premium 5G,Data,25000,72646,2849.0,219,25000,CARD,5G,-999.0,1.0,4.0
CUST04307,SUB04307,PROD003,2348062247078,Customer 4307,Male,18-25,lagos,South South,Standard,2021-12-21,Active,POSTPAID,ANNUAL,Nova Hybrid Plus,Bundle,18000,,35.0,541,,,4G,-999.0,,5.0
CUST04308,SUB04308,PROD003,2348089702989,Customer 4308,Male,60+,portharcourt,North Central,Basic,2022-11-29,,post paid,monthly,Nova Hybrid Plus,Bundle,18000,45000MB,,316,18000,Cash,LTE,-999.0,0.0,3.0
CUST04309,SUB04309,PROD002,2348044390292,Customer 4309,Male,18-25, Abuja ,South East,premium ,2023-11-29,active,POSTPAID,Monthly,Nova Unlimited Voice,Voice,12000,83688,2424.0,179,12000,Cash,4G,,2.0,5.0
CUST04310,SUB04310,PROD004,2348061482289,Customer 4310,Male,46-60,Ibadan,South East,Standard,2021-12-06,Cancelled,Prepaid,Monthly,Nova SME Connect,Business,35000,45000MB,1879.0,552,35000,USSD,,-76.0,0.0,4.0
CUST04311,SUB04311,PROD002,2348043509919,Customer 4311,Male,60+,Enugu,South East,premium ,2024-07-01,Cancelled,post paid,Annual,Nova Unlimited Voice,Voice,12000,45000MB,1273.0,174,,CARD,LTE,-52.0,,2.0
CUST04312,SUB04312,PROD005,2348037955547,Customer 4312,Female,60+,LAGOS,South West,premium ,2024-08-02,ACTIVE,Prepaid,No contract,Nova Starter,Bundle,8000,,,457,,,LTE,-96.0,2.0,1.0
CUST04313,SUB04313,PROD002,2348015937049,Customer 4313,F,60+,Abuja,North West,,2022-09-03,Actv,post paid,monthly,Nova Unlimited Voice,Voice,12000,45000MB,,592,,Cash,4g,-86.0,0.0,2.0
CUST04314,SUB04314,PROD002,2348083909150,Customer 4314,M,26-35,Abuja,South West,premium ,2024-03-15,Actv,post paid,monthly,Nova Unlimited Voice,Voice,12000,46205,,248,12000,,4G,-999.0,2.0,
CUST04315,SUB04315,PROD005,2348027752537,Customer 4315,female,60+,LAGOS,North Central,Standard,2024-08-02,cancelled,post paid,Monthly,Nova Starter,Bundle,8000,21248,1481.0,742,,,5G,,5.0,
CUST04316,SUB04316,PROD005,2348055731296,Customer 4316,Female,18-25,LAGOS,North Central,Standard,2021-08-03,SUSPENDED,post paid,Monthly,Nova Starter,Bundle,8000,,,796,,CARD,4G,,,4.0
CUST04317,SUB04317,PROD002,2348068448940,Customer 4317,F,,Abuja,South South,premium ,2025-01-29,Active,Postpaid,No contract,Nova Unlimited Voice,Voice,12000,,,402,,CARD,4g,-999.0,5.0,2.0
CUST04318,SUB04318,PROD002,2348052724508,Customer 4318,Female,36-45,Enugu,South West,Corporate,2021-03-11,active,POSTPAID,No contract,Nova Unlimited Voice,Voice,12000,40771,,391,12000,USSD,5G,-67.0,,2.0
CUST04319,SUB04319,PROD001,2348027008551,Customer 4319,Female,36-45,Lagos,North Central,Standard,2022-06-23,active,Postpaid,monthly,Nova Premium 5G,Data,25000,,1440.0,366,25000,CARD,4g,-60.0,2.0,1.0
CUST04320,SUB04320,PROD003,2348051038488, Customer 4320 ,Female,26-35,Enugu,North Central,Corporate,2024-12-06,Suspended,prepaid,Monthly,Nova Hybrid Plus,Bundle,18000,45000MB,3540.0,181,18000,USSD,LTE,-78.0,5.0,
CUST04321,SUB04321,PROD003,2348028422522,Customer 4321,F,26-35,lagos,South South,Basic,2022-12-20,,post paid,Annual,Nova Hybrid Plus,Bundle,18000,45000MB,,602,,Cash,4g,,1.0,1.0
CUST04322,SUB04322,PROD005,2348077089582,Customer 4322,male,18-25,Lagos,South East,Premium,2021-10-13,SUSPENDED,prepaid,monthly,Nova Starter,Bundle,8000,45000MB,,141,8000,Bank Transfer,5G,-100.0,0.0,
CUST04323,SUB04323,PROD003,2348061405378,Customer 4323,female,60+,Port Harcourt,North Central,premium ,2025-11-02,,post paid,ANNUAL,Nova Hybrid Plus,Bundle,18000,45000MB,,208,,USSD,4g,,0.0,3.0
CUST04324,SUB04324,PROD004,2348018320859,Customer 4324,M,26-35, Abuja ,South South,premium ,2024-07-09,ACTIVE,POSTPAID,Monthly,Nova SME Connect,Business,35000,,2082.0,737,,USSD,3G,-999.0,2.0,2.0
CUST04325,SUB04325,PROD003,2348054201046,Customer 4325,Male,46-60,Ibadan,North Central,Premium,04/08/2023,Cancelled,Postpaid,monthly,Nova Hybrid Plus,Bundle,18000,,3275.0,562,,Bank Transfer,5G,-85.0,,4.0
CUST04326,SUB04326,PROD002,2348052411245,Customer 4326,female,, Abuja ,South East,,2025-03-21,cancelled,Postpaid,Annual,Nova Unlimited Voice,Voice,12000,45000MB,,313,12000,bank transfer,5G,-999.0,0.0,4.0
CUST04327,SUB04327,PROD003,2348079761943,Customer 4327,Male,,Abuja,North West,Corporate,2025-08-22,Actv,Prepaid,ANNUAL,Nova Hybrid Plus,Bundle,18000,45000MB,,128,,bank transfer,3G,,0.0,5.0
CUST04328,SUB04328,PROD002,2348067610519,Customer 4328,Female,18-25,portharcourt,South West,Corporate,2021-08-04,Active,prepaid,ANNUAL,Nova Unlimited Voice,Voice,12000,45000MB,,15,12000,bank transfer,4G,-58.0,2.0,2.0
CUST04329,SUB04329,PROD004,2348018060839,Customer 4329,,18-25,Abuja,South South,Corporate,2021-09-04,ACTIVE,POSTPAID,monthly,Nova SME Connect,Business,35000,12551,3085.0,655,35000,bank transfer,3G,-72.0,1.0,3.0
CUST04330,SUB04330,PROD005,2348086929637,Customer 4330,F,46-60, Abuja ,North West,STANDARD,2022-10-01,active,post paid,No contract,Nova Starter,Bundle,8000,45000MB,,270,,,3G,,,3.0
CUST04331,SUB04331,PROD004,2348081698534,Customer 4331,M,36-45,portharcourt,South East,,2021-01-31,Active,Prepaid,monthly,Nova SME Connect,Business,35000,88029,,400,35000,CARD,,,1.0,2.0
CUST04332,SUB04332,PROD001,2348040417749,Customer 4332,male,18-25, Abuja ,South West,Corporate,2024-09-29,,post paid,monthly,Nova Premium 5G,Data,25000,45000MB,,357,,bank transfer,3G,,1.0,5.0
CUST04333,SUB04333,PROD002,2348062434577,Customer 4333,Male,46-60,LAGOS,North West,Standard,2022-03-15,Cancelled,post paid,monthly,Nova Unlimited Voice,Voice,12000,,244.0,771,12000,Bank Transfer,3G,,,4.0
CUST04334,SUB04334,PROD004,2348034376377,Customer 4334,Male,46-60,Port Harcourt,North Central,Premium,2025-01-18,ACTIVE,Postpaid,ANNUAL,Nova SME Connect,Business,35000,89046,3892.0,737,,Bank Transfer,5G,-98.0,0.0,3.0
CUST04335,SUB04335,PROD003,2348025112455,Customer 4335,M,36-45, Abuja ,South East,Standard,2024-05-31,ACTIVE,POSTPAID,monthly,Nova Hybrid Plus,Bundle,18000,,850.0,363,18000,CARD,,-999.0,,1.0
CUST04336,SUB04336,PROD003,2348097905866,Customer 4336,Female,60+,Ibadan,South South,Premium,2025-11-06,Actv,Prepaid,Monthly,Nova Hybrid Plus,Bundle,18000,,,88,,Bank Transfer,5G,-98.0,2.0,1.0
CUST04337,SUB04337,PROD002,2348031581913,Customer 4337,FEMALE,46-60,Kano,South South,Standard,2023-05-21,,Postpaid,Monthly,Nova Unlimited Voice,Voice,12000,19865,,623,,Bank Transfer,4G,-999.0,1.0,5.0
CUST04338,SUB04338,PROD004,2348012725642,Customer 4338,Male,36-45,Ibadan,North West,Basic,2021-01-13,Active,post paid,Annual,Nova SME Connect,Business,35000,51588,,284,35000,Bank Transfer,4G,-52.0,,5.0
CUST04339,SUB04339,PROD005,2348016230673,Customer 4339,F,18-25,LAGOS,North West,STANDARD,2024-02-09,Active,prepaid,monthly,Nova Starter,Bundle,8000,,,287,8000,CARD,4g,-106.0,0.0,1.0
CUST04340,SUB04340,PROD001,2348011961130, Customer 4340 ,MALE,46-60,Port Harcourt,North West,Corporate,2021-11-10,Active,post paid,ANNUAL,Nova Premium 5G,Data,25000,45000MB,2769.0,453,25000,CARD,4G,-57.0,1.0,
CUST04341,SUB04341,PROD005,2348067406437,Customer 4341,F,18-25,Abuja,North Central,Corporate,2025-05-24,active,prepaid,monthly,Nova Starter,Bundle,8000,32879,,585,8000,Bank Transfer,3G,-95.0,0.0,
CUST04342,SUB04342,PROD002,2348016546828,Customer 4342,Female,26-35,Kano,South South,Corporate,2024-03-17,Active,Postpaid,Monthly,Nova Unlimited Voice,Voice,12000,45000MB,2023.0,83,12000,Cash,,-999.0,5.0,
CUST04343,SUB04343,PROD002,2348035070065,Customer 4343,,18-25,portharcourt,North West,Premium,2025-09-15,SUSPENDED,prepaid,monthly,Nova Unlimited Voice,Voice,12000,29505,,361,12000,Bank Transfer,5G,-999.0,,4.0
CUST04344,SUB04344,PROD002,2348043976768,Customer 4344,Unknown,26-35,Enugu,South South,Basic,2022-05-15,Active,prepaid,monthly,Nova Unlimited Voice,Voice,12000,,,175,12000,Bank Transfer,5G,-72.0,2.0,2.0
CUST04345,SUB04345,PROD004,2348018766223,Customer 4345,Female,36-45,,South South,STANDARD,2021-10-06,Active,post paid,monthly,Nova SME Connect,Business,35000,45000MB,,487,35000,bank transfer,,-999.0,5.0,1.0
CUST04346,SUB04346,PROD002,2348016132095,Customer 4346, f,26-35,lagos,North Central,Standard,2021-09-14,active,POSTPAID,Monthly,Nova Unlimited Voice,Voice,12000,65482,,264,12000,bank transfer,,-51.0,0.0,5.0
CUST04347,SUB04347,PROD004,2348059944437,Customer 4347,Female,36-45,LAGOS,South East,Corporate,2023-10-29,Active,POSTPAID,monthly,Nova SME Connect,Business,35000,45000MB,3197.0,492,,bank transfer,5G,-999.0,0.0,4.0
CUST04348,SUB04348,PROD005,2348094372707,Customer 4348,Male,60+, Abuja ,South West,Premium,2022-05-26,active,post paid,Monthly,Nova Starter,Bundle,8000,,843.0,568,,USSD,4G,,2.0,4.0
CUST04349,SUB04349,PROD002,2348023678589,Customer 4349,Male,26-35, Abuja ,South South,Corporate,2024-03-07,Active,Postpaid,Monthly,Nova Unlimited Voice,Voice,12000,,3345.0,740,,bank transfer,,,5.0,2.0
CUST04350,SUB04350,PROD001,2348091868998,Customer 4350,Female,46-60,,South West,Corporate,08/08/2023,ACTIVE,Prepaid,ANNUAL,Nova Premium 5G,Data,25000,45000MB,,624,25000,Cash,4g,-999.0,,2.0
CUST04351,SUB04351,PROD004,2348092071001,Customer 4351,,26-35,Enugu,South West,STANDARD,2024-12-28,Cancelled,Postpaid,Monthly,Nova SME Connect,Business,35000,45000MB,,649,,Bank Transfer,,-57.0,1.0,
CUST04352,SUB04352,PROD002,2348038912344,Customer 4352,FEMALE,36-45,portharcourt,North Central,Premium,2021-11-25,active,post paid,No contract,Nova Unlimited Voice,Voice,12000,33068,2095.0,404,12000,bank transfer,,-58.0,,4.0
CUST04353,SUB04353,PROD003,2348029787995,Customer 4353,Unknown,60+,Enugu,North Central,Premium,2021-03-30,Active,POSTPAID,monthly,Nova Hybrid Plus,Bundle,18000,47800,,517,18000,USSD,3G,-70.0,,4.0
CUST04354,SUB04354,PROD002,2348011982183,Customer 4354,M,36-45, Abuja ,South South,Corporate,2023-10-12,SUSPENDED,post paid,No contract,Nova Unlimited Voice,Voice,12000,37191,3269.0,507,,Cash,5G,,,3.0
CUST04355,SUB04355,PROD004,2348019396244,Customer 4355,,60+,Ibadan,South South,STANDARD,2024-04-07,cancelled,post paid,monthly,Nova SME Connect,Business,35000,,978.0,788,,USSD,,-62.0,5.0,1.0
CUST04356,SUB04356,PROD005,2348016684720,Customer 4356,Male,,LAGOS,South East,Standard,2021-06-05,Active,prepaid,Monthly,Nova Starter,Bundle,8000,,,722,8000,Cash,3G,-999.0,2.0,4.0
CUST04357,SUB04357,PROD002,2348045652752,Customer 4357,Female,36-45,,South West,Basic,2024-05-18,Suspended,Postpaid,monthly,Nova Unlimited Voice,Voice,12000,42623,1172.0,351,12000,,4G,-999.0,2.0,3.0
CUST04358,SUB04358,PROD005,2348023077856,Customer 4358,MALE,,LAGOS,South South,Basic,2021-03-25,Cancelled,post paid,Monthly,Nova Starter,Bundle,8000,,2475.0,629,,Cash,3G,,,2.0
CUST04359,SUB04359,PROD005,2348059171804,Customer 4359,,18-25,Enugu,South South,Standard,2023-10-01,cancelled,post paid,monthly,Nova Starter,Bundle,8000,,1362.0,755,8000,Cash,LTE,-108.0,5.0,5.0
CUST04360,SUB04360,PROD001,2348070522165, Customer 4360 , f,60+,Lagos,South East,Corporate,2025-02-12,active,Postpaid,No contract,Nova Premium 5G,Data,25000,45000MB,2605.0,456,25000,CARD,4g,-58.0,,5.0
CUST04361,SUB04361,PROD005,2348047911192,Customer 4361,F,60+, Abuja ,North West,STANDARD,2023-08-06,,prepaid,ANNUAL,Nova Starter,Bundle,8000,45000MB,3225.0,668,,Bank Transfer,4g,,2.0,5.0
CUST04362,SUB04362,PROD005,2348063235751,Customer 4362,F,46-60,LAGOS,South East,Corporate,2023-11-07,Active,post paid,Monthly,Nova Starter,Bundle,8000,23827,,192,8000,Card,3G,-80.0,,
CUST04363,SUB04363,PROD003,2348027357731,Customer 4363,Male,60+,Port Harcourt,North West,STANDARD,2024-02-18,Suspended,POSTPAID,No contract,Nova Hybrid Plus,Bundle,18000,45000MB,1510.0,422,18000,CARD,4g,-999.0,,3.0
CUST04364,SUB04364,PROD002,2348042544945,Customer 4364,Male,46-60,Port Harcourt,South West,Standard,2022-01-26,active,post paid,ANNUAL,Nova Unlimited Voice,Voice,12000,45000MB,1141.0,550,12000,Card,LTE,-90.0,5.0,5.0
CUST04365,SUB04365,PROD004,2348060403612,Customer 4365, f,18-25, Abuja ,South South,Basic,2024-08-07,Active,post paid,ANNUAL,Nova SME Connect,Business,35000,45000MB,,665,35000,Bank Transfer,4g,,2.0,1.0
CUST04366,SUB04366,PROD004,2348092531792,Customer 4366,,60+,Enugu,South West,premium ,2025-11-19,Active,POSTPAID,Annual,Nova SME Connect,Business,35000,10974,3476.0,136,35000,CARD,4G,-80.0,2.0,5.0
CUST04367,SUB04367,PROD004,2348069251742,Customer 4367,Female,60+,Kano,South West,STANDARD,2023-04-23,ACTIVE,Prepaid,No contract,Nova SME Connect,Business,35000,45000MB,,101,35000,,4g,,0.0,5.0
CUST04368,SUB04368,PROD004,2348062160981,Customer 4368,M,18-25,lagos,South East,Premium,2023-12-21,Cancelled,POSTPAID,No contract,Nova SME Connect,Business,35000,47135,3490.0,658,,,LTE,-999.0,2.0,5.0
CUST04369,SUB04369,PROD004,2348082108736,Customer 4369,male,18-25,Enugu,South South,Basic,2021-09-29,Active,POSTPAID,ANNUAL,Nova SME Connect,Business,35000,45000MB,2371.0,618,35000,bank transfer,4g,-999.0,5.0,1.0
CUST04370,SUB04370,PROD004,2348066507112,Customer 4370,male,60+,Lagos,North West,Premium,2023-05-15,,post paid,monthly,Nova SME Connect,Business,35000,,,534,35000,CARD,4G,-71.0,0.0,
CUST04371,SUB04371,PROD001,2348022963112,Customer 4371,FEMALE,46-60,Port Harcourt,South East,STANDARD,2022-03-05,active,post paid,monthly,Nova Premium 5G,Data,25000,45000MB,,51,25000,Bank Transfer,4G,,1.0,2.0
CUST04372,SUB04372,PROD005,2348056984653,Customer 4372,M,60+,Abuja,North West,premium ,2021-11-24,Suspended,prepaid,monthly,Nova Starter,Bundle,8000,55381,164.0,121,8000,Bank Transfer,5G,-999.0,2.0,
CUST04373,SUB04373,PROD005,2348036099936,Customer 4373,,46-60,lagos,North Central,Corporate,2025-08-22,Active,Prepaid,Monthly,Nova Starter,Bundle,8000,45000MB,,83,,Bank Transfer,4G,-999.0,0.0,
CUST04374,SUB04374,PROD005,2348087802527,Customer 4374,Male,60+,Enugu,South West,Basic,2021-05-15,Cancelled,post paid,No contract,Nova Starter,Bundle,8000,45000MB,2632.0,732,8000,CARD,3G,-105.0,5.0,4.0
CUST04375,SUB04375,PROD005,2348020642276,Customer 4375,female,60+,Abuja,South East,Corporate,05/10/2023,,POSTPAID,Annual,Nova Starter,Bundle,8000,,619.0,213,,USSD,,-999.0,2.0,2.0
CUST04376,SUB04376,PROD004,2348056684228,Customer 4376,Male,60+,portharcourt,South West,,2023-11-30,ACTIVE,prepaid,ANNUAL,Nova SME Connect,Business,35000,,1987.0,165,35000,USSD,,,1.0,
CUST04377,SUB04377,PROD002,2348090128843,Customer 4377,Male,36-45,Kano,North West,premium ,2024-05-03,Active,Postpaid,No contract,Nova Unlimited Voice,Voice,12000,45000MB,2314.0,535,12000,Card,,-999.0,0.0,3.0
CUST04378,SUB04378,PROD003,2348032688624,Customer 4378,M,18-25,Lagos,South South,Premium,2021-01-05,Active,POSTPAID,Monthly,Nova Hybrid Plus,Bundle,18000,74143,1827.0,585,,CARD,4G,-999.0,1.0,5.0
CUST04379,SUB04379,PROD004,2348034802130,Customer 4379,Male,36-45, Abuja ,South West,Basic,2023-08-15,Active,prepaid,ANNUAL,Nova SME Connect,Business,35000,,,783,35000,Bank Transfer,5G,-999.0,2.0,2.0
CUST04380,SUB04380,PROD003,2348047477348, Customer 4380 ,F,60+,,South South,premium ,2022-07-31,Suspended,Prepaid,Annual,Nova Hybrid Plus,Bundle,18000,45000MB,,655,18000,,,-107.0,5.0,3.0
CUST04381,SUB04381,PROD004,2348029650054,Customer 4381,F,36-45,LAGOS,North Central,Premium,2021-08-05,Active,prepaid,Annual,Nova SME Connect,Business,35000,,,201,35000,Card,5G,-999.0,0.0,5.0
CUST04382,SUB04382,PROD005,2348032867496,Customer 4382,Male,36-45,LAGOS,North Central,STANDARD,2023-11-04,Active,POSTPAID,No contract,Nova Starter,Bundle,8000,45000MB,,723,,Cash,4g,,1.0,5.0
CUST04383,SUB04383,PROD001,2348087484838,Customer 4383,Female,26-35,Kano,North West,Basic,2021-01-09,active,Prepaid,monthly,Nova Premium 5G,Data,25000,45000MB,3523.0,509,25000,CARD,LTE,-51.0,5.0,2.0
CUST04384,SUB04384,PROD002,2348062921497,Customer 4384,Male,46-60,Port Harcourt,North Central,Standard,2023-11-09,cancelled,POSTPAID,No contract,Nova Unlimited Voice,Voice,12000,,409.0,253,12000,,5G,,5.0,2.0
CUST04385,SUB04385,PROD001,2348037169596,Customer 4385,Male,46-60,Kano,North Central,,2024-04-09,Actv,POSTPAID,monthly,Nova Premium 5G,Data,25000,88027,3864.0,70,25000,Cash,,,5.0,2.0
CUST04386,SUB04386,PROD002,2348095697889,Customer 4386,M,60+,lagos,North West,,2023-12-11,Active,Postpaid,No contract,Nova Unlimited Voice,Voice,12000,,2835.0,560,,Card,4g,-999.0,2.0,3.0
CUST04387,SUB04387,PROD002,2348068246836,Customer 4387,Female,46-60,Kano,North West,premium ,2025-03-31,Cancelled,Prepaid,No contract,Nova Unlimited Voice,Voice,12000,45000MB,,474,12000,Card,,-70.0,2.0,5.0
CUST04388,SUB04388,PROD002,2348020581476,Customer 4388,F,18-25,portharcourt,South East,,2022-02-07,active,Postpaid,monthly,Nova Unlimited Voice,Voice,12000,45000MB,,4,12000,USSD,5G,,1.0,
CUST04389,SUB04389,PROD004,2348093305747,Customer 4389,M,46-60,Kano,North Central,Premium,2025-05-31,SUSPENDED,POSTPAID,No contract,Nova SME Connect,Business,35000,45000MB,3185.0,48,35000,bank transfer,,-75.0,1.0,3.0
CUST04390,SUB04390,PROD004,2348034883548,Customer 4390,Male,36-45, Abuja ,South South,Corporate,2025-06-19,Actv,Postpaid,Annual,Nova SME Connect,Business,35000,45000MB,913.0,377,35000,CARD,5G,-110.0,0.0,
CUST04391,SUB04391,PROD005,2348012705107,Customer 4391,Male,,Port Harcourt,North West,Corporate,2024-11-21,active,post paid,No contract,Nova Starter,Bundle,8000,,2327.0,70,8000,Bank Transfer,5G,,1.0,3.0
CUST04392,SUB04392,PROD004,2348096367807,Customer 4392,Male,36-45, Abuja ,South South,,2021-11-12,Cancelled,Postpaid,Monthly,Nova SME Connect,Business,35000,45000MB,,713,35000,Card,4g,-999.0,2.0,4.0
CUST04393,SUB04393,PROD002,2348050154237,Customer 4393,Female,36-45,LAGOS,South South,Basic,2022-03-13,Active,Prepaid,No contract,Nova Unlimited Voice,Voice,12000,25667,3788.0,498,,Bank Transfer,LTE,,5.0,4.0
CUST04394,SUB04394,PROD002,2348084311703,Customer 4394,,60+,portharcourt,South East,STANDARD,2022-11-02,,POSTPAID,No contract,Nova Unlimited Voice,Voice,12000,,,114,12000,Card,,-999.0,2.0,2.0
CUST04395,SUB04395,PROD002,2348025560576,Customer 4395,F,60+,Lagos,North Central,STANDARD,2023-03-11,Cancelled,Prepaid,Annual,Nova Unlimited Voice,Voice,12000,45000MB,1808.0,733,,CARD,3G,,,4.0
CUST04396,SUB04396,PROD002,2348080742741,Customer 4396,female,46-60,portharcourt,South West,Basic,2023-08-12,active,post paid,Monthly,Nova Unlimited Voice,Voice,12000,64516,495.0,250,12000,CARD,4g,-999.0,,4.0
CUST04397,SUB04397,PROD005,2348031322694,Customer 4397,F,36-45,Abuja,South South,STANDARD,2023-08-28,active,Prepaid,monthly,Nova Starter,Bundle,8000,,3819.0,760,,bank transfer,5G,,0.0,
CUST04398,SUB04398,PROD005,2348042597437,Customer 4398,Female,36-45,lagos,South East,Corporate,2024-02-05,Active,prepaid,No contract,Nova Starter,Bundle,8000,48978,2858.0,5,,CARD,LTE,,5.0,4.0
CUST04399,SUB04399,PROD001,2348037303166,Customer 4399,Female,60+,Ibadan,South West,,2021-07-16,Cancelled,prepaid,Monthly,Nova Premium 5G,Data,25000,81675,3356.0,233,25000,USSD,3G,,,4.0
CUST04400,SUB04400,PROD003,2348091196884, Customer 4400 ,Male,26-35,Kano,South West,,25/05/2022,Actv,POSTPAID,Annual,Nova Hybrid Plus,Bundle,18000,45000MB,,415,18000,bank transfer,4g,-999.0,1.0,2.0
CUST04401,SUB04401,PROD003,2348089604498,Customer 4401,F,36-45,Ibadan,South East,Basic,2024-01-05,Actv,prepaid,Monthly,Nova Hybrid Plus,Bundle,18000,45000MB,,753,18000,Bank Transfer,5G,-63.0,5.0,4.0
CUST04402,SUB04402,PROD003,2348066938910,Customer 4402,Female,, Abuja ,South East,STANDARD,2025-11-25,Active,post paid,monthly,Nova Hybrid Plus,Bundle,18000,69223,,425,18000,Card,5G,-107.0,2.0,3.0
CUST04403,SUB04403,PROD001,2348088916192,Customer 4403,Male,,lagos,North Central,Standard,2025-08-22,active,Postpaid,Monthly,Nova Premium 5G,Data,25000,45000MB,1431.0,319,25000,Bank Transfer,5G,-999.0,,4.0
CUST04404,SUB04404,PROD003,2348034327995,Customer 4404,Male,18-25,portharcourt,South East,Corporate,2021-11-11,Cancelled,POSTPAID,ANNUAL,Nova Hybrid Plus,Bundle,18000,45000MB,376.0,670,18000,Bank Transfer,,-91.0,5.0,1.0
CUST04405,SUB04405,PROD001,2348037377512,Customer 4405,M,46-60,,South South,,2024-01-13,Cancelled,prepaid,monthly,Nova Premium 5G,Data,25000,45000MB,,476,,Card,4G,-999.0,2.0,3.0
CUST04406,SUB04406,PROD005,2348061425646,Customer 4406,Female,60+,portharcourt,South East,Premium,2023-06-30,Active,prepaid,ANNUAL,Nova Starter,Bundle,8000,45000MB,,90,8000,,,,5.0,2.0
CUST04407,SUB04407,PROD005,2348028978994,Customer 4407,,60+,Port Harcourt,North West,premium ,2024-11-09,Active,post paid,No contract,Nova Starter,Bundle,8000,55001,3392.0,345,8000,,5G,-102.0,1.0,4.0
CUST04408,SUB04408,PROD003,2348024128118,Customer 4408,Female,,Abuja,South West,premium ,2025-12-03,Active,prepaid,Monthly,Nova Hybrid Plus,Bundle,18000,45000MB,,318,,Card,4G,-76.0,0.0,2.0
CUST04409,SUB04409,PROD002,2348020639823,Customer 4409,M,26-35,LAGOS,South West,premium ,2022-07-29,Active,Prepaid,No contract,Nova Unlimited Voice,Voice,12000,45000MB,3406.0,64,12000,CARD,3G,-73.0,0.0,5.0
CUST04410,SUB04410,PROD002,2348092833452,Customer 4410,FEMALE,18-25,Ibadan,South South,premium ,2025-04-01,cancelled,Prepaid,Annual,Nova Unlimited Voice,Voice,12000,45000MB,,420,,CARD,3G,-68.0,5.0,5.0
CUST04411,SUB04411,PROD002,2348067458446,Customer 4411,,60+,Kano,South East,Basic,2021-06-05,,prepaid,Monthly,Nova Unlimited Voice,Voice,12000,45000MB,1280.0,616,,USSD,3G,-999.0,,2.0
CUST04412,SUB04412,PROD003,2348044124911,Customer 4412,F,36-45,Abuja,North West,Premium,2022-03-15,Active,prepaid,Monthly,Nova Hybrid Plus,Bundle,18000,,943.0,205,,,4G,-999.0,5.0,3.0
CUST04413,SUB04413,PROD004,2348050799980,Customer 4413,Female,26-35,Port Harcourt,South South,Standard,2025-06-11,Active,Postpaid,ANNUAL,Nova SME Connect,Business,35000,33749,1188.0,419,,bank transfer,4g,,1.0,2.0
CUST04414,SUB04414,PROD002,2348086698136,Customer 4414,male,36-45,Kano,North Central,Basic,2024-03-02,Cancelled,prepaid,monthly,Nova Unlimited Voice,Voice,12000,69081,3573.0,460,,Card,4g,-88.0,0.0,3.0
CUST04415,SUB04415,PROD004,2348044264781,Customer 4415,F,,LAGOS,North West,Premium,2021-08-19,Active,Postpaid,ANNUAL,Nova SME Connect,Business,35000,45000MB,,325,35000,bank transfer,4G,-104.0,5.0,1.0
CUST04416,SUB04416,PROD004,2348031091024,Customer 4416,FEMALE,36-45,portharcourt,South South,Corporate,2022-03-18,,prepaid,monthly,Nova SME Connect,Business,35000,45000MB,3520.0,11,,CARD,,-999.0,1.0,4.0
CUST04417,SUB04417,PROD003,2348044162404,Customer 4417,Male,60+,Enugu,North West,,2021-08-04,active,post paid,Annual,Nova Hybrid Plus,Bundle,18000,38148,,764,,,3G,-108.0,0.0,
CUST04418,SUB04418,PROD003,2348030499848,Customer 4418, f,60+,Enugu,North West,Basic,2021-08-08,cancelled,Prepaid,No contract,Nova Hybrid Plus,Bundle,18000,7348,2146.0,192,18000,bank transfer,4g,,,
CUST04419,SUB04419,PROD002,2348097970500,Customer 4419,Female,,Port Harcourt,South West,Corporate,2024-08-06,Active,prepaid,No contract,Nova Unlimited Voice,Voice,12000,45000MB,,89,12000,Bank Transfer,LTE,-71.0,0.0,4.0
CUST04420,SUB04420,PROD004,2348023647195, Customer 4420 ,Female,26-35,Enugu,North West,Standard,2025-08-28,Cancelled,post paid,No contract,Nova SME Connect,Business,35000,,3957.0,311,,Bank Transfer,LTE,-999.0,5.0,1.0
CUST04421,SUB04421,PROD004,2348024435204,Customer 4421,,60+,Kano,North West,STANDARD,2025-08-07,Active,Postpaid,No contract,Nova SME Connect,Business,35000,,,324,,Bank Transfer,,,2.0,3.0
CUST04422,SUB04422,PROD005,2348042480200,Customer 4422,F,,lagos,South West,Standard,2022-03-02,,Prepaid,Annual,Nova Starter,Bundle,8000,30446,,793,8000,Cash,LTE,-81.0,2.0,4.0
CUST04423,SUB04423,PROD001,2348042172011,Customer 4423,F,18-25,lagos,North Central,Premium,2022-08-11,,post paid,Annual,Nova Premium 5G,Data,25000,,3239.0,717,25000,USSD,4g,,5.0,4.0
CUST04424,SUB04424,PROD004,2348023060066,Customer 4424,Female,26-35,Ibadan,North Central,Premium,2023-10-26,Cancelled,Postpaid,ANNUAL,Nova SME Connect,Business,35000,62159,3287.0,347,35000,CARD,3G,-63.0,5.0,5.0
CUST04425,SUB04425,PROD001,2348051015634,Customer 4425,Male,46-60,portharcourt,North West,Corporate,30/12/2024,active,post paid,ANNUAL,Nova Premium 5G,Data,25000,,,622,25000,USSD,3G,,0.0,1.0
CUST04426,SUB04426,PROD001,2348074491335,Customer 4426,,,Port Harcourt,South South,,2023-01-09,Active,Prepaid,No contract,Nova Premium 5G,Data,25000,13773,,76,,USSD,4g,-73.0,0.0,3.0
CUST04427,SUB04427,PROD003,2348025758431,Customer 4427,F,,LAGOS,North West,Basic,2021-10-17,active,Prepaid,Annual,Nova Hybrid Plus,Bundle,18000,45000MB,1072.0,536,18000,CARD,4G,-57.0,5.0,3.0
CUST04428,SUB04428,PROD003,2348045326679,Customer 4428,M,46-60,Ibadan,North Central,premium ,2024-11-18,active,Prepaid,No contract,Nova Hybrid Plus,Bundle,18000,71343,,618,18000,Card,3G,-999.0,1.0,1.0
CUST04429,SUB04429,PROD002,2348045263242,Customer 4429,M,60+,lagos,North West,premium ,2022-01-05,cancelled,Prepaid,ANNUAL,Nova Unlimited Voice,Voice,12000,18281,2719.0,85,12000,bank transfer,4g,,5.0,1.0
CUST04430,SUB04430,PROD005,2348082977379,Customer 4430,female,26-35,Abuja,South South,premium ,2024-09-09,active,prepaid,Annual,Nova Starter,Bundle,8000,85388,2826.0,48,,bank transfer,LTE,,0.0,
CUST04431,SUB04431,PROD004,2348030936116,Customer 4431,F,36-45,Lagos,North Central,Corporate,2022-12-23,,Prepaid,No contract,Nova SME Connect,Business,35000,45000MB,,437,35000,bank transfer,4G,-999.0,5.0,
CUST04432,SUB04432,PROD005,2348098059202,Customer 4432,Female,26-35,Kano,South South,STANDARD,2024-11-12,Suspended,post paid,Annual,Nova Starter,Bundle,8000,,719.0,273,8000,Cash,3G,,5.0,2.0
CUST04433,SUB04433,PROD001,2348039670133,Customer 4433, f,18-25,Abuja,South West,,2024-04-06,cancelled,post paid,No contract,Nova Premium 5G,Data,25000,45000MB,3840.0,68,25000,Cash,LTE,-999.0,2.0,4.0
CUST04434,SUB04434,PROD004,2348033358197,Customer 4434,MALE,36-45,Port Harcourt,South West,premium ,2023-01-16,ACTIVE,POSTPAID,No contract,Nova SME Connect,Business,35000,45000MB,,103,35000,bank transfer,4G,-999.0,2.0,5.0
CUST04435,SUB04435,PROD004,2348067000000,Customer 4435,Male,36-45,portharcourt,South East,STANDARD,2021-10-14,ACTIVE,POSTPAID,ANNUAL,Nova SME Connect,Business,35000,45000MB,624.0,118,,USSD,3G,-94.0,5.0,1.0
CUST04436,SUB04436,PROD005,2348061713541,Customer 4436,FEMALE,46-60,Ibadan,North West,Premium,2021-05-23,cancelled,Postpaid,No contract,Nova Starter,Bundle,8000,,720.0,422,8000,USSD,LTE,-999.0,1.0,3.0
CUST04437,SUB04437,PROD004,2348074844945,Customer 4437,Male,60+,,South South,premium ,2025-03-21,Suspended,POSTPAID,monthly,Nova SME Connect,Business,35000,45000MB,,562,35000,CARD,4G,-86.0,2.0,4.0
CUST04438,SUB04438,PROD004,2348034122347,Customer 4438,Female,18-25,portharcourt,South West,Premium,2022-04-18,Suspended,POSTPAID,monthly,Nova SME Connect,Business,35000,23488,3463.0,241,,bank transfer,4G,-999.0,5.0,5.0
CUST04439,SUB04439,PROD003,2348046907774,Customer 4439,,46-60, Abuja ,North West,Premium,2023-11-12,SUSPENDED,POSTPAID,Monthly,Nova Hybrid Plus,Bundle,18000,24208,3682.0,300,18000,bank transfer,3G,-999.0,2.0,
CUST04440,SUB04440,PROD002,2348032977919, Customer 4440 ,Male,, Abuja ,South West,Corporate,2024-06-13,SUSPENDED,prepaid,monthly,Nova Unlimited Voice,Voice,12000,,3919.0,477,12000,CARD,4g,-999.0,0.0,5.0
CUST04441,SUB04441,PROD001,2348058396836,Customer 4441,Male,26-35,Ibadan,South East,Premium,2021-02-18,Suspended,Postpaid,ANNUAL,Nova Premium 5G,Data,25000,,,246,,bank transfer,,-103.0,5.0,3.0
CUST04442,SUB04442,PROD004,2348093284239,Customer 4442,Female,60+, Abuja ,South South,STANDARD,2023-06-27,cancelled,Prepaid,ANNUAL,Nova SME Connect,Business,35000,42556,,565,35000,bank transfer,4G,-73.0,1.0,3.0
CUST04443,SUB04443,PROD003,2348060285262,Customer 4443,Female,60+,,South South,Basic,2024-07-29,cancelled,prepaid,monthly,Nova Hybrid Plus,Bundle,18000,56658,,333,,bank transfer,,-999.0,5.0,4.0
CUST04444,SUB04444,PROD005,2348089590235,Customer 4444,Female,18-25,Abuja,South South,premium ,2024-10-15,Active,Postpaid,Monthly,Nova Starter,Bundle,8000,,1841.0,721,8000,Card,3G,-78.0,0.0,3.0
CUST04445,SUB04445,PROD001,2348096201454,Customer 4445,,,Abuja,North Central,Standard,2025-10-22,active,Postpaid,No contract,Nova Premium 5G,Data,25000,45000MB,,392,25000,Cash,4g,-80.0,5.0,3.0
CUST04446,SUB04446,PROD001,2348022633928,Customer 4446,Female,46-60,Kano,North Central,Premium,2021-08-03,Cancelled,prepaid,Annual,Nova Premium 5G,Data,25000,,2802.0,327,,CARD,3G,,0.0,2.0
CUST04447,SUB04447,PROD003,2348040897123,Customer 4447,F,46-60,lagos,North West,Basic,2025-10-19,cancelled,Prepaid,Monthly,Nova Hybrid Plus,Bundle,18000,45000MB,3461.0,408,,USSD,LTE,-999.0,,5.0
CUST04448,SUB04448,PROD005,2348031505300,Customer 4448,MALE,26-35,Abuja,North Central,,2025-02-09,SUSPENDED,Postpaid,ANNUAL,Nova Starter,Bundle,8000,56154,2193.0,147,,Card,LTE,,5.0,2.0
CUST04449,SUB04449,PROD005,2348036288643,Customer 4449,Female,46-60,portharcourt,North West,STANDARD,2022-06-01,Cancelled,Prepaid,No contract,Nova Starter,Bundle,8000,45000MB,2845.0,705,8000,,LTE,-103.0,0.0,
CUST04450,SUB04450,PROD002,2348092949157,Customer 4450,female,60+,Lagos,North Central,Standard,10/12/2021,ACTIVE,Postpaid,monthly,Nova Unlimited Voice,Voice,12000,14783,3685.0,394,12000,bank transfer,4g,,1.0,5.0
CUST04451,SUB04451,PROD001,2348025719335,Customer 4451,m ,,Lagos,North Central,Corporate,2023-08-05,active,post paid,Monthly,Nova Premium 5G,Data,25000,45000MB,,490,,Bank Transfer,5G,-91.0,5.0,5.0
CUST04452,SUB04452,PROD005,2348027419619,Customer 4452,Female,60+,lagos,North Central,Standard,2024-03-12,active,Prepaid,monthly,Nova Starter,Bundle,8000,32466,1682.0,201,,,LTE,,5.0,3.0
CUST04453,SUB04453,PROD002,2348056706232,Customer 4453,Female,36-45,Enugu,North Central,,2024-09-01,active,Prepaid,Monthly,Nova Unlimited Voice,Voice,12000,,,428,,CARD,4g,-999.0,2.0,
CUST04454,SUB04454,PROD001,2348038140765,Customer 4454,,36-45,LAGOS,South West,Standard,2021-12-02,ACTIVE,Prepaid,monthly,Nova Premium 5G,Data,25000,,1001.0,614,25000,bank transfer,,-59.0,0.0,4.0
CUST04455,SUB04455,PROD002,2348043774947,Customer 4455,Male,26-35,LAGOS,North Central,Standard,2025-04-24,active,Prepaid,Monthly,Nova Unlimited Voice,Voice,12000,45000MB,,84,12000,Cash,,,,4.0
CUST04456,SUB04456,PROD002,2348050595673,Customer 4456,M,18-25,Enugu,South East,Basic,2025-05-30,ACTIVE,prepaid,ANNUAL,Nova Unlimited Voice,Voice,12000,21092,1685.0,560,,,4G,-96.0,2.0,1.0
CUST04457,SUB04457,PROD002,2348066621843,Customer 4457,Male,60+, Abuja ,South South,Standard,2021-06-01,SUSPENDED,Postpaid,ANNUAL,Nova Unlimited Voice,Voice,12000,62907,575.0,674,12000,CARD,,-999.0,2.0,5.0
CUST04458,SUB04458,PROD001,2348077370993,Customer 4458,female,46-60,,North Central,Premium,2021-12-13,Cancelled,Postpaid,monthly,Nova Premium 5G,Data,25000,3371,,172,,Card,4G,-54.0,0.0,5.0
CUST04459,SUB04459,PROD004,2348031710160,Customer 4459,Female,46-60,Abuja,North West,Standard,2022-08-06,Suspended,Prepaid,No contract,Nova SME Connect,Business,35000,,1893.0,275,35000,Card,LTE,-84.0,0.0,1.0
CUST04460,SUB04460,PROD003,2348024106152, Customer 4460 ,Female,,Abuja,South South,Standard,2025-05-09,Active,Postpaid,ANNUAL,Nova Hybrid Plus,Bundle,18000,45000MB,1505.0,733,,,4G,,0.0,3.0
CUST04461,SUB04461,PROD003,2348058099498,Customer 4461,Male,18-25,Kano,South East,,2025-01-01,Active,Prepaid,monthly,Nova Hybrid Plus,Bundle,18000,,,121,,,4G,-79.0,,
CUST04462,SUB04462,PROD003,2348074331195,Customer 4462,Female,, Abuja ,South East,Premium,2024-04-11,SUSPENDED,Postpaid,Annual,Nova Hybrid Plus,Bundle,18000,9010,455.0,16,18000,Card,4g,-999.0,5.0,3.0
CUST04463,SUB04463,PROD003,2348011654818,Customer 4463,male,26-35,Ibadan,North West,premium ,2024-12-11,Actv,Postpaid,Monthly,Nova Hybrid Plus,Bundle,18000,85525,,360,,USSD,LTE,-103.0,,4.0
CUST04464,SUB04464,PROD002,2348017341086,Customer 4464,Unknown,46-60,Kano,South East,Standard,2024-08-27,active,POSTPAID,No contract,Nova Unlimited Voice,Voice,12000,,,629,12000,CARD,3G,-76.0,2.0,3.0
CUST04465,SUB04465,PROD001,2348026173531,Customer 4465,Unknown,46-60,Kano,South South,STANDARD,2025-11-27,SUSPENDED,post paid,ANNUAL,Nova Premium 5G,Data,25000,64060,,738,25000,Card,3G,-101.0,1.0,1.0
CUST04466,SUB04466,PROD003,2348024782070,Customer 4466,male,26-35, Abuja ,North West,,2023-02-12,active,Prepaid,ANNUAL,Nova Hybrid Plus,Bundle,18000,45000MB,,248,,Card,5G,-76.0,5.0,4.0
CUST04467,SUB04467,PROD004,2348081503721,Customer 4467,Female,,Kano,North West,Corporate,2022-09-08,Cancelled,prepaid,Annual,Nova SME Connect,Business,35000,76990,,110,35000,,4G,,,5.0
CUST04468,SUB04468,PROD004,2348020897019,Customer 4468,Female,60+,portharcourt,North West,premium ,2023-04-18,,prepaid,No contract,Nova SME Connect,Business,35000,73322,,409,35000,USSD,,-82.0,1.0,1.0
CUST04469,SUB04469,PROD002,2348041707817,Customer 4469,Male,18-25, Abuja ,North Central,premium ,2021-11-01,SUSPENDED,post paid,monthly,Nova Unlimited Voice,Voice,12000,45000MB,,685,,bank transfer,,-999.0,,
CUST04470,SUB04470,PROD003,2348094303987,Customer 4470,Female,26-35,Port Harcourt,North Central,,2024-06-24,Active,post paid,ANNUAL,Nova Hybrid Plus,Bundle,18000,,3149.0,318,18000,,5G,,,4.0
CUST04471,SUB04471,PROD005,2348032374300,Customer 4471,female,60+,Port Harcourt,North Central,Corporate,2024-01-14,Cancelled,post paid,monthly,Nova Starter,Bundle,8000,45000MB,,447,,USSD,3G,,1.0,3.0
CUST04472,SUB04472,PROD004,2348011093878,Customer 4472,Male,,,North Central,Premium,2022-08-18,ACTIVE,Postpaid,Annual,Nova SME Connect,Business,35000,,2092.0,334,,Bank Transfer,,-999.0,0.0,4.0
CUST04473,SUB04473,PROD005,2348072529629,Customer 4473, f,60+,LAGOS,South South,Premium,2023-12-13,Active,POSTPAID,Monthly,Nova Starter,Bundle,8000,45000MB,1757.0,42,8000,Card,4G,-999.0,0.0,1.0
CUST04474,SUB04474,PROD002,2348090866444,Customer 4474,F,26-35,Enugu,North West,Corporate,2025-10-19,Active,Prepaid,Monthly,Nova Unlimited Voice,Voice,12000,41839,3666.0,413,12000,CARD,3G,-999.0,2.0,1.0
CUST04475,SUB04475,PROD002,2348014158049,Customer 4475,Female,,portharcourt,North West,Standard,09/12/2021,Cancelled,Prepaid,Monthly,Nova Unlimited Voice,Voice,12000,,,544,,bank transfer,4G,-72.0,,2.0
CUST04476,SUB04476,PROD005,2348048833134,Customer 4476,FEMALE,26-35,,South West,premium ,2021-02-12,Suspended,POSTPAID,monthly,Nova Starter,Bundle,8000,45000MB,,670,8000,bank transfer,5G,-78.0,1.0,3.0
CUST04477,SUB04477,PROD001,2348050759223,Customer 4477,Female,,lagos,North West,Standard,2022-03-20,Active,prepaid,Annual,Nova Premium 5G,Data,25000,45000MB,,200,25000,Card,,-71.0,1.0,
CUST04478,SUB04478,PROD003,2348010528381,Customer 4478,Female,60+,LAGOS,North West,STANDARD,2024-06-11,Active,Postpaid,Monthly,Nova Hybrid Plus,Bundle,18000,31511,,261,18000,bank transfer,4g,-108.0,1.0,2.0
CUST04479,SUB04479,PROD005,2348041719943,Customer 4479,m ,,lagos,South South,Standard,2022-10-08,Active,Prepaid,ANNUAL,Nova Starter,Bundle,8000,69956,,721,,Card,,,2.0,2.0
CUST04480,SUB04480,PROD005,2348063296806, Customer 4480 ,F,26-35,lagos,North Central,Premium,2024-08-03,ACTIVE,POSTPAID,Monthly,Nova Starter,Bundle,8000,,,212,8000,,4g,-58.0,2.0,5.0
CUST04481,SUB04481,PROD005,2348011852301,Customer 4481,Male,18-25,lagos,South West,,2022-12-06,Active,post paid,No contract,Nova Starter,Bundle,8000,2020,606.0,773,,Card,4g,,0.0,5.0
CUST04482,SUB04482,PROD001,2348056737154,Customer 4482,Male,18-25,lagos,North West,STANDARD,2024-12-10,active,post paid,No contract,Nova Premium 5G,Data,25000,45000MB,204.0,662,,USSD,3G,-105.0,1.0,5.0
CUST04483,SUB04483,PROD002,2348086509213,Customer 4483,Female,46-60,Port Harcourt,South South,Corporate,2022-02-27,ACTIVE,POSTPAID,Monthly,Nova Unlimited Voice,Voice,12000,,,709,,Card,,,1.0,5.0
CUST04484,SUB04484,PROD004,2348017044534,Customer 4484,M,26-35,Abuja,South South,premium ,2022-10-23,active,Postpaid,Monthly,Nova SME Connect,Business,35000,50835,1425.0,629,,Card,,,2.0,4.0
CUST04485,SUB04485,PROD003,2348064847954,Customer 4485,Male,60+,portharcourt,South West,premium ,2024-02-26,cancelled,Prepaid,monthly,Nova Hybrid Plus,Bundle,18000,34222,,116,18000,CARD,4g,,5.0,
CUST04486,SUB04486,PROD002,2348044748674,Customer 4486,m ,46-60,Kano,North Central,Basic,2024-01-19,ACTIVE,post paid,ANNUAL,Nova Unlimited Voice,Voice,12000,,3041.0,82,12000,,4g,-70.0,5.0,
CUST04487,SUB04487,PROD004,2348041743972,Customer 4487,Female,,Lagos,North West,Corporate,2021-04-15,active,Prepaid,ANNUAL,Nova SME Connect,Business,35000,45000MB,3121.0,695,35000,CARD,3G,-71.0,0.0,1.0
CUST04488,SUB04488,PROD003,2348091339514,Customer 4488,M,46-60,Kano,North West,Premium,2024-10-27,Active,POSTPAID,monthly,Nova Hybrid Plus,Bundle,18000,35094,3798.0,251,,,3G,-85.0,1.0,2.0
CUST04489,SUB04489,PROD004,2348088211391,Customer 4489,Female,26-35,Ibadan,South South,,2023-03-27,Cancelled,prepaid,monthly,Nova SME Connect,Business,35000,,,749,,bank transfer,4g,-62.0,0.0,1.0
CUST04490,SUB04490,PROD003,2348076450104,Customer 4490,Female,60+,Abuja,South West,STANDARD,2022-08-27,Cancelled,prepaid,No contract,Nova Hybrid Plus,Bundle,18000,,,176,18000,CARD,4G,-999.0,0.0,4.0
CUST04491,SUB04491,PROD005,2348069889630,Customer 4491,M,,lagos,South East,,2024-07-12,,POSTPAID,monthly,Nova Starter,Bundle,8000,2609,,684,8000,,5G,-999.0,,1.0
CUST04492,SUB04492,PROD005,2348050442185,Customer 4492,Male,26-35,LAGOS,South West,STANDARD,2021-05-30,Active,Prepaid,ANNUAL,Nova Starter,Bundle,8000,40695,481.0,450,8000,Cash,,-105.0,,5.0
CUST04493,SUB04493,PROD002,2348092458992,Customer 4493,Female,18-25,portharcourt,South East,STANDARD,2025-01-13,,POSTPAID,ANNUAL,Nova Unlimited Voice,Voice,12000,45000MB,,530,12000,CARD,,-78.0,,
CUST04494,SUB04494,PROD002,2348058972297,Customer 4494,FEMALE,,Kano,South South,Premium,2022-03-24,,Postpaid,No contract,Nova Unlimited Voice,Voice,12000,84504,60.0,130,12000,USSD,4g,-999.0,,2.0
CUST04495,SUB04495,PROD005,2348036244258,Customer 4495,F,18-25,LAGOS,South West,Corporate,2022-07-08,Active,POSTPAID,Monthly,Nova Starter,Bundle,8000,45000MB,,353,8000,CARD,4G,,5.0,4.0
CUST04496,SUB04496,PROD004,2348040773016,Customer 4496,Male,,lagos,South West,Standard,2022-01-09,Active,Postpaid,Annual,Nova SME Connect,Business,35000,,,64,,USSD,3G,,2.0,3.0
CUST04497,SUB04497,PROD001,2348069686399,Customer 4497,female,60+,portharcourt,North Central,,2025-04-12,active,Prepaid,Monthly,Nova Premium 5G,Data,25000,,1483.0,611,,Cash,3G,-61.0,,
CUST04498,SUB04498,PROD002,2348060592471,Customer 4498,Female,46-60,lagos,South West,Standard,2021-04-20,SUSPENDED,prepaid,Monthly,Nova Unlimited Voice,Voice,12000,20083,1856.0,279,,Bank Transfer,,,0.0,2.0
CUST04499,SUB04499,PROD005,2348022468687,Customer 4499,Male,26-35,Ibadan,North West,Basic,2024-01-27,cancelled,prepaid,Monthly,Nova Starter,Bundle,8000,76289,,388,8000,Bank Transfer,4g,-999.0,2.0,1.0
CUST04500,SUB04500,PROD002,2348024845417, Customer 4500 ,Female,36-45,portharcourt,North Central,Premium,17/12/2023,cancelled,POSTPAID,Annual,Nova Unlimited Voice,Voice,12000,45000MB,3332.0,321,,USSD,,-98.0,0.0,1.0
CUST04501,SUB04501,PROD003,2348027953557,Customer 4501,female,36-45,,North West,Basic,2022-07-30,Active,prepaid,monthly,Nova Hybrid Plus,Bundle,18000,45000MB,326.0,111,,USSD,LTE,-999.0,2.0,1.0
CUST04502,SUB04502,PROD003,2348093059191,Customer 4502, f,,Enugu,South East,Premium,2021-10-26,Active,Prepaid,Annual,Nova Hybrid Plus,Bundle,18000,45000MB,,420,,Card,,-999.0,,2.0
CUST04503,SUB04503,PROD005,2348096344433,Customer 4503,Female,,Abuja,South West,,2025-03-06,Suspended,POSTPAID,ANNUAL,Nova Starter,Bundle,8000,,,113,,USSD,4G,-999.0,1.0,
CUST04504,SUB04504,PROD001,2348059217288,Customer 4504,Female,36-45,LAGOS,South East,Premium,2023-01-26,Cancelled,Postpaid,Monthly,Nova Premium 5G,Data,25000,45000MB,2829.0,596,25000,USSD,5G,-104.0,0.0,4.0
CUST04505,SUB04505,PROD003,2348043965977,Customer 4505,Female,,LAGOS,South East,Basic,2023-08-13,Actv,Prepaid,monthly,Nova Hybrid Plus,Bundle,18000,62558,1716.0,32,18000,bank transfer,LTE,-72.0,5.0,1.0
CUST04506,SUB04506,PROD001,2348078344780,Customer 4506,M,36-45, Abuja ,South South,STANDARD,2022-04-20,Suspended,Postpaid,monthly,Nova Premium 5G,Data,25000,45000MB,,361,,CARD,4g,,0.0,2.0
CUST04507,SUB04507,PROD002,2348018446262,Customer 4507,female,26-35,Port Harcourt,North West,Premium,2025-05-06,active,post paid,No contract,Nova Unlimited Voice,Voice,12000,26220,,17,,USSD,,-999.0,0.0,1.0
CUST04508,SUB04508,PROD001,2348042065521,Customer 4508,Male,60+,Enugu,South East,Standard,2022-07-31,Active,POSTPAID,ANNUAL,Nova Premium 5G,Data,25000,45000MB,462.0,719,25000,CARD,3G,,5.0,3.0
CUST04509,SUB04509,PROD004,2348027069120,Customer 4509,Male,26-35,Ibadan,South South,STANDARD,2025-08-31,Suspended,POSTPAID,monthly,Nova SME Connect,Business,35000,24965,814.0,212,,Card,4g,,2.0,3.0
CUST04510,SUB04510,PROD004,2348018651396,Customer 4510,FEMALE,18-25,Abuja,South South,Basic,2024-12-15,ACTIVE,POSTPAID,ANNUAL,Nova SME Connect,Business,35000,38888,3996.0,683,35000,CARD,3G,,1.0,
CUST04511,SUB04511,PROD005,2348028762472,Customer 4511,Male,60+,portharcourt,South West,premium ,2023-01-10,active,POSTPAID,monthly,Nova Starter,Bundle,8000,54598,,446,8000,Card,LTE,,5.0,2.0
CUST04512,SUB04512,PROD001,2348099447036,Customer 4512,Male,46-60,Lagos,North West,premium ,2022-04-16,Active,post paid,ANNUAL,Nova Premium 5G,Data,25000,45000MB,1448.0,268,25000,,5G,,2.0,4.0
CUST04513,SUB04513,PROD005,2348048714574,Customer 4513,F,26-35,lagos,South South,,2025-10-03,ACTIVE,post paid,Monthly,Nova Starter,Bundle,8000,,,157,8000,Card,3G,-999.0,1.0,4.0
CUST04514,SUB04514,PROD002,2348020385995,Customer 4514,male,46-60,Ibadan,North Central,premium ,2022-10-04,active,POSTPAID,No contract,Nova Unlimited Voice,Voice,12000,2544,911.0,522,,bank transfer,,-70.0,5.0,2.0
CUST04515,SUB04515,PROD001,2348083469854,Customer 4515,M,60+,Kano,North Central,STANDARD,2021-03-13,SUSPENDED,Prepaid,Annual,Nova Premium 5G,Data,25000,45000MB,153.0,704,25000,,,,5.0,4.0
CUST04516,SUB04516,PROD001,2348072339748,Customer 4516,Female,36-45,,South West,Basic,2025-06-19,,Postpaid,monthly,Nova Premium 5G,Data,25000,42738,,48,25000,USSD,3G,,1.0,3.0
CUST04517,SUB04517,PROD003,2348022860460,Customer 4517,Female,46-60,Lagos,South South,premium ,2024-03-31,Active,POSTPAID,No contract,Nova Hybrid Plus,Bundle,18000,,,549,,,5G,-56.0,1.0,2.0
CUST04518,SUB04518,PROD005,2348020575176,Customer 4518,Female,36-45,LAGOS,South East,Basic,2023-01-06,Active,POSTPAID,Monthly,Nova Starter,Bundle,8000,45000MB,,655,,Bank Transfer,LTE,-100.0,5.0,5.0
CUST04519,SUB04519,PROD001,2348096221352,Customer 4519,Female,18-25,Kano,North Central,STANDARD,2021-06-14,Active,Postpaid,ANNUAL,Nova Premium 5G,Data,25000,52207,1720.0,572,,,4G,-105.0,5.0,2.0
CUST04520,SUB04520,PROD003,2348019510291, Customer 4520 ,Male,26-35,lagos,North West,Premium,2023-02-21,Cancelled,post paid,monthly,Nova Hybrid Plus,Bundle,18000,,,641,,USSD,4G,-69.0,2.0,
CUST04521,SUB04521,PROD001,2348046577550,Customer 4521,female,36-45,Lagos,North Central,Premium,2024-02-04,Cancelled,POSTPAID,Monthly,Nova Premium 5G,Data,25000,,2677.0,247,25000,bank transfer,LTE,,0.0,5.0
CUST04522,SUB04522,PROD001,2348098215403,Customer 4522,female,46-60,portharcourt,North West,Basic,2021-12-16,Active,Prepaid,Annual,Nova Premium 5G,Data,25000,,,387,25000,Card,5G,-53.0,1.0,2.0
CUST04523,SUB04523,PROD003,2348055640583,Customer 4523,Female,26-35,Kano,North West,Corporate,2024-09-24,SUSPENDED,Prepaid,Monthly,Nova Hybrid Plus,Bundle,18000,73132,,397,18000,bank transfer,4G,,,4.0
CUST04524,SUB04524,PROD003,2348082490481,Customer 4524,Male,46-60,Enugu,North Central,Premium,2021-10-27,Actv,POSTPAID,Monthly,Nova Hybrid Plus,Bundle,18000,,,178,18000,Card,LTE,-87.0,5.0,2.0
CUST04525,SUB04525,PROD004,2348029191540,Customer 4525,female,46-60,Kano,South West,Corporate,22/05/2022,Actv,POSTPAID,Annual,Nova SME Connect,Business,35000,45000MB,,254,,Card,4g,,5.0,
CUST04526,SUB04526,PROD005,2348053387371,Customer 4526,female,26-35,Port Harcourt,South West,,2023-05-28,Suspended,prepaid,monthly,Nova Starter,Bundle,8000,45179,,653,,CARD,4G,-108.0,1.0,3.0
CUST04527,SUB04527,PROD002,2348011622498,Customer 4527,Male,26-35,Kano,North West,Premium,2025-09-24,cancelled,post paid,monthly,Nova Unlimited Voice,Voice,12000,75837,,415,,CARD,4G,,1.0,4.0
CUST04528,SUB04528,PROD001,2348036747904,Customer 4528,F,,Port Harcourt,South West,Basic,2024-01-16,Suspended,Prepaid,Monthly,Nova Premium 5G,Data,25000,,,763,25000,CARD,LTE,-106.0,0.0,5.0
CUST04529,SUB04529,PROD001,2348010165218,Customer 4529,Male,46-60,lagos,South West,Corporate,2022-08-17,SUSPENDED,post paid,Annual,Nova Premium 5G,Data,25000,5398,,531,,,LTE,-97.0,1.0,5.0
CUST04530,SUB04530,PROD005,2348017759598,Customer 4530,Female,,lagos,South West,premium ,2022-10-25,Actv,Postpaid,ANNUAL,Nova Starter,Bundle,8000,,1803.0,121,8000,CARD,LTE,-62.0,1.0,4.0
CUST04531,SUB04531,PROD001,2348027246400,Customer 4531,male,60+,Port Harcourt,South South,Premium,2021-01-20,Active,Prepaid,monthly,Nova Premium 5G,Data,25000,86407,3943.0,750,,bank transfer,4G,-51.0,0.0,2.0
CUST04532,SUB04532,PROD002,2348022662560,Customer 4532,Female,60+,Port Harcourt,South South,,2024-03-08,SUSPENDED,post paid,ANNUAL,Nova Unlimited Voice,Voice,12000,14168,,698,12000,CARD,5G,,0.0,3.0
CUST04533,SUB04533,PROD005,2348042281086,Customer 4533,Male,36-45,Abuja,North West,Corporate,2023-06-26,Active,Prepaid,Annual,Nova Starter,Bundle,8000,16838,,451,8000,,3G,-95.0,1.0,2.0
CUST04534,SUB04534,PROD003,2348087716119,Customer 4534,,26-35,Abuja,South South,premium ,2021-08-13,Cancelled,post paid,Monthly,Nova Hybrid Plus,Bundle,18000,,,206,,Card,,,2.0,2.0
CUST04535,SUB04535,PROD005,2348017660036,Customer 4535,Female,26-35,Abuja,South East,Premium,2024-06-29,active,Prepaid,Annual,Nova Starter,Bundle,8000,76327,2579.0,238,8000,Cash,4G,-70.0,5.0,3.0
CUST04536,SUB04536,PROD001,2348096719245,Customer 4536, f,,Ibadan,South West,,2023-10-25,cancelled,Postpaid,No contract,Nova Premium 5G,Data,25000,12198,,606,25000,Bank Transfer,3G,-999.0,1.0,
CUST04537,SUB04537,PROD004,2348023643087,Customer 4537,Female,36-45,Abuja,South East,Corporate,2022-12-21,cancelled,post paid,ANNUAL,Nova SME Connect,Business,35000,45000MB,,653,35000,,4g,,0.0,2.0
CUST04538,SUB04538,PROD005,2348060792121,Customer 4538,M,18-25,Kano,North West,Corporate,2024-01-31,Active,Prepaid,Monthly,Nova Starter,Bundle,8000,45000MB,3260.0,126,,Cash,3G,-999.0,2.0,5.0
CUST04539,SUB04539,PROD002,2348077379832,Customer 4539,Female,36-45,lagos,North West,Corporate,2024-06-13,Cancelled,Postpaid,Annual,Nova Unlimited Voice,Voice,12000,,,207,12000,Cash,4g,,0.0,2.0
CUST04540,SUB04540,PROD001,2348071542883, Customer 4540 ,Male,60+,Abuja,South East,Corporate,2025-08-29,Cancelled,Prepaid,Annual,Nova Premium 5G,Data,25000,,,718,25000,bank transfer,4G,-74.0,2.0,
CUST04541,SUB04541,PROD001,2348079916720,Customer 4541,F,46-60,Ibadan,North Central,,2023-03-25,,Prepaid,Annual,Nova Premium 5G,Data,25000,66735,,456,25000,Cash,4g,,1.0,2.0
CUST04542,SUB04542,PROD001,2348065159120,Customer 4542,m ,36-45,Ibadan,South West,Basic,2024-03-10,Actv,post paid,ANNUAL,Nova Premium 5G,Data,25000,10602,543.0,694,25000,CARD,LTE,,,4.0
CUST04543,SUB04543,PROD001,2348016466787,Customer 4543,Female,60+,lagos,South East,Premium,2021-05-15,Active,Prepaid,ANNUAL,Nova Premium 5G,Data,25000,,599.0,259,25000,,LTE,-999.0,0.0,3.0
CUST04544,SUB04544,PROD002,2348023572710,Customer 4544,m ,18-25,Abuja,South East,STANDARD,2023-05-03,Active,post paid,ANNUAL,Nova Unlimited Voice,Voice,12000,,,655,12000,CARD,,-999.0,0.0,
CUST04545,SUB04545,PROD001,2348058863265,Customer 4545,F,18-25, Abuja ,North Central,Standard,2025-08-04,Active,Prepaid,ANNUAL,Nova Premium 5G,Data,25000,,780.0,582,,CARD,,-61.0,0.0,1.0
CUST04546,SUB04546,PROD002,2348031165017,Customer 4546,Female,60+, Abuja ,North West,Basic,2023-04-27,Suspended,post paid,Monthly,Nova Unlimited Voice,Voice,12000,16816,,681,,bank transfer,,-999.0,1.0,5.0
CUST04547,SUB04547,PROD004,2348085619903,Customer 4547,male,46-60, Abuja ,North West,Standard,2024-09-13,Cancelled,Postpaid,No contract,Nova SME Connect,Business,35000,45000MB,1579.0,687,35000,Cash,5G,,1.0,4.0
CUST04548,SUB04548,PROD001,2348035899998,Customer 4548,Female,26-35,Lagos,North Central,Corporate,2021-02-19,,prepaid,No contract,Nova Premium 5G,Data,25000,,,10,25000,Bank Transfer,3G,,0.0,5.0
CUST04549,SUB04549,PROD002,2348073729835,Customer 4549,FEMALE,,portharcourt,South East,STANDARD,2023-03-11,Active,POSTPAID,No contract,Nova Unlimited Voice,Voice,12000,,,181,,Cash,4g,-999.0,5.0,2.0
CUST04550,SUB04550,PROD004,2348098250444,Customer 4550,,18-25,Ibadan,North West,Corporate,02/11/2023,Suspended,prepaid,No contract,Nova SME Connect,Business,35000,6132,61.0,466,35000,Cash,4G,-104.0,5.0,4.0
CUST04551,SUB04551,PROD003,2348060886070,Customer 4551,F,60+,LAGOS,North Central,Basic,2023-07-20,Active,POSTPAID,Annual,Nova Hybrid Plus,Bundle,18000,45000MB,1800.0,392,,USSD,LTE,-999.0,2.0,3.0
CUST04552,SUB04552,PROD002,2348098503595,Customer 4552,MALE,18-25, Abuja ,North West,,2023-06-19,,prepaid,No contract,Nova Unlimited Voice,Voice,12000,39389,,101,12000,CARD,3G,,,4.0
CUST04553,SUB04553,PROD003,2348027394775,Customer 4553,Unknown,18-25, Abuja ,North West,Basic,2022-04-12,Actv,prepaid,Monthly,Nova Hybrid Plus,Bundle,18000,55705,,180,,CARD,,-999.0,5.0,1.0
CUST04554,SUB04554,PROD005,2348078289182,Customer 4554,m ,18-25,Port Harcourt,South West,Corporate,2022-12-07,cancelled,prepaid,monthly,Nova Starter,Bundle,8000,45000MB,,300,8000,Cash,4G,-999.0,0.0,5.0
CUST04555,SUB04555,PROD002,2348072283240,Customer 4555,female,60+,lagos,North Central,premium ,2022-10-31,Cancelled,Prepaid,monthly,Nova Unlimited Voice,Voice,12000,49101,,523,12000,Cash,4G,-73.0,2.0,
CUST04556,SUB04556,PROD002,2348037157555,Customer 4556,M,,,North Central,Premium,2024-04-02,Active,prepaid,ANNUAL,Nova Unlimited Voice,Voice,12000,45000MB,447.0,653,12000,Cash,4g,-65.0,2.0,
CUST04557,SUB04557,PROD003,2348024341794,Customer 4557,FEMALE,,Lagos,South West,Basic,2025-02-23,Suspended,POSTPAID,ANNUAL,Nova Hybrid Plus,Bundle,18000,,2539.0,259,18000,CARD,,-999.0,0.0,
CUST04558,SUB04558,PROD004,2348079996375,Customer 4558,Female,60+,LAGOS,North West,Basic,2023-06-18,Suspended,post paid,Monthly,Nova SME Connect,Business,35000,,,242,35000,CARD,,-83.0,0.0,
CUST04559,SUB04559,PROD002,2348035584120,Customer 4559,male,46-60,Kano,South East,Corporate,2021-01-08,active,POSTPAID,monthly,Nova Unlimited Voice,Voice,12000,83294,,596,12000,bank transfer,,-109.0,2.0,3.0
CUST04560,SUB04560,PROD003,2348072903492, Customer 4560 ,MALE,26-35, Abuja ,South West,Corporate,2023-03-07,active,post paid,No contract,Nova Hybrid Plus,Bundle,18000,45000MB,2062.0,94,18000,CARD,LTE,-999.0,0.0,
CUST04561,SUB04561,PROD002,2348063304930,Customer 4561,M,46-60,Lagos,South West,Premium,2022-11-08,active,POSTPAID,monthly,Nova Unlimited Voice,Voice,12000,,,276,,Card,4G,-103.0,0.0,3.0
CUST04562,SUB04562,PROD003,2348029932183,Customer 4562,Unknown,26-35,lagos,South West,STANDARD,2023-07-22,,prepaid,No contract,Nova Hybrid Plus,Bundle,18000,45000MB,,377,18000,,5G,,5.0,1.0
CUST04563,SUB04563,PROD003,2348088013886,Customer 4563,Male,26-35,,South East,premium ,2025-09-01,Active,post paid,No contract,Nova Hybrid Plus,Bundle,18000,51673,,348,18000,Card,4g,-83.0,0.0,5.0
CUST04564,SUB04564,PROD002,2348086078310,Customer 4564,Female,46-60,lagos,South East,Basic,2021-12-15,Suspended,post paid,monthly,Nova Unlimited Voice,Voice,12000,,1336.0,486,,USSD,5G,,2.0,
CUST04565,SUB04565,PROD004,2348099474279,Customer 4565,Female,46-60,Ibadan,South South,STANDARD,2023-09-18,active,Postpaid,monthly,Nova SME Connect,Business,35000,77468,1414.0,48,,bank transfer,3G,-78.0,2.0,
CUST04566,SUB04566,PROD001,2348055880456,Customer 4566,Female,,,South South,Standard,2022-12-29,,Prepaid,Annual,Nova Premium 5G,Data,25000,62503,3711.0,320,,USSD,5G,-999.0,0.0,4.0
CUST04567,SUB04567,PROD002,2348033622790,Customer 4567,m ,18-25,,North Central,Basic,2023-03-02,Active,Prepaid,Annual,Nova Unlimited Voice,Voice,12000,45000MB,3433.0,153,,USSD,3G,-82.0,,1.0
CUST04568,SUB04568,PROD004,2348060898192,Customer 4568,Male,,Lagos,North West,STANDARD,2025-06-21,Active,prepaid,ANNUAL,Nova SME Connect,Business,35000,45000MB,,717,35000,,3G,,2.0,5.0
CUST04569,SUB04569,PROD005,2348050496155,Customer 4569,Unknown,60+, Abuja ,South East,,2021-12-16,Active,Prepaid,No contract,Nova Starter,Bundle,8000,59025,,523,,USSD,5G,-99.0,,3.0
CUST04570,SUB04570,PROD004,2348019547896,Customer 4570,Male,46-60,,South South,STANDARD,2025-10-18,active,prepaid,Annual,Nova SME Connect,Business,35000,45000MB,,496,35000,Bank Transfer,4G,-999.0,1.0,3.0
CUST04571,SUB04571,PROD001,2348052204454,Customer 4571,male,60+,Abuja,South South,Premium,2025-02-21,Cancelled,Prepaid,Annual,Nova Premium 5G,Data,25000,49637,,264,25000,bank transfer,4g,-75.0,,
CUST04572,SUB04572,PROD004,2348050915999,Customer 4572,F,36-45,Abuja,South East,Corporate,2023-04-09,Active,Postpaid,monthly,Nova SME Connect,Business,35000,45000MB,1629.0,646,,CARD,5G,-999.0,2.0,4.0
CUST04573,SUB04573,PROD004,2348080552392,Customer 4573,Male,60+,,South East,STANDARD,2025-02-07,active,Prepaid,No contract,Nova SME Connect,Business,35000,12029,521.0,642,35000,,,-999.0,,2.0
CUST04574,SUB04574,PROD004,2348083162748,Customer 4574,female,18-25, Abuja ,South West,Premium,2023-01-22,cancelled,POSTPAID,Annual,Nova SME Connect,Business,35000,45000MB,,57,35000,Card,4G,-68.0,5.0,3.0
CUST04575,SUB04575,PROD002,2348091353408,Customer 4575,Male,18-25,lagos,South South,Standard,20/05/2025,active,prepaid,ANNUAL,Nova Unlimited Voice,Voice,12000,,,345,12000,Bank Transfer,,,,4.0
CUST04576,SUB04576,PROD001,2348015131107,Customer 4576,F,26-35,Port Harcourt,South South,Basic,2021-02-24,Active,Prepaid,monthly,Nova Premium 5G,Data,25000,,1496.0,168,25000,Bank Transfer,3G,-77.0,,
CUST04577,SUB04577,PROD003,2348069834232,Customer 4577,Female,18-25,,North West,,2024-10-10,Active,Prepaid,Monthly,Nova Hybrid Plus,Bundle,18000,45000MB,,385,,Cash,4G,,0.0,3.0
CUST04578,SUB04578,PROD002,2348099003318,Customer 4578,female,,Port Harcourt,South East,Corporate,2025-04-08,Suspended,Postpaid,monthly,Nova Unlimited Voice,Voice,12000,47266,,765,12000,USSD,4G,,1.0,5.0
CUST04579,SUB04579,PROD001,2348095750017,Customer 4579,Male,36-45,,North Central,premium ,2022-01-09,cancelled,Postpaid,Annual,Nova Premium 5G,Data,25000,56814,,259,25000,Card,4G,-56.0,2.0,1.0
CUST04580,SUB04580,PROD002,2348042802359, Customer 4580 ,,26-35,Enugu,North Central,STANDARD,2021-04-27,Suspended,Postpaid,No contract,Nova Unlimited Voice,Voice,12000,45000MB,,32,12000,CARD,LTE,,0.0,2.0
CUST04581,SUB04581,PROD002,2348040111951,Customer 4581,FEMALE,,Abuja,North Central,Corporate,2021-01-29,SUSPENDED,Postpaid,Annual,Nova Unlimited Voice,Voice,12000,45000MB,2580.0,95,12000,Cash,5G,-999.0,1.0,5.0
CUST04582,SUB04582,PROD001,2348037892307,Customer 4582,Male,60+,lagos,South South,,2021-01-03,Active,post paid,monthly,Nova Premium 5G,Data,25000,45000MB,,221,,CARD,5G,,1.0,2.0
CUST04583,SUB04583,PROD005,2348076144673,Customer 4583,M,36-45,Ibadan,South South,Corporate,2021-02-12,cancelled,POSTPAID,monthly,Nova Starter,Bundle,8000,45000MB,3326.0,154,,CARD,,-61.0,1.0,4.0
CUST04584,SUB04584,PROD003,2348066277854,Customer 4584,Female,26-35,Port Harcourt,North Central,Basic,2022-02-14,Active,Postpaid,Annual,Nova Hybrid Plus,Bundle,18000,60826,,485,18000,bank transfer,LTE,-999.0,0.0,4.0
CUST04585,SUB04585,PROD002,2348016732178,Customer 4585,F,46-60,LAGOS,South West,Corporate,2022-12-03,ACTIVE,post paid,monthly,Nova Unlimited Voice,Voice,12000,68337,3226.0,539,12000,USSD,,,0.0,4.0
CUST04586,SUB04586,PROD005,2348035209082,Customer 4586,male,,,South East,Premium,2024-06-12,active,POSTPAID,No contract,Nova Starter,Bundle,8000,24553,742.0,702,8000,bank transfer,4g,-999.0,1.0,1.0
CUST04587,SUB04587,PROD004,2348030232554,Customer 4587,Unknown,18-25,Abuja,North Central,,2023-02-26,active,Prepaid,No contract,Nova SME Connect,Business,35000,17771,,384,,bank transfer,4g,-999.0,0.0,1.0
CUST04588,SUB04588,PROD005,2348025136961,Customer 4588,Male,36-45,Ibadan,North Central,premium ,2025-10-10,cancelled,POSTPAID,Monthly,Nova Starter,Bundle,8000,45000MB,349.0,413,8000,CARD,,,2.0,5.0
CUST04589,SUB04589,PROD004,2348054488340,Customer 4589,Male,18-25,portharcourt,South South,STANDARD,2023-04-20,cancelled,Postpaid,Monthly,Nova SME Connect,Business,35000,,,555,,CARD,3G,-999.0,1.0,3.0
CUST04590,SUB04590,PROD005,2348063357129,Customer 4590,Female,,portharcourt,South West,Corporate,2025-09-14,Suspended,post paid,Monthly,Nova Starter,Bundle,8000,87963,,132,,CARD,4G,-70.0,,5.0
CUST04591,SUB04591,PROD003,2348084827780,Customer 4591,Female,60+,Ibadan,South West,premium ,2021-09-07,Active,POSTPAID,Annual,Nova Hybrid Plus,Bundle,18000,45000MB,2080.0,84,18000,Cash,LTE,-70.0,,3.0
CUST04592,SUB04592,PROD004,2348010683759,Customer 4592, f,46-60, Abuja ,North Central,Corporate,2022-10-01,active,Prepaid,No contract,Nova SME Connect,Business,35000,,2167.0,130,,bank transfer,4G,-999.0,1.0,5.0
CUST04593,SUB04593,PROD001,2348013076655,Customer 4593,Male,60+,Lagos,South South,STANDARD,2025-02-18,Active,Postpaid,Annual,Nova Premium 5G,Data,25000,9294,,485,,bank transfer,,-58.0,2.0,
CUST04594,SUB04594,PROD003,2348050508698,Customer 4594,F,26-35,Kano,North West,Premium,2024-08-24,Actv,POSTPAID,No contract,Nova Hybrid Plus,Bundle,18000,,,684,18000,Bank Transfer,4g,-87.0,5.0,4.0
CUST04595,SUB04595,PROD004,2348016593946,Customer 4595,Male,36-45,lagos,North West,Premium,2022-03-28,cancelled,post paid,monthly,Nova SME Connect,Business,35000,27196,,628,,CARD,5G,-56.0,2.0,5.0
CUST04596,SUB04596,PROD002,2348082650854,Customer 4596,Unknown,, Abuja ,South South,Basic,2025-03-11,,post paid,ANNUAL,Nova Unlimited Voice,Voice,12000,,2474.0,308,12000,Card,3G,-999.0,5.0,2.0
CUST04597,SUB04597,PROD002,2348059339574,Customer 4597,Unknown,,lagos,South West,Premium,2025-05-06,cancelled,Prepaid,monthly,Nova Unlimited Voice,Voice,12000,45000MB,,113,12000,CARD,,,5.0,3.0
CUST04598,SUB04598,PROD005,2348011193984,Customer 4598,Female,26-35,Enugu,South East,Premium,2024-04-09,Suspended,post paid,Annual,Nova Starter,Bundle,8000,,3866.0,79,,bank transfer,3G,-999.0,1.0,1.0
CUST04599,SUB04599,PROD004,2348075567726,Customer 4599,Female,18-25,,South South,Premium,2023-06-14,Suspended,Postpaid,ANNUAL,Nova SME Connect,Business,35000,45000MB,,268,35000,Bank Transfer,,,1.0,4.0
CUST04600,SUB04600,PROD002,2348036281108, Customer 4600 ,F,46-60,portharcourt,South South,Basic,12/07/2023,Suspended,post paid,No contract,Nova Unlimited Voice,Voice,12000,46991,3642.0,190,12000,bank transfer,3G,-999.0,,3.0
CUST04601,SUB04601,PROD003,2348015884945,Customer 4601,Male,46-60,Ibadan,South South,Corporate,2025-05-08,Cancelled,POSTPAID,ANNUAL,Nova Hybrid Plus,Bundle,18000,77766,1640.0,415,,Bank Transfer,4g,-999.0,1.0,1.0
CUST04602,SUB04602,PROD003,2348067412839,Customer 4602,F,,portharcourt,South South,Standard,2022-07-25,Active,Postpaid,monthly,Nova Hybrid Plus,Bundle,18000,,,110,18000,Bank Transfer,5G,-999.0,2.0,
CUST04603,SUB04603,PROD002,2348011987848,Customer 4603,Female,,Port Harcourt,South West,Standard,2025-04-20,active,post paid,No contract,Nova Unlimited Voice,Voice,12000,27340,,515,12000,CARD,3G,-105.0,2.0,4.0
CUST04604,SUB04604,PROD003,2348043708997,Customer 4604,,26-35,Abuja,South West,Corporate,2023-07-10,Active,post paid,ANNUAL,Nova Hybrid Plus,Bundle,18000,45000MB,,771,18000,,5G,,1.0,1.0
CUST04605,SUB04605,PROD004,2348083123338,Customer 4605,female,,Lagos,South West,STANDARD,2025-03-15,Active,post paid,Monthly,Nova SME Connect,Business,35000,2350,,623,,USSD,4g,-999.0,0.0,1.0
CUST04606,SUB04606,PROD004,2348055644535,Customer 4606,F,,Kano,South East,Standard,2023-05-14,,prepaid,monthly,Nova SME Connect,Business,35000,,2720.0,109,35000,Cash,3G,,5.0,1.0
CUST04607,SUB04607,PROD005,2348075941516,Customer 4607,Male,60+,Abuja,North West,Basic,2023-05-28,Active,POSTPAID,monthly,Nova Starter,Bundle,8000,,,631,,,LTE,-106.0,,5.0
CUST04608,SUB04608,PROD003,2348097736145,Customer 4608,Male,36-45,Lagos,South West,,2021-04-26,,Postpaid,Monthly,Nova Hybrid Plus,Bundle,18000,,2370.0,305,18000,,4g,-999.0,0.0,4.0
CUST04609,SUB04609,PROD003,2348031739927,Customer 4609,Male,36-45,Kano,South West,Basic,2024-11-19,,Postpaid,monthly,Nova Hybrid Plus,Bundle,18000,45000MB,,203,18000,CARD,,,2.0,1.0
CUST04610,SUB04610,PROD003,2348026505664,Customer 4610,Male,46-60, Abuja ,North Central,Basic,2021-05-23,Suspended,Prepaid,ANNUAL,Nova Hybrid Plus,Bundle,18000,7506,,24,18000,USSD,3G,-90.0,1.0,2.0
CUST04611,SUB04611,PROD001,2348089163038,Customer 4611,Male,,Kano,South South,STANDARD,2022-09-10,active,post paid,monthly,Nova Premium 5G,Data,25000,,3102.0,666,,,5G,,1.0,2.0
CUST04612,SUB04612,PROD003,2348022989389,Customer 4612,Male,26-35,Lagos,North West,Standard,2024-03-23,,Prepaid,Monthly,Nova Hybrid Plus,Bundle,18000,34186,,631,18000,bank transfer,4g,-61.0,2.0,1.0
CUST04613,SUB04613,PROD002,2348036915753,Customer 4613,Male,36-45,Ibadan,North Central,premium ,2022-07-28,Suspended,prepaid,Monthly,Nova Unlimited Voice,Voice,12000,,,173,,USSD,LTE,-110.0,0.0,1.0
CUST04614,SUB04614,PROD004,2348081718591,Customer 4614,Female,26-35, Abuja ,South East,Corporate,2021-06-11,Active,POSTPAID,Monthly,Nova SME Connect,Business,35000,45000MB,1912.0,5,35000,Card,LTE,,2.0,3.0
CUST04615,SUB04615,PROD005,2348099510776,Customer 4615,female,60+, Abuja ,North Central,Basic,2024-11-07,cancelled,post paid,ANNUAL,Nova Starter,Bundle,8000,,2280.0,794,,Bank Transfer,5G,,0.0,4.0
CUST04616,SUB04616,PROD003,2348027802569,Customer 4616,Unknown,60+,Enugu,South East,premium ,2022-11-20,cancelled,prepaid,Annual,Nova Hybrid Plus,Bundle,18000,45000MB,3821.0,424,18000,Card,,-98.0,1.0,3.0
CUST04617,SUB04617,PROD002,2348062442331,Customer 4617,Male,36-45,,South East,,2021-01-01,Suspended,prepaid,ANNUAL,Nova Unlimited Voice,Voice,12000,6258,1944.0,467,12000,Cash,LTE,-91.0,5.0,1.0
CUST04618,SUB04618,PROD002,2348043116427,Customer 4618,Male,46-60,,South South,,2022-05-24,Active,Postpaid,No contract,Nova Unlimited Voice,Voice,12000,,999.0,527,12000,Card,5G,,,2.0
CUST04619,SUB04619,PROD003,2348047941634,Customer 4619,Male,26-35,portharcourt,South East,Basic,2023-05-13,active,post paid,ANNUAL,Nova Hybrid Plus,Bundle,18000,45000MB,2164.0,123,18000,,4g,-54.0,0.0,5.0
CUST04620,SUB04620,PROD004,2348065286826, Customer 4620 ,Male,18-25,Port Harcourt,North Central,Standard,2022-12-31,,Prepaid,No contract,Nova SME Connect,Business,35000,45000MB,875.0,228,35000,CARD,,-999.0,1.0,1.0
CUST04621,SUB04621,PROD003,2348041588125,Customer 4621,MALE,26-35, Abuja ,South West,Corporate,2023-11-07,,prepaid,Monthly,Nova Hybrid Plus,Bundle,18000,42713,3031.0,746,18000,Card,LTE,,1.0,1.0
CUST04622,SUB04622,PROD002,2348077097570,Customer 4622,Female,18-25,Port Harcourt,North Central,Basic,2022-05-06,Active,Postpaid,Annual,Nova Unlimited Voice,Voice,12000,75678,,73,,Card,3G,-57.0,0.0,1.0
CUST04623,SUB04623,PROD003,2348039828441,Customer 4623,Unknown,36-45,,South South,,2022-10-24,,POSTPAID,Annual,Nova Hybrid Plus,Bundle,18000,,3209.0,383,18000,bank transfer,4g,,0.0,
CUST04624,SUB04624,PROD002,2348019454703,Customer 4624,Female,46-60,Ibadan,North Central,Premium,2022-04-14,SUSPENDED,Postpaid,ANNUAL,Nova Unlimited Voice,Voice,12000,45000MB,49.0,325,12000,Cash,4G,,,4.0
CUST04625,SUB04625,PROD002,2348099211802,Customer 4625,F,26-35,Enugu,South West,Premium,04/09/2021,Actv,POSTPAID,ANNUAL,Nova Unlimited Voice,Voice,12000,,3570.0,130,12000,,,-81.0,2.0,5.0
CUST04626,SUB04626,PROD003,2348024292546,Customer 4626,M,26-35,,North West,Premium,2021-10-15,cancelled,post paid,Annual,Nova Hybrid Plus,Bundle,18000,83325,,696,,USSD,4g,,2.0,2.0
CUST04627,SUB04627,PROD003,2348065666175,Customer 4627,male,60+,Lagos,South South,Corporate,2023-03-31,Suspended,Prepaid,monthly,Nova Hybrid Plus,Bundle,18000,,,533,18000,Card,,-999.0,,4.0
CUST04628,SUB04628,PROD001,2348066192112,Customer 4628,Male,,,South South,Premium,2025-04-12,,post paid,Annual,Nova Premium 5G,Data,25000,45000MB,,468,25000,,4g,-999.0,1.0,1.0
CUST04629,SUB04629,PROD001,2348062977950,Customer 4629,FEMALE,18-25,Kano,South East,Premium,2025-09-21,Actv,post paid,ANNUAL,Nova Premium 5G,Data,25000,,,254,,,5G,,,2.0
CUST04630,SUB04630,PROD005,2348030278392,Customer 4630,Female,,Enugu,North Central,Standard,2021-01-11,SUSPENDED,post paid,ANNUAL,Nova Starter,Bundle,8000,45000MB,38.0,479,8000,Cash,4g,-78.0,0.0,1.0
CUST04631,SUB04631,PROD002,2348045462930,Customer 4631,Male,36-45,portharcourt,South South,,2022-12-31,,POSTPAID,Annual,Nova Unlimited Voice,Voice,12000,45000MB,1825.0,250,,Card,4g,,,4.0
CUST04632,SUB04632,PROD005,2348020931748,Customer 4632,F,18-25,Lagos,South East,Basic,2024-04-26,Cancelled,POSTPAID,monthly,Nova Starter,Bundle,8000,,3914.0,284,,CARD,LTE,,1.0,5.0
CUST04633,SUB04633,PROD004,2348015879403,Customer 4633,,18-25,Enugu,South South,STANDARD,2024-04-02,cancelled,post paid,No contract,Nova SME Connect,Business,35000,45000MB,3219.0,477,35000,Bank Transfer,,-100.0,,3.0
CUST04634,SUB04634,PROD004,2348073201896,Customer 4634,F,36-45,,South West,Basic,2025-04-24,Active,POSTPAID,monthly,Nova SME Connect,Business,35000,45000MB,1686.0,14,35000,bank transfer,5G,,0.0,5.0
CUST04635,SUB04635,PROD004,2348069320258,Customer 4635,Female,46-60,Ibadan,South South,STANDARD,2025-09-16,Active,POSTPAID,monthly,Nova SME Connect,Business,35000,45000MB,,547,35000,Cash,5G,-999.0,5.0,3.0
CUST04636,SUB04636,PROD005,2348091437385,Customer 4636,F,18-25,LAGOS,South East,,2023-10-31,Active,prepaid,Annual,Nova Starter,Bundle,8000,45000MB,705.0,494,8000,Bank Transfer,LTE,-90.0,1.0,3.0
CUST04637,SUB04637,PROD002,2348051155540,Customer 4637,female,60+,Abuja,South South,Corporate,2024-07-09,Active,Postpaid,Annual,Nova Unlimited Voice,Voice,12000,88072,1284.0,267,12000,Bank Transfer,5G,,,1.0
CUST04638,SUB04638,PROD001,2348091738332,Customer 4638,female,36-45,Port Harcourt,South South,premium ,2021-08-10,,prepaid,monthly,Nova Premium 5G,Data,25000,,2160.0,768,,Cash,3G,-98.0,5.0,3.0
CUST04639,SUB04639,PROD005,2348048138044,Customer 4639,Male,18-25,Lagos,South West,Premium,2023-12-05,Cancelled,Postpaid,Monthly,Nova Starter,Bundle,8000,45000MB,3741.0,587,8000,Cash,4g,-999.0,2.0,5.0
CUST04640,SUB04640,PROD004,2348086288640, Customer 4640 ,male,36-45,,North Central,STANDARD,2022-01-14,Suspended,Postpaid,ANNUAL,Nova SME Connect,Business,35000,45000MB,,126,35000,CARD,4G,,5.0,4.0
CUST04641,SUB04641,PROD005,2348016403578,Customer 4641,,18-25,Kano,North Central,Premium,2021-05-02,Active,prepaid,No contract,Nova Starter,Bundle,8000,45000MB,,333,8000,Cash,3G,-102.0,0.0,
CUST04642,SUB04642,PROD003,2348071309283,Customer 4642,Female,,LAGOS,North Central,premium ,2023-06-09,Suspended,post paid,ANNUAL,Nova Hybrid Plus,Bundle,18000,16848,,289,18000,Card,4G,,,2.0
CUST04643,SUB04643,PROD004,2348014822547,Customer 4643,Male,60+,Ibadan,South South,Standard,2024-02-27,active,Prepaid,Monthly,Nova SME Connect,Business,35000,5207,2013.0,193,35000,Card,,-53.0,0.0,2.0
CUST04644,SUB04644,PROD004,2348081307725,Customer 4644,Female,26-35,,South South,STANDARD,2024-01-27,Active,POSTPAID,ANNUAL,Nova SME Connect,Business,35000,73024,542.0,405,,bank transfer,5G,-999.0,1.0,2.0
CUST04645,SUB04645,PROD005,2348037864736,Customer 4645,Male,46-60, Abuja ,North Central,Corporate,2023-03-06,Cancelled,Prepaid,No contract,Nova Starter,Bundle,8000,45000MB,,634,8000,Card,,-94.0,0.0,2.0
CUST04646,SUB04646,PROD005,2348057334946,Customer 4646,Female,46-60,Port Harcourt,North West,Premium,2025-04-16,Cancelled,Postpaid,monthly,Nova Starter,Bundle,8000,,,408,,USSD,,-999.0,,5.0
CUST04647,SUB04647,PROD002,2348034999572,Customer 4647,M,18-25,Abuja,South West,STANDARD,2021-02-16,Suspended,POSTPAID,monthly,Nova Unlimited Voice,Voice,12000,3468,,73,12000,CARD,5G,-999.0,0.0,4.0
CUST04648,SUB04648,PROD005,2348038781040,Customer 4648,Female,36-45,,North West,Standard,2024-11-30,Suspended,POSTPAID,No contract,Nova Starter,Bundle,8000,12353,3991.0,708,8000,Cash,LTE,-999.0,2.0,
CUST04649,SUB04649,PROD005,2348037769485,Customer 4649,F,36-45,Kano,South West,premium ,2022-02-16,,prepaid,No contract,Nova Starter,Bundle,8000,,,453,8000,CARD,5G,-999.0,,
CUST04650,SUB04650,PROD002,2348054728790,Customer 4650,Unknown,36-45,portharcourt,North West,Corporate,12/07/2025,Cancelled,post paid,No contract,Nova Unlimited Voice,Voice,12000,45000MB,,630,12000,bank transfer,4g,-109.0,2.0,5.0
CUST04651,SUB04651,PROD005,2348020709729,Customer 4651,F,,Port Harcourt,South South,STANDARD,2022-03-21,SUSPENDED,Prepaid,ANNUAL,Nova Starter,Bundle,8000,45000MB,529.0,120,,Cash,4G,-51.0,2.0,4.0
CUST04652,SUB04652,PROD005,2348027670245,Customer 4652,female,36-45,portharcourt,South West,Basic,2022-02-23,Cancelled,Prepaid,No contract,Nova Starter,Bundle,8000,,,17,8000,USSD,5G,,1.0,
CUST04653,SUB04653,PROD004,2348052620508,Customer 4653,,18-25,,South West,premium ,2023-06-03,Cancelled,Prepaid,Annual,Nova SME Connect,Business,35000,,3266.0,379,35000,bank transfer,4G,-69.0,0.0,5.0
CUST04654,SUB04654,PROD005,2348018517298,Customer 4654,Female,26-35,Abuja,South East,Corporate,2024-05-06,Active,post paid,Monthly,Nova Starter,Bundle,8000,78672,,336,8000,bank transfer,4g,-999.0,1.0,5.0
CUST04655,SUB04655,PROD005,2348086246680,Customer 4655,male,46-60,Port Harcourt,North West,premium ,2025-06-07,active,Prepaid,No contract,Nova Starter,Bundle,8000,69762,2435.0,320,,bank transfer,4G,-51.0,0.0,4.0
CUST04656,SUB04656,PROD003,2348024171932,Customer 4656, f,26-35,Port Harcourt,South East,Premium,2021-09-24,Actv,Prepaid,Monthly,Nova Hybrid Plus,Bundle,18000,45000MB,402.0,392,,CARD,4g,-999.0,,4.0
CUST04657,SUB04657,PROD005,2348085929637,Customer 4657,F,36-45,Port Harcourt,South East,,2022-10-26,cancelled,Postpaid,monthly,Nova Starter,Bundle,8000,45000MB,,76,8000,USSD,5G,-999.0,1.0,4.0
CUST04658,SUB04658,PROD002,2348052366622,Customer 4658,F,46-60,,North Central,STANDARD,2024-09-13,Cancelled,Postpaid,ANNUAL,Nova Unlimited Voice,Voice,12000,75937,,673,12000,Cash,5G,-999.0,1.0,3.0
CUST04659,SUB04659,PROD001,2348024107817,Customer 4659,female,, Abuja ,North Central,premium ,2022-07-03,cancelled,POSTPAID,Annual,Nova Premium 5G,Data,25000,45000MB,1448.0,675,,Bank Transfer,4G,,5.0,2.0
CUST04660,SUB04660,PROD004,2348013912258, Customer 4660 ,Female,36-45,Port Harcourt,South East,Corporate,2022-02-13,cancelled,post paid,ANNUAL,Nova SME Connect,Business,35000,70002,,678,35000,Card,4G,-999.0,0.0,
CUST04661,SUB04661,PROD003,2348010067726,Customer 4661, f,60+,LAGOS,South East,Corporate,2024-06-27,Active,prepaid,Annual,Nova Hybrid Plus,Bundle,18000,,,658,,CARD,,-999.0,1.0,5.0
CUST04662,SUB04662,PROD002,2348094804900,Customer 4662,Female,26-35,Abuja,North West,Standard,2023-01-19,active,post paid,Annual,Nova Unlimited Voice,Voice,12000,45000MB,,62,12000,Cash,4G,-999.0,,5.0
CUST04663,SUB04663,PROD005,2348021570804,Customer 4663,Male,36-45,lagos,South West,Premium,2025-06-15,Active,POSTPAID,monthly,Nova Starter,Bundle,8000,45000MB,,192,,,,-999.0,5.0,5.0
CUST04664,SUB04664,PROD001,2348076938175,Customer 4664, f,36-45,Kano,South South,Corporate,2023-10-27,ACTIVE,prepaid,monthly,Nova Premium 5G,Data,25000,64534,2244.0,686,25000,USSD,4G,-61.0,,3.0
CUST04665,SUB04665,PROD004,2348074309212,Customer 4665,Male,46-60,lagos,South West,Premium,2023-09-02,active,Prepaid,ANNUAL,Nova SME Connect,Business,35000,68504,3379.0,179,35000,bank transfer,3G,-999.0,,5.0
CUST04666,SUB04666,PROD003,2348026599040,Customer 4666,Male,60+, Abuja ,South South,Basic,2022-07-12,Active,Postpaid,Annual,Nova Hybrid Plus,Bundle,18000,,600.0,473,,CARD,,,1.0,3.0
CUST04667,SUB04667,PROD001,2348031440702,Customer 4667,Male,,Port Harcourt,North West,Premium,2021-08-18,SUSPENDED,prepaid,Annual,Nova Premium 5G,Data,25000,45000MB,,4,,Bank Transfer,4g,-999.0,2.0,2.0
CUST04668,SUB04668,PROD003,2348026945606,Customer 4668,Female,36-45,portharcourt,South East,STANDARD,2023-04-09,Cancelled,prepaid,ANNUAL,Nova Hybrid Plus,Bundle,18000,52967,95.0,197,18000,,3G,-999.0,1.0,
CUST04669,SUB04669,PROD001,2348097938788,Customer 4669,,26-35, Abuja ,South East,Standard,2025-04-11,active,prepaid,Monthly,Nova Premium 5G,Data,25000,45000MB,2883.0,5,,Bank Transfer,4G,,2.0,4.0
CUST04670,SUB04670,PROD005,2348094326801,Customer 4670,,18-25,Port Harcourt,South East,STANDARD,2023-10-21,SUSPENDED,post paid,Annual,Nova Starter,Bundle,8000,,1237.0,581,8000,CARD,,,0.0,3.0
CUST04671,SUB04671,PROD005,2348075721511,Customer 4671,Female,26-35,,South West,,2025-04-02,Active,Postpaid,monthly,Nova Starter,Bundle,8000,,,244,8000,CARD,,,1.0,3.0
CUST04672,SUB04672,PROD004,2348062296882,Customer 4672,,36-45,portharcourt,North Central,premium ,2025-01-03,active,Prepaid,Annual,Nova SME Connect,Business,35000,72736,,743,35000,bank transfer,LTE,-89.0,,2.0
CUST04673,SUB04673,PROD001,2348011737416,Customer 4673,Unknown,18-25, Abuja ,North West,Basic,2022-04-17,Cancelled,POSTPAID,ANNUAL,Nova Premium 5G,Data,25000,,,778,,Cash,4g,,,
CUST04674,SUB04674,PROD004,2348041438576,Customer 4674,F,18-25,Kano,North West,,2021-05-27,Active,Postpaid,monthly,Nova SME Connect,Business,35000,,388.0,78,35000,USSD,5G,-54.0,1.0,1.0
CUST04675,SUB04675,PROD002,2348083222712,Customer 4675,Female,36-45,Abuja,South West,,08/02/2025,ACTIVE,POSTPAID,Annual,Nova Unlimited Voice,Voice,12000,45000MB,,523,,,3G,-103.0,2.0,2.0
CUST04676,SUB04676,PROD005,2348032494418,Customer 4676, f,26-35, Abuja ,North Central,Corporate,2024-05-10,cancelled,prepaid,ANNUAL,Nova Starter,Bundle,8000,45000MB,787.0,466,,,4G,-104.0,1.0,3.0
CUST04677,SUB04677,PROD004,2348031473103,Customer 4677,Female,36-45,Ibadan,North West,Corporate,2021-11-01,SUSPENDED,POSTPAID,Annual,Nova SME Connect,Business,35000,45000MB,,621,35000,USSD,,,1.0,3.0
CUST04678,SUB04678,PROD004,2348062434770,Customer 4678,Female,18-25,lagos,North West,Standard,2021-01-26,Active,POSTPAID,monthly,Nova SME Connect,Business,35000,,,381,35000,,3G,-999.0,0.0,5.0
CUST04679,SUB04679,PROD003,2348062133069,Customer 4679,female,36-45,portharcourt,North West,STANDARD,2023-12-27,active,post paid,No contract,Nova Hybrid Plus,Bundle,18000,82449,1256.0,377,18000,Bank Transfer,3G,-100.0,1.0,1.0
CUST04680,SUB04680,PROD001,2348025109270, Customer 4680 ,Female,26-35,Abuja,North Central,premium ,2024-10-18,,Prepaid,ANNUAL,Nova Premium 5G,Data,25000,73179,,299,,Cash,3G,-999.0,1.0,2.0
CUST04681,SUB04681,PROD003,2348062092666,Customer 4681,Male,60+,,South West,STANDARD,2022-09-05,Cancelled,prepaid,Annual,Nova Hybrid Plus,Bundle,18000,84252,,556,18000,Card,3G,,1.0,5.0
CUST04682,SUB04682,PROD003,2348090884034,Customer 4682,,36-45,portharcourt,South South,Standard,2021-08-03,cancelled,Postpaid,monthly,Nova Hybrid Plus,Bundle,18000,80218,,707,,Card,,-73.0,,5.0
CUST04683,SUB04683,PROD003,2348021779768,Customer 4683,Male,46-60, Abuja ,North West,Corporate,2022-06-14,Active,prepaid,Monthly,Nova Hybrid Plus,Bundle,18000,45000MB,,672,18000,Cash,3G,,,1.0
CUST04684,SUB04684,PROD001,2348073725908,Customer 4684,Female,46-60,Lagos,South South,STANDARD,2025-09-13,active,POSTPAID,Annual,Nova Premium 5G,Data,25000,,,46,,Cash,LTE,-999.0,5.0,4.0
CUST04685,SUB04685,PROD002,2348060915380,Customer 4685,F,46-60,LAGOS,North West,,2023-10-19,Actv,POSTPAID,No contract,Nova Unlimited Voice,Voice,12000,66959,3012.0,512,,USSD,5G,,5.0,3.0
CUST04686,SUB04686,PROD005,2348062027574,Customer 4686,male,,Lagos,South West,Basic,2023-12-11,cancelled,prepaid,monthly,Nova Starter,Bundle,8000,,1660.0,422,,CARD,5G,-105.0,1.0,
CUST04687,SUB04687,PROD002,2348077538030,Customer 4687,Male,26-35,Lagos,South West,Corporate,2021-05-31,Suspended,Postpaid,ANNUAL,Nova Unlimited Voice,Voice,12000,34789,3664.0,534,12000,Card,LTE,-81.0,5.0,4.0
CUST04688,SUB04688,PROD004,2348089092206,Customer 4688,,60+,Kano,South South,Basic,2025-02-19,cancelled,POSTPAID,Monthly,Nova SME Connect,Business,35000,78360,,119,35000,Card,,-77.0,2.0,3.0
CUST04689,SUB04689,PROD004,2348098918583,Customer 4689,Female,60+, Abuja ,South South,Corporate,2024-10-27,active,Prepaid,monthly,Nova SME Connect,Business,35000,71193,2267.0,31,35000,bank transfer,4G,-999.0,0.0,1.0
CUST04690,SUB04690,PROD002,2348047532532,Customer 4690,Female,26-35,,South East,Premium,2021-07-10,cancelled,prepaid,Monthly,Nova Unlimited Voice,Voice,12000,45000MB,,764,12000,bank transfer,4G,-55.0,1.0,4.0
CUST04691,SUB04691,PROD003,2348096595617,Customer 4691,Male,,,South South,STANDARD,2025-10-19,cancelled,Postpaid,ANNUAL,Nova Hybrid Plus,Bundle,18000,62400,471.0,260,18000,,3G,-999.0,5.0,
CUST04692,SUB04692,PROD001,2348020821163,Customer 4692,F,18-25,,South West,premium ,2022-09-08,Cancelled,Prepaid,monthly,Nova Premium 5G,Data,25000,14276,,629,25000,CARD,LTE,,5.0,2.0
CUST04693,SUB04693,PROD002,2348056549282,Customer 4693,male,36-45,,South East,Basic,2024-03-19,Active,POSTPAID,Annual,Nova Unlimited Voice,Voice,12000,,,355,12000,Card,5G,-88.0,5.0,2.0
CUST04694,SUB04694,PROD004,2348088285027,Customer 4694,male,18-25,Enugu,South West,Basic,2024-12-06,cancelled,post paid,Annual,Nova SME Connect,Business,35000,45000MB,316.0,207,35000,bank transfer,4g,,0.0,4.0
CUST04695,SUB04695,PROD003,2348093914394,Customer 4695,Male,60+,Ibadan,South East,,2022-10-26,Suspended,prepaid,No contract,Nova Hybrid Plus,Bundle,18000,45000MB,,405,,bank transfer,5G,,2.0,3.0
CUST04696,SUB04696,PROD005,2348074058895,Customer 4696,Unknown,18-25,lagos,South East,premium ,2021-01-25,,post paid,No contract,Nova Starter,Bundle,8000,45000MB,1825.0,10,8000,Card,3G,-108.0,,3.0
CUST04697,SUB04697,PROD001,2348030712301,Customer 4697,m ,60+,portharcourt,North West,premium ,2024-01-20,,Prepaid,monthly,Nova Premium 5G,Data,25000,,,507,25000,bank transfer,4g,-67.0,,
CUST04698,SUB04698,PROD002,2348028200199,Customer 4698,Female,60+,Port Harcourt,North Central,premium ,2025-10-12,Cancelled,POSTPAID,No contract,Nova Unlimited Voice,Voice,12000,26716,,657,12000,CARD,3G,-58.0,1.0,3.0
CUST04699,SUB04699,PROD004,2348015464915,Customer 4699,,18-25,lagos,South West,Premium,2025-06-14,Active,Prepaid,monthly,Nova SME Connect,Business,35000,45000MB,,525,35000,CARD,LTE,-999.0,0.0,4.0
CUST04700,SUB04700,PROD001,2348016605396, Customer 4700 ,Male,36-45,Abuja,South West,,21/03/2024,Suspended,prepaid,ANNUAL,Nova Premium 5G,Data,25000,,2602.0,492,25000,,4G,-66.0,0.0,5.0
CUST04701,SUB04701,PROD005,2348030242850,Customer 4701,F,,Ibadan,North West,Standard,2021-05-31,cancelled,POSTPAID,Monthly,Nova Starter,Bundle,8000,26228,3069.0,60,,Card,4G,-83.0,1.0,1.0
CUST04702,SUB04702,PROD005,2348023703703,Customer 4702,Female,36-45, Abuja ,North Central,Basic,2021-01-08,active,Postpaid,Monthly,Nova Starter,Bundle,8000,41937,1032.0,279,8000,Cash,4G,,1.0,2.0
CUST04703,SUB04703,PROD005,2348018171085,Customer 4703,Male,46-60,Enugu,North West,,2022-04-15,Cancelled,POSTPAID,Annual,Nova Starter,Bundle,8000,,,297,8000,USSD,4G,,0.0,
CUST04704,SUB04704,PROD001,2348053502466,Customer 4704,M,,portharcourt,North West,Basic,2025-01-29,Active,post paid,No contract,Nova Premium 5G,Data,25000,,3722.0,642,25000,Cash,,-87.0,2.0,5.0
CUST04705,SUB04705,PROD005,2348025871162,Customer 4705,Male,46-60,Lagos,South South,Standard,2022-04-25,,Prepaid,No contract,Nova Starter,Bundle,8000,4123,,717,,bank transfer,4g,-105.0,2.0,5.0
CUST04706,SUB04706,PROD002,2348094509715,Customer 4706,MALE,36-45,portharcourt,North West,Standard,2024-11-24,cancelled,Prepaid,Monthly,Nova Unlimited Voice,Voice,12000,45000MB,,492,12000,bank transfer,4G,,,4.0
CUST04707,SUB04707,PROD002,2348066186286,Customer 4707,Male,26-35,LAGOS,North Central,Corporate,2021-12-11,cancelled,POSTPAID,monthly,Nova Unlimited Voice,Voice,12000,45000MB,,163,,Cash,4G,,2.0,4.0
CUST04708,SUB04708,PROD002,2348018162011,Customer 4708,Male,46-60,Lagos,South South,STANDARD,2023-08-18,Cancelled,Prepaid,monthly,Nova Unlimited Voice,Voice,12000,,,105,12000,Card,LTE,,,
CUST04709,SUB04709,PROD004,2348099705743,Customer 4709,F,18-25,LAGOS,North West,Corporate,2021-06-28,Cancelled,POSTPAID,No contract,Nova SME Connect,Business,35000,57175,1779.0,540,35000,Card,5G,,2.0,1.0
CUST04710,SUB04710,PROD005,2348088348923,Customer 4710,,,Enugu,South West,premium ,2024-12-31,Active,Postpaid,Annual,Nova Starter,Bundle,8000,,263.0,382,,Bank Transfer,4G,-999.0,1.0,3.0
CUST04711,SUB04711,PROD005,2348055908600,Customer 4711,F,18-25,Enugu,South East,Basic,2022-07-23,cancelled,post paid,monthly,Nova Starter,Bundle,8000,2594,,518,8000,CARD,3G,-81.0,2.0,1.0
CUST04712,SUB04712,PROD003,2348038045103,Customer 4712,Male,26-35, Abuja ,North Central,,2021-04-11,,post paid,No contract,Nova Hybrid Plus,Bundle,18000,,1996.0,88,18000,Card,4g,-79.0,2.0,1.0
CUST04713,SUB04713,PROD002,2348090211052,Customer 4713,m ,36-45,lagos,South West,Corporate,2025-05-26,Actv,Postpaid,Monthly,Nova Unlimited Voice,Voice,12000,45000MB,1275.0,108,,CARD,,-999.0,0.0,5.0
CUST04714,SUB04714,PROD001,2348036877088,Customer 4714,FEMALE,26-35,Port Harcourt,North Central,premium ,2021-07-12,Actv,Prepaid,ANNUAL,Nova Premium 5G,Data,25000,45000MB,3876.0,526,25000,USSD,4g,-53.0,,1.0
CUST04715,SUB04715,PROD002,2348069197673,Customer 4715,Female,,Lagos,North Central,Premium,2021-10-24,Suspended,Prepaid,Monthly,Nova Unlimited Voice,Voice,12000,,3870.0,195,12000,bank transfer,4g,-999.0,1.0,
CUST04716,SUB04716,PROD001,2348065650124,Customer 4716,m ,26-35,Ibadan,North Central,,2025-04-21,Cancelled,prepaid,Monthly,Nova Premium 5G,Data,25000,45000MB,,588,25000,USSD,4G,-999.0,,2.0
CUST04717,SUB04717,PROD001,2348072613398,Customer 4717,male,26-35, Abuja ,South West,Basic,2023-06-27,Suspended,Postpaid,Annual,Nova Premium 5G,Data,25000,49203,,285,,Cash,3G,-999.0,5.0,4.0
CUST04718,SUB04718,PROD005,2348056052579,Customer 4718,female,26-35,Enugu,South West,STANDARD,2024-01-08,Cancelled,Postpaid,Monthly,Nova Starter,Bundle,8000,45000MB,207.0,264,8000,,5G,-108.0,2.0,2.0
CUST04719,SUB04719,PROD001,2348037004074,Customer 4719,MALE,36-45,Enugu,South East,Corporate,2024-10-25,SUSPENDED,prepaid,Annual,Nova Premium 5G,Data,25000,,1296.0,314,25000,USSD,5G,-999.0,0.0,2.0
CUST04720,SUB04720,PROD002,2348062697635, Customer 4720 ,Male,,Lagos,South East,premium ,2021-11-10,Suspended,post paid,ANNUAL,Nova Unlimited Voice,Voice,12000,45000MB,542.0,226,12000,USSD,,-999.0,5.0,1.0
CUST04721,SUB04721,PROD001,2348051203907,Customer 4721,male,18-25,,North West,premium ,2022-12-02,Active,prepaid,ANNUAL,Nova Premium 5G,Data,25000,45000MB,537.0,76,,Cash,3G,-999.0,,4.0
CUST04722,SUB04722,PROD001,2348022983758,Customer 4722,FEMALE,36-45,,North West,Premium,2022-03-26,active,Prepaid,Annual,Nova Premium 5G,Data,25000,,2728.0,547,25000,,,-999.0,2.0,3.0
CUST04723,SUB04723,PROD005,2348059497625,Customer 4723,Male,,Ibadan,South East,Basic,2022-06-20,,prepaid,monthly,Nova Starter,Bundle,8000,28785,2535.0,149,8000,Bank Transfer,5G,,2.0,4.0
CUST04724,SUB04724,PROD003,2348054660301,Customer 4724,Female,18-25,lagos,South South,Corporate,2023-04-20,cancelled,post paid,No contract,Nova Hybrid Plus,Bundle,18000,23409,1793.0,453,18000,CARD,4G,-70.0,2.0,2.0
CUST04725,SUB04725,PROD001,2348096313349,Customer 4725,M,36-45,lagos,South East,Corporate,03/07/2021,ACTIVE,prepaid,No contract,Nova Premium 5G,Data,25000,45000MB,2027.0,290,25000,Card,3G,-108.0,0.0,
CUST04726,SUB04726,PROD001,2348040653399,Customer 4726,Male,26-35,portharcourt,South East,,2024-05-01,active,prepaid,Monthly,Nova Premium 5G,Data,25000,23522,2065.0,664,25000,bank transfer,4G,,2.0,3.0
CUST04727,SUB04727,PROD001,2348091639279,Customer 4727,Male,18-25,portharcourt,South West,premium ,2024-04-24,Active,prepaid,monthly,Nova Premium 5G,Data,25000,88090,2310.0,430,25000,bank transfer,,-105.0,2.0,2.0
CUST04728,SUB04728,PROD003,2348047514944,Customer 4728,M,36-45,Kano,North Central,,2024-01-26,ACTIVE,post paid,monthly,Nova Hybrid Plus,Bundle,18000,45000MB,,143,,USSD,3G,-999.0,1.0,2.0
CUST04729,SUB04729,PROD003,2348017908559,Customer 4729,Female,36-45,Enugu,South West,Standard,2021-06-04,Cancelled,prepaid,monthly,Nova Hybrid Plus,Bundle,18000,1766,2781.0,176,18000,Cash,4G,,5.0,4.0
CUST04730,SUB04730,PROD005,2348017900248,Customer 4730,Male,36-45,lagos,North West,,2022-10-04,Cancelled,Postpaid,ANNUAL,Nova Starter,Bundle,8000,72632,2609.0,371,8000,Cash,,-999.0,0.0,1.0
CUST04731,SUB04731,PROD005,2348019259554,Customer 4731,Female,,Enugu,South South,,2021-02-25,Active,post paid,ANNUAL,Nova Starter,Bundle,8000,2080,674.0,396,8000,USSD,4G,-999.0,5.0,2.0
CUST04732,SUB04732,PROD002,2348035892610,Customer 4732,Female,18-25,Kano,South South,Corporate,2024-11-09,Active,Prepaid,monthly,Nova Unlimited Voice,Voice,12000,19434,,320,12000,USSD,5G,,5.0,4.0
CUST04733,SUB04733,PROD001,2348080347737,Customer 4733,F,18-25,Kano,South South,,2024-02-03,active,Prepaid,No contract,Nova Premium 5G,Data,25000,45000MB,,350,25000,Cash,3G,,0.0,3.0
CUST04734,SUB04734,PROD002,2348035022306,Customer 4734,,60+,Lagos,South South,premium ,2023-06-24,Active,post paid,Monthly,Nova Unlimited Voice,Voice,12000,45000MB,,490,12000,USSD,4g,-70.0,1.0,4.0
CUST04735,SUB04735,PROD004,2348089826392,Customer 4735,Male,26-35,portharcourt,North West,Premium,2022-11-15,ACTIVE,POSTPAID,monthly,Nova SME Connect,Business,35000,41077,,154,,Cash,3G,-91.0,5.0,4.0
CUST04736,SUB04736,PROD002,2348075347855,Customer 4736,male,60+,,South West,,2022-10-11,,post paid,Monthly,Nova Unlimited Voice,Voice,12000,,1719.0,726,12000,Card,LTE,-999.0,5.0,
CUST04737,SUB04737,PROD001,2348042474325,Customer 4737,Male,36-45,lagos,South West,Standard,2024-08-05,active,POSTPAID,No contract,Nova Premium 5G,Data,25000,62338,3895.0,714,,Card,LTE,-63.0,5.0,3.0
CUST04738,SUB04738,PROD004,2348070818879,Customer 4738,MALE,26-35,LAGOS,North Central,,2023-05-03,,POSTPAID,Monthly,Nova SME Connect,Business,35000,,,134,35000,Bank Transfer,,-999.0,5.0,1.0
CUST04739,SUB04739,PROD002,2348050658786,Customer 4739,Male,26-35,Ibadan,South West,Premium,2025-04-22,Active,Prepaid,Monthly,Nova Unlimited Voice,Voice,12000,45000MB,,773,,USSD,4G,,,
CUST04740,SUB04740,PROD004,2348058421375, Customer 4740 ,Male,,portharcourt,North West,STANDARD,2022-10-10,Cancelled,prepaid,Monthly,Nova SME Connect,Business,35000,12657,,674,35000,Card,4G,,5.0,
CUST04741,SUB04741,PROD003,2348060723894,Customer 4741,M,26-35,Ibadan,South West,Premium,2023-09-10,Actv,prepaid,Monthly,Nova Hybrid Plus,Bundle,18000,45000MB,,275,18000,bank transfer,LTE,-999.0,5.0,
CUST04742,SUB04742,PROD004,2348031842885,Customer 4742,Female,60+, Abuja ,North West,,2024-06-04,Active,post paid,No contract,Nova SME Connect,Business,35000,45000MB,3767.0,360,,CARD,3G,,2.0,1.0
CUST04743,SUB04743,PROD003,2348046634654,Customer 4743,Male,18-25,Enugu,North West,Basic,2024-02-20,Active,POSTPAID,Annual,Nova Hybrid Plus,Bundle,18000,,,216,18000,Cash,4G,-999.0,0.0,4.0
CUST04744,SUB04744,PROD004,2348010807562,Customer 4744,Male,60+,LAGOS,South South,Corporate,2025-11-06,,Prepaid,No contract,Nova SME Connect,Business,35000,58840,3013.0,224,35000,bank transfer,5G,-999.0,,1.0
CUST04745,SUB04745,PROD004,2348094087675,Customer 4745,Male,,Abuja,North Central,,2025-07-05,Active,Postpaid,Annual,Nova SME Connect,Business,35000,45000MB,,229,35000,USSD,LTE,-66.0,5.0,5.0
CUST04746,SUB04746,PROD002,2348069119578,Customer 4746,Female,18-25,LAGOS,South South,STANDARD,2022-03-21,Active,POSTPAID,ANNUAL,Nova Unlimited Voice,Voice,12000,36071,3760.0,256,12000,bank transfer,4g,,5.0,1.0
CUST04747,SUB04747,PROD005,2348083157348,Customer 4747,Male,60+,Kano,North West,Standard,2025-09-05,Actv,POSTPAID,monthly,Nova Starter,Bundle,8000,79692,3930.0,259,8000,Card,3G,,0.0,
CUST04748,SUB04748,PROD005,2348067774287,Customer 4748,M,36-45,Enugu,South South,premium ,2023-09-28,cancelled,POSTPAID,No contract,Nova Starter,Bundle,8000,45000MB,,151,8000,Cash,5G,-71.0,2.0,4.0
CUST04749,SUB04749,PROD002,2348012336449,Customer 4749,,,,South South,Basic,2023-09-22,,Postpaid,Monthly,Nova Unlimited Voice,Voice,12000,,613.0,690,12000,USSD,5G,,0.0,5.0
CUST04750,SUB04750,PROD002,2348043223799,Customer 4750,,26-35, Abuja ,North Central,Corporate,18/03/2021,Active,prepaid,ANNUAL,Nova Unlimited Voice,Voice,12000,8433,,721,,,5G,-999.0,5.0,
CUST04751,SUB04751,PROD005,2348054437963,Customer 4751,MALE,36-45,LAGOS,North Central,Basic,2021-09-12,SUSPENDED,POSTPAID,Annual,Nova Starter,Bundle,8000,63878,,642,8000,Bank Transfer,LTE,-53.0,0.0,4.0
CUST04752,SUB04752,PROD001,2348084990914,Customer 4752,F,60+,Enugu,South West,Basic,2021-11-23,Actv,Prepaid,ANNUAL,Nova Premium 5G,Data,25000,,,54,,bank transfer,4G,,,3.0
CUST04753,SUB04753,PROD001,2348039857213,Customer 4753,Male,,Ibadan,North West,,2023-03-07,,POSTPAID,No contract,Nova Premium 5G,Data,25000,45000MB,,440,25000,Card,3G,-999.0,5.0,3.0
CUST04754,SUB04754,PROD002,2348028478202,Customer 4754,F,36-45,portharcourt,South West,Standard,2024-10-07,Active,post paid,No contract,Nova Unlimited Voice,Voice,12000,69606,1640.0,399,,Bank Transfer,LTE,-83.0,1.0,2.0
CUST04755,SUB04755,PROD004,2348092654175,Customer 4755,,26-35,Enugu,South East,Standard,2021-07-05,active,prepaid,No contract,Nova SME Connect,Business,35000,45000MB,,754,,,,-999.0,1.0,3.0
CUST04756,SUB04756,PROD005,2348082296054,Customer 4756,Female,, Abuja ,North Central,Basic,2022-08-09,Cancelled,Prepaid,monthly,Nova Starter,Bundle,8000,2776,896.0,740,,Card,4g,-999.0,5.0,2.0
CUST04757,SUB04757,PROD005,2348067340418,Customer 4757,Female,26-35,lagos,North Central,premium ,2021-12-14,Active,Prepaid,No contract,Nova Starter,Bundle,8000,45000MB,,709,8000,Cash,5G,,0.0,3.0
CUST04758,SUB04758,PROD005,2348013640019,Customer 4758,Male,,Enugu,South West,Basic,2024-09-15,Active,post paid,monthly,Nova Starter,Bundle,8000,45000MB,,311,8000,Card,4G,,5.0,1.0
CUST04759,SUB04759,PROD001,2348091228019,Customer 4759,Female,26-35,lagos,South South,Corporate,2023-09-15,Suspended,post paid,Monthly,Nova Premium 5G,Data,25000,45000MB,,765,,Card,4g,-77.0,0.0,3.0
CUST04760,SUB04760,PROD003,2348073526826, Customer 4760 ,,46-60,Enugu,North Central,,2024-03-14,Active,post paid,Annual,Nova Hybrid Plus,Bundle,18000,75047,934.0,720,,CARD,4g,,,4.0
CUST04761,SUB04761,PROD001,2348033735846,Customer 4761,male,18-25,,South South,premium ,2023-09-07,Cancelled,POSTPAID,Monthly,Nova Premium 5G,Data,25000,49453,,632,25000,Bank Transfer,3G,,1.0,3.0
CUST04762,SUB04762,PROD001,2348044291341,Customer 4762,Unknown,18-25,Kano,South East,Standard,2023-02-05,Active,post paid,ANNUAL,Nova Premium 5G,Data,25000,,953.0,664,,Card,4g,,0.0,
CUST04763,SUB04763,PROD002,2348065563314,Customer 4763,,26-35,Enugu,South East,Standard,2025-05-09,Active,POSTPAID,Annual,Nova Unlimited Voice,Voice,12000,,3953.0,91,12000,,3G,-105.0,2.0,2.0
CUST04764,SUB04764,PROD004,2348061255744,Customer 4764,,36-45,,South South,premium ,2021-04-12,active,Prepaid,ANNUAL,Nova SME Connect,Business,35000,45000MB,1475.0,355,35000,Bank Transfer,5G,,0.0,3.0
CUST04765,SUB04765,PROD005,2348093830923,Customer 4765,Female,,Enugu,North Central,,2021-07-23,,Prepaid,monthly,Nova Starter,Bundle,8000,45000MB,2793.0,458,8000,CARD,4g,-86.0,2.0,4.0
CUST04766,SUB04766,PROD002,2348039821788,Customer 4766,Male,36-45,Ibadan,North Central,,2021-01-18,Cancelled,Prepaid,No contract,Nova Unlimited Voice,Voice,12000,13974,,0,,bank transfer,5G,,,2.0
CUST04767,SUB04767,PROD004,2348071332125,Customer 4767,Male,46-60,Ibadan,North West,,2022-05-26,cancelled,POSTPAID,Annual,Nova SME Connect,Business,35000,,,186,,USSD,3G,-106.0,,3.0
CUST04768,SUB04768,PROD001,2348098359968,Customer 4768,Male,60+,lagos,North Central,Basic,2023-04-13,Active,prepaid,No contract,Nova Premium 5G,Data,25000,64942,,392,25000,bank transfer,LTE,-96.0,2.0,2.0
CUST04769,SUB04769,PROD002,2348011549780,Customer 4769,Female,36-45,Lagos,South West,Basic,2022-09-24,Suspended,post paid,monthly,Nova Unlimited Voice,Voice,12000,45000MB,1431.0,100,,USSD,5G,-73.0,,
CUST04770,SUB04770,PROD004,2348093024415,Customer 4770,Male,,Port Harcourt,North Central,Standard,2025-07-22,Active,prepaid,ANNUAL,Nova SME Connect,Business,35000,45000MB,,677,,bank transfer,5G,,5.0,5.0
CUST04771,SUB04771,PROD002,2348068197667,Customer 4771,M,46-60,LAGOS,South South,Basic,2022-01-11,Actv,post paid,ANNUAL,Nova Unlimited Voice,Voice,12000,45000MB,,56,,CARD,3G,,,
CUST04772,SUB04772,PROD003,2348017679155,Customer 4772,F,36-45,,North West,,2025-06-29,,Postpaid,ANNUAL,Nova Hybrid Plus,Bundle,18000,,,236,18000,USSD,LTE,-999.0,5.0,4.0
CUST04773,SUB04773,PROD002,2348011410711,Customer 4773,male,46-60, Abuja ,South South,premium ,2024-11-12,Active,post paid,monthly,Nova Unlimited Voice,Voice,12000,45000MB,1028.0,444,,Cash,,-999.0,2.0,
CUST04774,SUB04774,PROD004,2348065102582,Customer 4774,Female,26-35,Port Harcourt,North Central,Corporate,2023-08-01,Active,Prepaid,ANNUAL,Nova SME Connect,Business,35000,68464,,400,,Card,4G,-62.0,,2.0
CUST04775,SUB04775,PROD002,2348073206663,Customer 4775,Unknown,18-25,Ibadan,North West,Standard,18/02/2024,Active,prepaid,ANNUAL,Nova Unlimited Voice,Voice,12000,45000MB,,405,12000,Card,4G,-999.0,0.0,1.0
CUST04776,SUB04776,PROD001,2348027496882,Customer 4776,Female,,,South South,Premium,2021-02-16,SUSPENDED,Prepaid,Annual,Nova Premium 5G,Data,25000,,2534.0,653,25000,bank transfer,LTE,,5.0,2.0
CUST04777,SUB04777,PROD001,2348084940431,Customer 4777,F,,portharcourt,South West,Basic,2021-11-22,Active,post paid,Annual,Nova Premium 5G,Data,25000,,3325.0,21,25000,Cash,,,5.0,3.0
CUST04778,SUB04778,PROD004,2348043366151,Customer 4778,Female,36-45,,South West,,2022-03-18,,POSTPAID,No contract,Nova SME Connect,Business,35000,61280,2193.0,47,,Cash,,-999.0,5.0,1.0
CUST04779,SUB04779,PROD001,2348023969532,Customer 4779,,46-60,Abuja,North Central,premium ,2023-04-23,cancelled,Postpaid,No contract,Nova Premium 5G,Data,25000,,3248.0,505,,,3G,-109.0,,5.0
CUST04780,SUB04780,PROD005,2348068219568, Customer 4780 , f,46-60,,South East,Premium,2023-02-11,cancelled,prepaid,Annual,Nova Starter,Bundle,8000,45000MB,658.0,202,,Cash,5G,-999.0,2.0,2.0
CUST04781,SUB04781,PROD005,2348089943938,Customer 4781,Male,60+,LAGOS,North West,Standard,2025-10-22,Actv,post paid,ANNUAL,Nova Starter,Bundle,8000,33489,,298,8000,USSD,4g,-73.0,2.0,3.0
CUST04782,SUB04782,PROD002,2348092418671,Customer 4782, f,60+,portharcourt,South East,STANDARD,2025-05-31,,Prepaid,ANNUAL,Nova Unlimited Voice,Voice,12000,45000MB,955.0,231,12000,,,-999.0,1.0,4.0
CUST04783,SUB04783,PROD003,2348017466748,Customer 4783,F,60+,Ibadan,South South,Standard,2021-11-03,Actv,POSTPAID,Annual,Nova Hybrid Plus,Bundle,18000,13382,756.0,9,18000,Bank Transfer,4g,-999.0,2.0,
CUST04784,SUB04784,PROD004,2348034879327,Customer 4784,Male,60+,Enugu,North Central,Corporate,2024-09-16,Cancelled,Prepaid,monthly,Nova SME Connect,Business,35000,,,183,35000,Cash,3G,-52.0,,3.0
CUST04785,SUB04785,PROD005,2348074124442,Customer 4785,female,18-25,lagos,South South,STANDARD,2022-01-05,,Prepaid,monthly,Nova Starter,Bundle,8000,45000MB,2666.0,376,,CARD,5G,-999.0,5.0,4.0
CUST04786,SUB04786,PROD002,2348049128468,Customer 4786,Male,26-35,Lagos,South South,Premium,2021-07-25,Cancelled,prepaid,ANNUAL,Nova Unlimited Voice,Voice,12000,45000MB,835.0,673,12000,CARD,4g,-66.0,1.0,2.0
CUST04787,SUB04787,PROD003,2348062307156,Customer 4787,Male,36-45,Enugu,South West,Corporate,2025-11-06,Active,POSTPAID,Monthly,Nova Hybrid Plus,Bundle,18000,45000MB,2177.0,418,18000,,,-999.0,2.0,5.0
CUST04788,SUB04788,PROD003,2348098137789,Customer 4788,,,Enugu,South West,Basic,2025-03-21,Actv,prepaid,monthly,Nova Hybrid Plus,Bundle,18000,,2332.0,395,,,3G,-999.0,2.0,2.0
CUST04789,SUB04789,PROD002,2348042439721,Customer 4789,Female,,Abuja,South West,premium ,2024-06-24,Active,POSTPAID,monthly,Nova Unlimited Voice,Voice,12000,,,474,12000,,5G,-999.0,,3.0
CUST04790,SUB04790,PROD001,2348076879625,Customer 4790,Female,36-45,Port Harcourt,North West,STANDARD,2024-06-09,Active,POSTPAID,Annual,Nova Premium 5G,Data,25000,,507.0,13,25000,USSD,4g,,1.0,1.0
CUST04791,SUB04791,PROD005,2348063945021,Customer 4791,Female,60+,LAGOS,North Central,Corporate,2021-05-21,Active,prepaid,Monthly,Nova Starter,Bundle,8000,,843.0,150,,Cash,,,5.0,
CUST04792,SUB04792,PROD005,2348075716098,Customer 4792,Female,36-45,Port Harcourt,South West,Corporate,2024-09-03,ACTIVE,POSTPAID,Annual,Nova Starter,Bundle,8000,43893,2193.0,131,8000,bank transfer,3G,-103.0,1.0,2.0
CUST04793,SUB04793,PROD002,2348051674785,Customer 4793,F,46-60,lagos,South West,Premium,2024-02-09,Active,prepaid,ANNUAL,Nova Unlimited Voice,Voice,12000,75172,3952.0,97,,Cash,4g,,1.0,
CUST04794,SUB04794,PROD005,2348094436998,Customer 4794,MALE,46-60,Enugu,North Central,STANDARD,2021-03-13,cancelled,Postpaid,monthly,Nova Starter,Bundle,8000,,3926.0,652,8000,bank transfer,4g,,2.0,1.0
CUST04795,SUB04795,PROD005,2348016964768,Customer 4795,female,18-25,portharcourt,South East,STANDARD,2022-10-04,Active,POSTPAID,No contract,Nova Starter,Bundle,8000,,,114,8000,,LTE,-999.0,0.0,2.0
CUST04796,SUB04796,PROD005,2348020102771,Customer 4796,Female,18-25,Ibadan,South East,,2021-01-09,active,Postpaid,monthly,Nova Starter,Bundle,8000,,714.0,140,8000,,4g,-999.0,1.0,1.0
CUST04797,SUB04797,PROD004,2348091435836,Customer 4797,F,46-60,Ibadan,North West,,2025-01-25,Active,Prepaid,Annual,Nova SME Connect,Business,35000,,,290,35000,Bank Transfer,4G,-91.0,0.0,2.0
CUST04798,SUB04798,PROD005,2348026911461,Customer 4798, f,26-35,Abuja,South South,Basic,2025-11-08,active,Postpaid,Monthly,Nova Starter,Bundle,8000,49367,,347,8000,CARD,4g,-94.0,5.0,
CUST04799,SUB04799,PROD002,2348086812105,Customer 4799,Female,,Abuja,North West,STANDARD,2025-07-12,Suspended,prepaid,monthly,Nova Unlimited Voice,Voice,12000,53007,,733,12000,Cash,5G,-98.0,,2.0
CUST04800,SUB04800,PROD002,2348013121288, Customer 4800 ,Female,46-60,lagos,South South,Standard,18/10/2023,Active,prepaid,ANNUAL,Nova Unlimited Voice,Voice,12000,45000MB,3923.0,494,12000,Cash,,,,1.0
CUST04801,SUB04801,PROD004,2348077621620,Customer 4801,female,18-25,portharcourt,South East,premium ,2023-04-22,Active,POSTPAID,Annual,Nova SME Connect,Business,35000,36236,3415.0,549,35000,Card,LTE,,0.0,
CUST04802,SUB04802,PROD001,2348077625818,Customer 4802,MALE,26-35,portharcourt,South East,Basic,2022-06-10,active,POSTPAID,Annual,Nova Premium 5G,Data,25000,,2043.0,784,25000,bank transfer,3G,,2.0,1.0
CUST04803,SUB04803,PROD005,2348038190039,Customer 4803,,60+,Port Harcourt,South West,premium ,2023-08-31,Active,Prepaid,Annual,Nova Starter,Bundle,8000,25937,2336.0,642,8000,bank transfer,5G,-63.0,2.0,5.0
CUST04804,SUB04804,PROD002,2348035975244,Customer 4804,Male,60+,,South East,Premium,2023-02-15,active,prepaid,Annual,Nova Unlimited Voice,Voice,12000,45000MB,2454.0,15,12000,CARD,LTE,,2.0,3.0
CUST04805,SUB04805,PROD002,2348074336027,Customer 4805,Female,60+,,North West,,2021-12-11,Suspended,prepaid,monthly,Nova Unlimited Voice,Voice,12000,42649,,97,12000,Bank Transfer,LTE,,1.0,4.0
CUST04806,SUB04806,PROD003,2348040398084,Customer 4806,M,36-45,Ibadan,North West,Basic,2022-04-24,Active,Postpaid,monthly,Nova Hybrid Plus,Bundle,18000,,,15,18000,Bank Transfer,4G,-999.0,1.0,1.0
CUST04807,SUB04807,PROD001,2348051057966,Customer 4807,FEMALE,60+,Kano,South South,premium ,2025-06-11,active,post paid,ANNUAL,Nova Premium 5G,Data,25000,,,742,,bank transfer,,-999.0,,5.0
CUST04808,SUB04808,PROD002,2348095964140,Customer 4808,Female,46-60,Enugu,North West,premium ,2022-11-09,Suspended,Postpaid,Monthly,Nova Unlimited Voice,Voice,12000,45000MB,,479,12000,CARD,5G,-85.0,1.0,4.0
CUST04809,SUB04809,PROD004,2348030342434,Customer 4809,M,,lagos,South East,,2021-10-20,Active,post paid,monthly,Nova SME Connect,Business,35000,45000MB,545.0,340,35000,CARD,LTE,-999.0,5.0,
CUST04810,SUB04810,PROD003,2348081900946,Customer 4810,,18-25,Enugu,North West,Corporate,2023-09-05,cancelled,POSTPAID,Monthly,Nova Hybrid Plus,Bundle,18000,45000MB,,509,18000,Bank Transfer,4G,-97.0,5.0,2.0
CUST04811,SUB04811,PROD005,2348068340102,Customer 4811,Male,,lagos,North West,,2023-06-28,,Prepaid,ANNUAL,Nova Starter,Bundle,8000,,,279,,Cash,,-56.0,5.0,4.0
CUST04812,SUB04812,PROD003,2348090975370,Customer 4812,F,26-35,lagos,South South,Corporate,2022-01-22,Active,Prepaid,Monthly,Nova Hybrid Plus,Bundle,18000,,,570,18000,USSD,4g,-999.0,0.0,4.0
CUST04813,SUB04813,PROD002,2348096622093,Customer 4813,Female,36-45,Lagos,South West,Basic,2023-02-10,cancelled,POSTPAID,Monthly,Nova Unlimited Voice,Voice,12000,,2856.0,789,12000,Cash,4g,-999.0,,2.0
CUST04814,SUB04814,PROD001,2348098667043,Customer 4814,Female,46-60,portharcourt,South East,STANDARD,2025-11-14,Cancelled,Prepaid,monthly,Nova Premium 5G,Data,25000,26642,,129,,Cash,4g,,2.0,1.0
CUST04815,SUB04815,PROD002,2348041312254,Customer 4815,,,Kano,South South,STANDARD,2025-09-09,active,Postpaid,monthly,Nova Unlimited Voice,Voice,12000,45000MB,2661.0,564,12000,CARD,LTE,,0.0,
CUST04816,SUB04816,PROD001,2348075903315,Customer 4816,Male,60+,portharcourt,South South,STANDARD,2022-01-09,Active,post paid,Monthly,Nova Premium 5G,Data,25000,,,396,25000,bank transfer,,,2.0,
CUST04817,SUB04817,PROD004,2348083281614,Customer 4817,Male,36-45,,South West,STANDARD,2023-10-21,Cancelled,POSTPAID,Monthly,Nova SME Connect,Business,35000,12454,,504,35000,bank transfer,,-999.0,2.0,3.0
CUST04818,SUB04818,PROD004,2348045558535,Customer 4818,,46-60,Ibadan,South West,Standard,2025-04-16,Cancelled,Postpaid,monthly,Nova SME Connect,Business,35000,45000MB,,104,35000,Bank Transfer,,-999.0,,1.0
CUST04819,SUB04819,PROD002,2348058162122,Customer 4819,M,46-60,Ibadan,North West,,2023-07-05,Suspended,Postpaid,Monthly,Nova Unlimited Voice,Voice,12000,,585.0,735,12000,USSD,4G,-91.0,1.0,3.0
CUST04820,SUB04820,PROD005,2348067056709, Customer 4820 ,Female,26-35,Enugu,South East,premium ,2023-06-30,Cancelled,Postpaid,No contract,Nova Starter,Bundle,8000,,3099.0,280,,bank transfer,5G,-999.0,5.0,
CUST04821,SUB04821,PROD002,2348034657383,Customer 4821,Female,60+,portharcourt,South East,Basic,2021-01-08,active,Prepaid,No contract,Nova Unlimited Voice,Voice,12000,45000MB,,637,,USSD,4G,,2.0,
CUST04822,SUB04822,PROD001,2348087759669,Customer 4822,Female,46-60,Abuja,South East,Corporate,2025-06-14,cancelled,Postpaid,Monthly,Nova Premium 5G,Data,25000,,,784,25000,Cash,,,0.0,1.0
CUST04823,SUB04823,PROD004,2348077482326,Customer 4823,,46-60,lagos,North Central,Basic,2024-12-29,Suspended,Prepaid,monthly,Nova SME Connect,Business,35000,,,441,,CARD,3G,,2.0,
CUST04824,SUB04824,PROD005,2348078461549,Customer 4824,Female,18-25,LAGOS,North Central,Standard,2024-09-18,active,Prepaid,ANNUAL,Nova Starter,Bundle,8000,,1442.0,738,8000,Cash,5G,-63.0,0.0,2.0
CUST04825,SUB04825,PROD005,2348051590780,Customer 4825,F,36-45,Enugu,South South,Standard,23/11/2022,SUSPENDED,POSTPAID,ANNUAL,Nova Starter,Bundle,8000,42520,711.0,17,,USSD,4G,-89.0,2.0,
CUST04826,SUB04826,PROD005,2348021292337,Customer 4826,Male,46-60,Abuja,South West,STANDARD,2023-12-11,active,Prepaid,ANNUAL,Nova Starter,Bundle,8000,45000MB,2614.0,290,8000,CARD,,-999.0,,5.0
CUST04827,SUB04827,PROD004,2348032040504,Customer 4827,,26-35,Kano,North Central,STANDARD,2023-08-28,Active,prepaid,ANNUAL,Nova SME Connect,Business,35000,51869,,0,,CARD,3G,-53.0,5.0,2.0
CUST04828,SUB04828,PROD002,2348060898827,Customer 4828,,26-35,Port Harcourt,South South,Standard,2023-01-29,active,prepaid,monthly,Nova Unlimited Voice,Voice,12000,71610,3540.0,319,,USSD,4g,-999.0,0.0,5.0
CUST04829,SUB04829,PROD003,2348039595532,Customer 4829,FEMALE,46-60,portharcourt,South South,,2024-07-15,ACTIVE,Postpaid,ANNUAL,Nova Hybrid Plus,Bundle,18000,51161,720.0,451,18000,bank transfer,3G,-56.0,5.0,3.0
CUST04830,SUB04830,PROD005,2348095479907,Customer 4830,female,18-25,Kano,North Central,,2021-11-16,Actv,post paid,No contract,Nova Starter,Bundle,8000,45000MB,911.0,92,8000,CARD,4G,-72.0,2.0,
CUST04831,SUB04831,PROD001,2348034438376,Customer 4831,m ,18-25,Enugu,North West,Premium,2022-05-07,Actv,Prepaid,monthly,Nova Premium 5G,Data,25000,50700,2659.0,13,25000,Card,5G,-999.0,5.0,5.0
CUST04832,SUB04832,PROD003,2348068495059,Customer 4832,female,26-35,,North Central,premium ,2024-03-09,active,post paid,monthly,Nova Hybrid Plus,Bundle,18000,,3448.0,192,18000,bank transfer,5G,,,5.0
CUST04833,SUB04833,PROD005,2348082889616,Customer 4833, f,60+,Port Harcourt,North Central,Basic,2024-09-07,Suspended,prepaid,Monthly,Nova Starter,Bundle,8000,45000MB,,361,8000,Bank Transfer,4G,-72.0,5.0,1.0
CUST04834,SUB04834,PROD002,2348022236545,Customer 4834,Male,18-25,Ibadan,South South,Basic,2022-05-10,active,Prepaid,monthly,Nova Unlimited Voice,Voice,12000,45000MB,3353.0,171,12000,USSD,4g,,0.0,5.0
CUST04835,SUB04835,PROD001,2348098838370,Customer 4835,Female,46-60,Lagos,South East,Basic,2025-06-14,Cancelled,POSTPAID,Monthly,Nova Premium 5G,Data,25000,42820,,574,25000,CARD,LTE,,5.0,4.0
CUST04836,SUB04836,PROD001,2348060798942,Customer 4836,Female,26-35,Ibadan,South East,Premium,2022-12-15,Suspended,post paid,monthly,Nova Premium 5G,Data,25000,45000MB,,143,25000,USSD,LTE,,,
CUST04837,SUB04837,PROD002,2348074124376,Customer 4837,F,46-60,portharcourt,South East,,2025-06-10,Active,Postpaid,ANNUAL,Nova Unlimited Voice,Voice,12000,60373,,463,,Cash,3G,,,5.0
CUST04838,SUB04838,PROD001,2348092535077,Customer 4838,Female,36-45,lagos,South West,Premium,2023-03-29,cancelled,POSTPAID,monthly,Nova Premium 5G,Data,25000,45000MB,3214.0,490,,,4g,,5.0,1.0
CUST04839,SUB04839,PROD005,2348014532730,Customer 4839,Male,36-45,Enugu,North West,STANDARD,2025-05-14,Cancelled,prepaid,Annual,Nova Starter,Bundle,8000,57938,,102,8000,CARD,LTE,,0.0,3.0
CUST04840,SUB04840,PROD001,2348061269005, Customer 4840 ,Male,18-25,Kano,South South,STANDARD,2021-09-14,cancelled,Postpaid,monthly,Nova Premium 5G,Data,25000,24034,2968.0,243,,Card,5G,-98.0,0.0,1.0
CUST04841,SUB04841,PROD002,2348033381210,Customer 4841,m ,,Ibadan,South South,premium ,2025-09-06,ACTIVE,POSTPAID,Annual,Nova Unlimited Voice,Voice,12000,,,506,,Bank Transfer,LTE,,2.0,2.0
CUST04842,SUB04842,PROD004,2348018396769,Customer 4842,Female,18-25,Abuja,South West,Standard,2022-08-17,,Prepaid,monthly,Nova SME Connect,Business,35000,45000MB,1571.0,451,35000,Card,3G,,1.0,2.0
CUST04843,SUB04843,PROD002,2348013130510,Customer 4843,Female,18-25,Abuja,South East,premium ,2021-06-07,Active,prepaid,ANNUAL,Nova Unlimited Voice,Voice,12000,5309,3812.0,22,,Card,LTE,-53.0,2.0,1.0
CUST04844,SUB04844,PROD001,2348085316091,Customer 4844,female,60+,,North West,,2024-08-28,Active,POSTPAID,monthly,Nova Premium 5G,Data,25000,4601,1559.0,145,25000,CARD,LTE,,,1.0
CUST04845,SUB04845,PROD004,2348016360413,Customer 4845,male,,Lagos,North Central,,2023-03-23,ACTIVE,Postpaid,monthly,Nova SME Connect,Business,35000,89239,,784,35000,,5G,-999.0,5.0,
CUST04846,SUB04846,PROD003,2348028821577,Customer 4846,Male,18-25,portharcourt,South West,STANDARD,2021-01-31,Suspended,Postpaid,Annual,Nova Hybrid Plus,Bundle,18000,16597,,552,18000,USSD,4G,,,1.0
CUST04847,SUB04847,PROD005,2348017588894,Customer 4847,Female,46-60,portharcourt,South East,Standard,2025-07-06,Suspended,Postpaid,Monthly,Nova Starter,Bundle,8000,73999,3912.0,3,,Cash,,-85.0,,3.0
CUST04848,SUB04848,PROD005,2348010442069,Customer 4848,Female,26-35,Port Harcourt,South East,Corporate,2021-01-25,active,prepaid,Monthly,Nova Starter,Bundle,8000,,,798,8000,USSD,3G,,5.0,4.0
CUST04849,SUB04849,PROD001,2348059711586,Customer 4849,Male,26-35,Kano,South South,Premium,2022-04-25,,prepaid,ANNUAL,Nova Premium 5G,Data,25000,,,370,25000,USSD,,,0.0,2.0
CUST04850,SUB04850,PROD003,2348033080470,Customer 4850,,18-25,Lagos,South West,Corporate,07/10/2024,Cancelled,Prepaid,monthly,Nova Hybrid Plus,Bundle,18000,15903,,19,18000,,4G,,1.0,
CUST04851,SUB04851,PROD002,2348056509690,Customer 4851,male,26-35, Abuja ,South West,premium ,2025-09-16,Cancelled,Prepaid,ANNUAL,Nova Unlimited Voice,Voice,12000,59174,,399,,bank transfer,4g,-88.0,0.0,
CUST04852,SUB04852,PROD004,2348079966613,Customer 4852,FEMALE,46-60,Abuja,South South,STANDARD,2024-08-09,ACTIVE,POSTPAID,Annual,Nova SME Connect,Business,35000,,,485,35000,Bank Transfer,4g,-999.0,0.0,2.0
CUST04853,SUB04853,PROD004,2348011229512,Customer 4853,M,26-35,Enugu,South East,,2023-03-23,cancelled,Postpaid,Monthly,Nova SME Connect,Business,35000,45000MB,,475,35000,CARD,4G,-999.0,1.0,2.0
CUST04854,SUB04854,PROD001,2348095100527,Customer 4854,FEMALE,36-45,Kano,North Central,STANDARD,2022-11-02,Actv,POSTPAID,ANNUAL,Nova Premium 5G,Data,25000,45000MB,2268.0,611,,,LTE,,,4.0
CUST04855,SUB04855,PROD001,2348019561735,Customer 4855,Male,60+,portharcourt,South East,,2023-04-28,ACTIVE,POSTPAID,Annual,Nova Premium 5G,Data,25000,45000MB,,724,25000,Bank Transfer,,,0.0,5.0
CUST04856,SUB04856,PROD001,2348082086564,Customer 4856,Male,60+,lagos,South West,STANDARD,2022-06-30,Active,post paid,ANNUAL,Nova Premium 5G,Data,25000,45000MB,,419,,,,-102.0,,2.0
CUST04857,SUB04857,PROD001,2348031889340,Customer 4857,Female,36-45,portharcourt,South West,STANDARD,2022-11-12,Cancelled,Postpaid,ANNUAL,Nova Premium 5G,Data,25000,45000MB,810.0,516,25000,Cash,4g,-82.0,5.0,3.0
CUST04858,SUB04858,PROD003,2348075482381,Customer 4858,Male,60+,LAGOS,North Central,Corporate,2024-12-02,Active,Postpaid,monthly,Nova Hybrid Plus,Bundle,18000,45000MB,,149,18000,Cash,5G,,5.0,5.0
CUST04859,SUB04859,PROD004,2348015173655,Customer 4859,F,26-35,Port Harcourt,South South,Standard,2024-03-14,cancelled,prepaid,monthly,Nova SME Connect,Business,35000,,,783,,bank transfer,LTE,-66.0,1.0,3.0
CUST04860,SUB04860,PROD002,2348018213183, Customer 4860 ,M,,,South West,Corporate,2021-12-23,active,Postpaid,monthly,Nova Unlimited Voice,Voice,12000,,,655,12000,CARD,3G,,2.0,5.0
CUST04861,SUB04861,PROD003,2348018401743,Customer 4861,m ,60+,Port Harcourt,South West,Basic,2022-11-04,Cancelled,prepaid,Monthly,Nova Hybrid Plus,Bundle,18000,,3530.0,181,,,5G,-999.0,5.0,4.0
CUST04862,SUB04862,PROD001,2348079231186,Customer 4862,F,36-45,LAGOS,South West,Corporate,2022-12-24,Active,POSTPAID,Monthly,Nova Premium 5G,Data,25000,,902.0,771,,Card,5G,-999.0,5.0,3.0
CUST04863,SUB04863,PROD004,2348086264080,Customer 4863,Female,26-35,LAGOS,North Central,Standard,2025-05-31,,Prepaid,ANNUAL,Nova SME Connect,Business,35000,71755,1752.0,796,35000,,LTE,,5.0,5.0
CUST04864,SUB04864,PROD004,2348081337853,Customer 4864,Unknown,18-25,Abuja,South East,,2022-02-02,ACTIVE,Prepaid,Annual,Nova SME Connect,Business,35000,45000MB,3915.0,787,35000,bank transfer,3G,-999.0,1.0,
CUST04865,SUB04865,PROD001,2348055987989,Customer 4865,Female,18-25,Ibadan,South South,Standard,2025-05-24,Cancelled,POSTPAID,No contract,Nova Premium 5G,Data,25000,45000MB,3641.0,682,25000,,4g,-999.0,2.0,4.0
CUST04866,SUB04866,PROD004,2348019345384,Customer 4866,F,18-25,Enugu,South East,,2024-04-16,cancelled,Prepaid,Annual,Nova SME Connect,Business,35000,45000MB,,450,35000,USSD,5G,-59.0,5.0,3.0
CUST04867,SUB04867,PROD004,2348052382215,Customer 4867,Male,18-25,,North West,,2023-12-25,,POSTPAID,monthly,Nova SME Connect,Business,35000,576,,662,35000,CARD,LTE,-999.0,2.0,4.0
CUST04868,SUB04868,PROD001,2348025868273,Customer 4868,M,,Ibadan,South West,,2024-01-19,Active,Postpaid,monthly,Nova Premium 5G,Data,25000,,3101.0,478,,Card,3G,,2.0,4.0
CUST04869,SUB04869,PROD001,2348038561186,Customer 4869,Male,18-25,lagos,South East,,2022-03-19,Active,Postpaid,Monthly,Nova Premium 5G,Data,25000,36950,,115,25000,USSD,3G,,,4.0
CUST04870,SUB04870,PROD001,2348022107347,Customer 4870,Male,60+,Lagos,South South,premium ,2022-04-20,active,Prepaid,Annual,Nova Premium 5G,Data,25000,,3507.0,114,25000,,LTE,,2.0,4.0
CUST04871,SUB04871,PROD004,2348041052247,Customer 4871,male,46-60,Abuja,South South,Standard,2025-09-19,Active,Prepaid,No contract,Nova SME Connect,Business,35000,32500,837.0,388,35000,USSD,3G,-999.0,2.0,3.0
CUST04872,SUB04872,PROD003,2348063966607,Customer 4872,M,60+,Ibadan,North Central,Premium,2022-01-16,Active,Postpaid,No contract,Nova Hybrid Plus,Bundle,18000,45000MB,69.0,533,18000,USSD,3G,-999.0,,1.0
CUST04873,SUB04873,PROD002,2348060007081,Customer 4873,M,60+,LAGOS,North West,Premium,2021-02-11,Active,post paid,monthly,Nova Unlimited Voice,Voice,12000,45000MB,3472.0,688,,Card,LTE,-83.0,2.0,4.0
CUST04874,SUB04874,PROD005,2348056737324,Customer 4874,female,46-60,Lagos,North West,Corporate,2023-04-08,active,post paid,Monthly,Nova Starter,Bundle,8000,,,272,,,3G,-62.0,5.0,2.0
CUST04875,SUB04875,PROD001,2348074098753,Customer 4875,Male,60+,Kano,South East,Corporate,08/10/2024,Active,Prepaid,monthly,Nova Premium 5G,Data,25000,52241,2093.0,437,,Bank Transfer,5G,-101.0,5.0,2.0
CUST04876,SUB04876,PROD002,2348020528516,Customer 4876,Male,18-25,Ibadan,South South,Standard,2023-06-07,active,post paid,Annual,Nova Unlimited Voice,Voice,12000,45000MB,,258,12000,Card,4g,,,5.0
CUST04877,SUB04877,PROD003,2348093092765,Customer 4877,Unknown,26-35,Kano,South South,premium ,2023-11-24,active,post paid,No contract,Nova Hybrid Plus,Bundle,18000,,,740,18000,USSD,LTE,-999.0,1.0,2.0
CUST04878,SUB04878,PROD005,2348026996556,Customer 4878,Female,60+, Abuja ,South East,,2021-06-23,Cancelled,post paid,ANNUAL,Nova Starter,Bundle,8000,20522,171.0,164,8000,CARD,4G,-73.0,5.0,1.0
CUST04879,SUB04879,PROD002,2348033182255,Customer 4879,,18-25,Port Harcourt,South South,Standard,2025-06-03,ACTIVE,prepaid,ANNUAL,Nova Unlimited Voice,Voice,12000,45000MB,,385,12000,CARD,LTE,,0.0,3.0
CUST04880,SUB04880,PROD002,2348070927074, Customer 4880 ,Female,60+,Port Harcourt,South West,Standard,2025-11-10,Active,Prepaid,Monthly,Nova Unlimited Voice,Voice,12000,71154,,756,12000,Bank Transfer,,-85.0,0.0,4.0
CUST04881,SUB04881,PROD001,2348018827304,Customer 4881,Female,46-60, Abuja ,North West,premium ,2023-05-04,,Postpaid,ANNUAL,Nova Premium 5G,Data,25000,45000MB,,50,,CARD,3G,,1.0,1.0
CUST04882,SUB04882,PROD004,2348060231525,Customer 4882,Female,,Ibadan,South South,premium ,2022-11-02,Active,prepaid,Annual,Nova SME Connect,Business,35000,,,315,35000,,,-83.0,2.0,2.0
CUST04883,SUB04883,PROD003,2348013844963,Customer 4883,Female,46-60,,South East,Premium,2025-04-10,cancelled,POSTPAID,ANNUAL,Nova Hybrid Plus,Bundle,18000,39917,1126.0,793,18000,bank transfer,4g,-83.0,,4.0
CUST04884,SUB04884,PROD005,2348030559397,Customer 4884,female,36-45,Port Harcourt,South West,premium ,2022-03-14,Active,Prepaid,Annual,Nova Starter,Bundle,8000,45000MB,,184,8000,USSD,3G,,2.0,4.0
CUST04885,SUB04885,PROD001,2348026398593,Customer 4885,Female,46-60,LAGOS,South South,Standard,2023-03-27,active,prepaid,monthly,Nova Premium 5G,Data,25000,,,488,25000,bank transfer,4g,,2.0,1.0
CUST04886,SUB04886,PROD003,2348085152717,Customer 4886,F,60+,portharcourt,South South,Standard,2021-11-26,Active,POSTPAID,No contract,Nova Hybrid Plus,Bundle,18000,57748,,712,18000,,4g,,2.0,2.0
CUST04887,SUB04887,PROD002,2348077333946,Customer 4887,M,18-25,Enugu,South South,Premium,2022-01-07,Active,Postpaid,Monthly,Nova Unlimited Voice,Voice,12000,,,70,12000,CARD,4g,-79.0,5.0,5.0
CUST04888,SUB04888,PROD003,2348021305998,Customer 4888,MALE,18-25,Abuja,North West,Corporate,2025-07-28,cancelled,Postpaid,ANNUAL,Nova Hybrid Plus,Bundle,18000,,,290,18000,Card,5G,-54.0,2.0,2.0
CUST04889,SUB04889,PROD004,2348095027758,Customer 4889,,,lagos,South East,Standard,2023-10-26,active,Prepaid,ANNUAL,Nova SME Connect,Business,35000,45000MB,3023.0,486,35000,Card,4g,-999.0,5.0,2.0
CUST04890,SUB04890,PROD002,2348053908704,Customer 4890,Male,,lagos,South East,Premium,2021-06-27,Actv,Prepaid,monthly,Nova Unlimited Voice,Voice,12000,71386,,425,12000,Bank Transfer,LTE,,1.0,4.0
CUST04891,SUB04891,PROD003,2348075333099,Customer 4891,M,46-60,Port Harcourt,South East,premium ,2024-04-22,Suspended,Postpaid,Monthly,Nova Hybrid Plus,Bundle,18000,,323.0,97,18000,,4g,,0.0,5.0
CUST04892,SUB04892,PROD002,2348060651195,Customer 4892, f,18-25, Abuja ,North West,Standard,2021-11-07,Actv,Prepaid,Annual,Nova Unlimited Voice,Voice,12000,,,666,,,3G,-999.0,,
CUST04893,SUB04893,PROD002,2348062396670,Customer 4893,Female,,Ibadan,South East,,2022-12-24,active,prepaid,No contract,Nova Unlimited Voice,Voice,12000,45000MB,,222,12000,,5G,-999.0,0.0,3.0
CUST04894,SUB04894,PROD005,2348030621930,Customer 4894,FEMALE,26-35,Kano,North Central,STANDARD,2024-11-24,active,POSTPAID,ANNUAL,Nova Starter,Bundle,8000,72810,1353.0,440,8000,,3G,-999.0,2.0,
CUST04895,SUB04895,PROD003,2348075423074,Customer 4895,Male,26-35,Enugu,South East,,2024-09-21,active,post paid,Monthly,Nova Hybrid Plus,Bundle,18000,54142,,687,18000,Cash,,-89.0,0.0,5.0
CUST04896,SUB04896,PROD005,2348019209011,Customer 4896,FEMALE,18-25,Kano,South West,Premium,2021-06-29,SUSPENDED,POSTPAID,No contract,Nova Starter,Bundle,8000,57027,99.0,354,8000,,LTE,-999.0,5.0,2.0
CUST04897,SUB04897,PROD005,2348054596964,Customer 4897,Male,36-45,Ibadan,South South,Standard,2025-05-09,Cancelled,prepaid,monthly,Nova Starter,Bundle,8000,46146,2812.0,191,,Card,,-999.0,2.0,4.0
CUST04898,SUB04898,PROD003,2348099790022,Customer 4898,m ,26-35,Abuja,South South,Standard,2024-02-29,Active,Postpaid,Annual,Nova Hybrid Plus,Bundle,18000,45000MB,1666.0,321,18000,Cash,,-55.0,5.0,5.0
CUST04899,SUB04899,PROD005,2348070143564,Customer 4899,M,36-45,Kano,North West,STANDARD,2022-12-04,Actv,post paid,monthly,Nova Starter,Bundle,8000,24566,1133.0,339,8000,CARD,3G,-999.0,5.0,3.0
CUST04900,SUB04900,PROD005,2348030478490, Customer 4900 ,Female,46-60,portharcourt,South South,premium ,02/05/2023,cancelled,POSTPAID,Annual,Nova Starter,Bundle,8000,,,255,8000,Bank Transfer,3G,-999.0,2.0,1.0
CUST04901,SUB04901,PROD004,2348022736455,Customer 4901,Female,,Ibadan,South East,,2025-11-19,active,prepaid,Monthly,Nova SME Connect,Business,35000,45000MB,1245.0,418,35000,Cash,4G,-87.0,2.0,2.0
CUST04902,SUB04902,PROD002,2348016672363,Customer 4902,M,46-60,Ibadan,South East,Premium,2021-07-14,active,Postpaid,ANNUAL,Nova Unlimited Voice,Voice,12000,21006,,586,12000,CARD,LTE,-62.0,,4.0
CUST04903,SUB04903,PROD002,2348077571269,Customer 4903,Female,60+,Enugu,South East,,2025-01-14,active,Prepaid,monthly,Nova Unlimited Voice,Voice,12000,,,764,12000,Card,LTE,-999.0,2.0,5.0
CUST04904,SUB04904,PROD003,2348045234828,Customer 4904,Male,18-25,lagos,South South,Premium,2021-07-05,Suspended,Prepaid,Annual,Nova Hybrid Plus,Bundle,18000,74091,,304,18000,Bank Transfer,,,5.0,
CUST04905,SUB04905,PROD004,2348085127399,Customer 4905,M,26-35,lagos,North West,Basic,2025-11-15,Cancelled,Prepaid,Monthly,Nova SME Connect,Business,35000,29123,,178,35000,Card,,-999.0,1.0,
CUST04906,SUB04906,PROD005,2348037589328,Customer 4906,Male,26-35,LAGOS,North Central,premium ,2021-09-19,Cancelled,Postpaid,No contract,Nova Starter,Bundle,8000,13927,,372,8000,,,-999.0,2.0,5.0
CUST04907,SUB04907,PROD004,2348030944919,Customer 4907,M,36-45,Port Harcourt,South West,,2024-09-08,Cancelled,POSTPAID,ANNUAL,Nova SME Connect,Business,35000,17401,,594,35000,Bank Transfer,,,,
CUST04908,SUB04908,PROD005,2348044688841,Customer 4908,F,46-60,portharcourt,North West,Basic,2024-02-21,,post paid,ANNUAL,Nova Starter,Bundle,8000,17433,,777,8000,USSD,LTE,-104.0,,3.0
CUST04909,SUB04909,PROD005,2348067604433,Customer 4909,,26-35,Port Harcourt,North Central,Basic,2024-01-28,ACTIVE,Postpaid,No contract,Nova Starter,Bundle,8000,,,786,,bank transfer,,,,
CUST04910,SUB04910,PROD003,2348021928518,Customer 4910,Female,, Abuja ,North Central,,2021-10-10,Suspended,Postpaid,ANNUAL,Nova Hybrid Plus,Bundle,18000,60444,,703,,bank transfer,4G,-107.0,,3.0
CUST04911,SUB04911,PROD004,2348055943724,Customer 4911,F,46-60,lagos,South East,Basic,2022-08-30,Active,Prepaid,monthly,Nova SME Connect,Business,35000,45000MB,3688.0,213,,,4g,-999.0,0.0,5.0
CUST04912,SUB04912,PROD002,2348065250768,Customer 4912,Female,60+,Port Harcourt,South South,Premium,2024-06-18,Active,post paid,ANNUAL,Nova Unlimited Voice,Voice,12000,24639,,53,12000,Bank Transfer,4g,-80.0,1.0,5.0
CUST04913,SUB04913,PROD002,2348014598969,Customer 4913,M,36-45,Lagos,North West,STANDARD,2022-01-21,Active,post paid,Monthly,Nova Unlimited Voice,Voice,12000,87460,,522,12000,USSD,5G,-103.0,,5.0
CUST04914,SUB04914,PROD005,2348079518248,Customer 4914,F,,,South East,STANDARD,2025-08-29,Active,prepaid,Monthly,Nova Starter,Bundle,8000,45000MB,,448,,USSD,4G,,0.0,2.0
CUST04915,SUB04915,PROD001,2348020631119,Customer 4915,Female,26-35,Enugu,South South,Basic,2025-03-18,Active,Postpaid,ANNUAL,Nova Premium 5G,Data,25000,45000MB,,94,,bank transfer,4G,,5.0,4.0
CUST04916,SUB04916,PROD001,2348094045335,Customer 4916,FEMALE,60+,,North West,Corporate,2025-10-11,Active,post paid,Monthly,Nova Premium 5G,Data,25000,,2764.0,469,25000,,4G,-999.0,1.0,3.0
CUST04917,SUB04917,PROD004,2348090103046,Customer 4917,Male,,portharcourt,South South,premium ,2023-08-24,cancelled,Postpaid,Monthly,Nova SME Connect,Business,35000,,1803.0,752,35000,Bank Transfer,4G,-999.0,,
CUST04918,SUB04918,PROD003,2348043273481,Customer 4918,Male,18-25,Lagos,South West,Premium,2021-06-29,Cancelled,POSTPAID,monthly,Nova Hybrid Plus,Bundle,18000,45000MB,,638,18000,Card,3G,-999.0,5.0,4.0
CUST04919,SUB04919,PROD002,2348092471818,Customer 4919,Male,18-25,Ibadan,South South,Premium,2021-02-01,SUSPENDED,POSTPAID,No contract,Nova Unlimited Voice,Voice,12000,45000MB,3255.0,148,12000,,5G,-57.0,2.0,4.0
CUST04920,SUB04920,PROD005,2348059835413, Customer 4920 ,Male,18-25,,South South,Basic,2021-10-19,Actv,POSTPAID,Annual,Nova Starter,Bundle,8000,,,365,8000,bank transfer,,,5.0,5.0
CUST04921,SUB04921,PROD002,2348068804029,Customer 4921,,36-45,LAGOS,South East,STANDARD,2025-11-04,Suspended,post paid,ANNUAL,Nova Unlimited Voice,Voice,12000,4366,,420,12000,Bank Transfer,,,0.0,3.0
CUST04922,SUB04922,PROD002,2348024290477,Customer 4922,Female,46-60,Lagos,South South,premium ,2023-07-04,Cancelled,Postpaid,monthly,Nova Unlimited Voice,Voice,12000,61183,,400,12000,CARD,3G,-999.0,2.0,4.0
CUST04923,SUB04923,PROD003,2348094356255,Customer 4923,FEMALE,36-45,Enugu,South South,STANDARD,2021-06-02,Suspended,POSTPAID,ANNUAL,Nova Hybrid Plus,Bundle,18000,,,493,18000,,LTE,-106.0,0.0,5.0
CUST04924,SUB04924,PROD005,2348043305510,Customer 4924,F,,Enugu,South West,STANDARD,2024-08-03,Active,Prepaid,ANNUAL,Nova Starter,Bundle,8000,40913,2195.0,736,8000,USSD,4g,,5.0,
CUST04925,SUB04925,PROD004,2348033103688,Customer 4925,male,60+,lagos,North West,STANDARD,03/12/2022,cancelled,Prepaid,Monthly,Nova SME Connect,Business,35000,45000MB,3974.0,442,35000,,,-999.0,5.0,4.0
CUST04926,SUB04926,PROD004,2348043488163,Customer 4926,Female,26-35,Kano,North West,premium ,2021-02-11,SUSPENDED,post paid,Monthly,Nova SME Connect,Business,35000,,,595,35000,Bank Transfer,3G,-999.0,0.0,2.0
CUST04927,SUB04927,PROD005,2348090648928,Customer 4927,Male,60+,Kano,South South,premium ,2024-03-02,active,post paid,Annual,Nova Starter,Bundle,8000,,,47,,Bank Transfer,,,5.0,1.0
CUST04928,SUB04928,PROD003,2348034758854,Customer 4928,Female,46-60,Port Harcourt,South South,Corporate,2022-02-06,,Postpaid,ANNUAL,Nova Hybrid Plus,Bundle,18000,45000MB,,694,18000,,3G,,,1.0
CUST04929,SUB04929,PROD005,2348073763479,Customer 4929,,46-60,lagos,North West,Premium,2022-10-14,active,POSTPAID,Monthly,Nova Starter,Bundle,8000,,2486.0,594,8000,Cash,5G,,5.0,5.0
CUST04930,SUB04930,PROD004,2348070037955,Customer 4930,male,46-60,Port Harcourt,North Central,Standard,2024-03-03,SUSPENDED,POSTPAID,No contract,Nova SME Connect,Business,35000,,608.0,591,35000,USSD,LTE,-999.0,0.0,3.0
CUST04931,SUB04931,PROD004,2348034524002,Customer 4931,F,60+,Port Harcourt,North West,,2023-05-25,active,Prepaid,Monthly,Nova SME Connect,Business,35000,61951,1744.0,480,35000,Cash,4g,,1.0,
CUST04932,SUB04932,PROD002,2348071150073,Customer 4932,Female,46-60,LAGOS,South South,Standard,2022-08-24,active,Prepaid,No contract,Nova Unlimited Voice,Voice,12000,45000MB,,258,12000,USSD,4g,-72.0,,3.0
CUST04933,SUB04933,PROD002,2348034885563,Customer 4933,FEMALE,18-25,,South South,STANDARD,2022-05-15,Suspended,Postpaid,Annual,Nova Unlimited Voice,Voice,12000,10913,2910.0,410,,USSD,,-999.0,1.0,4.0
CUST04934,SUB04934,PROD002,2348020892082,Customer 4934,m ,46-60,,South West,Basic,2023-04-09,SUSPENDED,post paid,ANNUAL,Nova Unlimited Voice,Voice,12000,40476,,579,12000,Cash,3G,-84.0,2.0,2.0
CUST04935,SUB04935,PROD003,2348055020937,Customer 4935,Male,60+,portharcourt,South West,STANDARD,2021-02-16,Active,prepaid,Annual,Nova Hybrid Plus,Bundle,18000,57565,,417,18000,bank transfer,4g,,1.0,2.0
CUST04936,SUB04936,PROD004,2348023426594,Customer 4936,Male,18-25,Port Harcourt,North West,Standard,2022-01-01,,POSTPAID,Annual,Nova SME Connect,Business,35000,45000MB,,495,35000,Cash,LTE,-999.0,0.0,
CUST04937,SUB04937,PROD004,2348050271463,Customer 4937,Male,18-25, Abuja ,South West,,2021-05-30,Active,Postpaid,No contract,Nova SME Connect,Business,35000,45000MB,368.0,320,35000,,4g,-999.0,5.0,4.0
CUST04938,SUB04938,PROD005,2348074101653,Customer 4938,Female,46-60,LAGOS,North West,STANDARD,2022-11-16,Active,Prepaid,ANNUAL,Nova Starter,Bundle,8000,88536,,203,8000,bank transfer,4G,,,1.0
CUST04939,SUB04939,PROD001,2348013400170,Customer 4939,Male,46-60,,North Central,Standard,2025-10-21,active,prepaid,Monthly,Nova Premium 5G,Data,25000,45000MB,,328,25000,,LTE,,,5.0
CUST04940,SUB04940,PROD004,2348017858227, Customer 4940 ,Female,60+,Port Harcourt,South East,Standard,2025-03-12,Cancelled,Postpaid,monthly,Nova SME Connect,Business,35000,71493,1388.0,144,35000,USSD,3G,-103.0,1.0,2.0
CUST04941,SUB04941,PROD001,2348032002820,Customer 4941,,,,South East,Basic,2023-08-25,Active,post paid,No contract,Nova Premium 5G,Data,25000,,,714,25000,bank transfer,,-99.0,,2.0
CUST04942,SUB04942,PROD001,2348061186540,Customer 4942,Female,46-60,Port Harcourt,South East,premium ,2022-06-24,Suspended,prepaid,ANNUAL,Nova Premium 5G,Data,25000,63379,575.0,491,,USSD,4G,-999.0,2.0,
CUST04943,SUB04943,PROD004,2348032806070,Customer 4943,female,26-35,LAGOS,South East,Premium,2021-08-18,,Postpaid,Monthly,Nova SME Connect,Business,35000,45000MB,,576,,Cash,,,5.0,2.0
CUST04944,SUB04944,PROD002,2348041170154,Customer 4944,Male,36-45,,South South,Basic,2023-01-02,Cancelled,prepaid,monthly,Nova Unlimited Voice,Voice,12000,,,407,12000,,,-999.0,1.0,
CUST04945,SUB04945,PROD002,2348049336882,Customer 4945,Male,60+,Ibadan,South East,Basic,2021-10-30,Cancelled,POSTPAID,monthly,Nova Unlimited Voice,Voice,12000,45000MB,,468,12000,USSD,5G,-73.0,0.0,4.0
CUST04946,SUB04946,PROD002,2348026230756,Customer 4946,M,18-25,Abuja,North West,premium ,2023-04-20,Cancelled,Postpaid,monthly,Nova Unlimited Voice,Voice,12000,45000MB,2426.0,638,12000,Bank Transfer,5G,-106.0,0.0,3.0
CUST04947,SUB04947,PROD005,2348035289217,Customer 4947,female,18-25,Port Harcourt,South South,Premium,2024-03-11,Active,Postpaid,monthly,Nova Starter,Bundle,8000,16315,2423.0,153,,Cash,4G,-999.0,1.0,
CUST04948,SUB04948,PROD005,2348085945671,Customer 4948,Female,36-45,Kano,South South,premium ,2022-03-04,Active,Postpaid,ANNUAL,Nova Starter,Bundle,8000,,156.0,76,8000,Card,3G,-999.0,,
CUST04949,SUB04949,PROD001,2348069971830,Customer 4949,M,26-35,,South South,premium ,2021-10-25,Actv,prepaid,Monthly,Nova Premium 5G,Data,25000,45000MB,,254,25000,Card,LTE,-74.0,5.0,2.0
CUST04950,SUB04950,PROD005,2348035700407,Customer 4950,Male,60+,Kano,South East,,14/08/2024,SUSPENDED,Postpaid,monthly,Nova Starter,Bundle,8000,,,385,,Card,4G,,,2.0
CUST04951,SUB04951,PROD002,2348058877397,Customer 4951,male,,Port Harcourt,South West,Basic,2023-06-08,ACTIVE,Postpaid,Monthly,Nova Unlimited Voice,Voice,12000,20613,,311,12000,,3G,-109.0,1.0,3.0
CUST04952,SUB04952,PROD005,2348040480633,Customer 4952,m ,46-60,Enugu,South South,premium ,2022-01-01,active,prepaid,monthly,Nova Starter,Bundle,8000,45000MB,,230,,bank transfer,LTE,-52.0,,4.0
CUST04953,SUB04953,PROD005,2348038404860,Customer 4953,MALE,,,South West,STANDARD,2022-02-14,Suspended,Prepaid,Monthly,Nova Starter,Bundle,8000,13994,2342.0,280,8000,USSD,5G,-67.0,0.0,2.0
CUST04954,SUB04954,PROD004,2348094747106,Customer 4954,Female,,,South West,Corporate,2025-04-09,Active,Postpaid,ANNUAL,Nova SME Connect,Business,35000,45000MB,,331,35000,USSD,4g,,,3.0
CUST04955,SUB04955,PROD003,2348029247639,Customer 4955,,46-60,Ibadan,South West,,2025-11-20,Active,POSTPAID,Annual,Nova Hybrid Plus,Bundle,18000,6369,1878.0,483,18000,bank transfer,4G,-108.0,,
CUST04956,SUB04956,PROD005,2348038202763,Customer 4956,Female,18-25,Enugu,North West,,2023-10-28,active,Prepaid,Annual,Nova Starter,Bundle,8000,45000MB,2555.0,794,8000,,3G,-107.0,1.0,
CUST04957,SUB04957,PROD004,2348034576482,Customer 4957,Male,,lagos,South East,premium ,2023-12-31,Suspended,post paid,monthly,Nova SME Connect,Business,35000,10709,3849.0,462,35000,bank transfer,LTE,,5.0,2.0
CUST04958,SUB04958,PROD003,2348038706350,Customer 4958,Female,36-45,Abuja,North Central,Standard,2024-02-28,Active,Prepaid,Monthly,Nova Hybrid Plus,Bundle,18000,10053,2690.0,259,,USSD,3G,,2.0,4.0
CUST04959,SUB04959,PROD004,2348070167344,Customer 4959,Female,46-60,Port Harcourt,North West,Standard,2022-10-29,Active,Postpaid,No contract,Nova SME Connect,Business,35000,69145,486.0,483,,Card,3G,-94.0,0.0,1.0
CUST04960,SUB04960,PROD001,2348036994154, Customer 4960 ,female,26-35,,South West,STANDARD,2024-01-23,SUSPENDED,Postpaid,monthly,Nova Premium 5G,Data,25000,,,453,25000,Bank Transfer,5G,,2.0,
CUST04961,SUB04961,PROD004,2348024802991,Customer 4961,m ,60+,Kano,North West,Premium,2022-05-03,Cancelled,POSTPAID,monthly,Nova SME Connect,Business,35000,,1254.0,78,35000,USSD,5G,-999.0,,2.0
CUST04962,SUB04962,PROD001,2348023254932,Customer 4962,Male,26-35,LAGOS,South West,Corporate,2022-12-09,SUSPENDED,post paid,No contract,Nova Premium 5G,Data,25000,73615,3912.0,425,25000,USSD,3G,-999.0,0.0,5.0
CUST04963,SUB04963,PROD005,2348035702078,Customer 4963,F,,lagos,South West,Standard,2021-05-01,Suspended,Prepaid,Annual,Nova Starter,Bundle,8000,45000MB,,410,8000,Card,4G,-91.0,0.0,1.0
CUST04964,SUB04964,PROD003,2348027916446,Customer 4964,F,46-60,LAGOS,South South,premium ,2022-12-23,Suspended,post paid,Monthly,Nova Hybrid Plus,Bundle,18000,26835,3736.0,195,,Cash,4g,-999.0,5.0,4.0
CUST04965,SUB04965,PROD003,2348027624086,Customer 4965,MALE,46-60,Abuja,South West,Premium,2022-11-26,cancelled,Prepaid,No contract,Nova Hybrid Plus,Bundle,18000,45000MB,3220.0,360,18000,CARD,4G,-999.0,5.0,1.0
CUST04966,SUB04966,PROD001,2348065909883,Customer 4966,M,60+,,North West,STANDARD,2021-05-31,active,Postpaid,monthly,Nova Premium 5G,Data,25000,,1132.0,590,,bank transfer,,-83.0,5.0,4.0
CUST04967,SUB04967,PROD001,2348041222327,Customer 4967,Unknown,18-25,Port Harcourt,South West,Basic,2025-05-25,Cancelled,prepaid,monthly,Nova Premium 5G,Data,25000,45292,,666,,,,-999.0,2.0,5.0
CUST04968,SUB04968,PROD003,2348070804379,Customer 4968,Female,, Abuja ,North West,STANDARD,2025-06-01,Active,post paid,monthly,Nova Hybrid Plus,Bundle,18000,45000MB,,696,18000,,4g,,1.0,
CUST04969,SUB04969,PROD001,2348081473888,Customer 4969,Male,60+,Kano,South West,Standard,2025-11-10,Cancelled,Postpaid,ANNUAL,Nova Premium 5G,Data,25000,84065,1085.0,79,25000,USSD,,-109.0,1.0,5.0
CUST04970,SUB04970,PROD004,2348098785203,Customer 4970,,,Lagos,South South,premium ,2021-09-05,active,Prepaid,ANNUAL,Nova SME Connect,Business,35000,12115,,360,35000,Bank Transfer,4g,,0.0,3.0
CUST04971,SUB04971,PROD002,2348027062291,Customer 4971,Female,60+,Kano,North Central,Corporate,2022-10-15,ACTIVE,Postpaid,Annual,Nova Unlimited Voice,Voice,12000,56840,155.0,483,12000,,,-999.0,,
CUST04972,SUB04972,PROD003,2348063142819,Customer 4972,Male,18-25,Kano,South West,Standard,2023-11-08,ACTIVE,POSTPAID,monthly,Nova Hybrid Plus,Bundle,18000,,,170,,Cash,5G,,1.0,1.0
CUST04973,SUB04973,PROD001,2348074891592,Customer 4973,Female,26-35,portharcourt,North West,STANDARD,2022-07-04,,Postpaid,Monthly,Nova Premium 5G,Data,25000,45000MB,,5,25000,Bank Transfer,4g,-999.0,1.0,1.0
CUST04974,SUB04974,PROD001,2348041402116,Customer 4974,Female,36-45,Port Harcourt,North Central,Standard,2025-07-16,Active,post paid,Annual,Nova Premium 5G,Data,25000,,2954.0,429,25000,USSD,5G,-67.0,0.0,1.0
CUST04975,SUB04975,PROD005,2348081133336,Customer 4975,Female,,Enugu,North Central,Standard,04/08/2022,active,POSTPAID,ANNUAL,Nova Starter,Bundle,8000,,,578,8000,Cash,5G,-999.0,1.0,4.0
CUST04976,SUB04976,PROD003,2348068407422,Customer 4976,Female,26-35,Ibadan,North Central,Basic,2024-02-19,Suspended,Prepaid,Annual,Nova Hybrid Plus,Bundle,18000,45000MB,,151,18000,Card,5G,-999.0,,4.0
CUST04977,SUB04977,PROD005,2348041669765,Customer 4977,Male,60+,Kano,North West,Corporate,2025-01-28,Active,post paid,Annual,Nova Starter,Bundle,8000,63188,3647.0,401,,bank transfer,3G,,5.0,1.0
CUST04978,SUB04978,PROD002,2348053729440,Customer 4978,Male,18-25,Kano,South South,Basic,2022-04-13,active,Prepaid,ANNUAL,Nova Unlimited Voice,Voice,12000,26493,1375.0,296,12000,Card,4G,-77.0,1.0,5.0
CUST04979,SUB04979,PROD002,2348012830201,Customer 4979,Female,18-25,Enugu,South South,Standard,2025-12-05,SUSPENDED,Prepaid,Monthly,Nova Unlimited Voice,Voice,12000,45000MB,657.0,578,12000,,4g,,0.0,
CUST04980,SUB04980,PROD003,2348059109672, Customer 4980 ,male,18-25,Kano,South South,Premium,2021-09-20,,prepaid,Monthly,Nova Hybrid Plus,Bundle,18000,45000MB,,196,18000,Card,LTE,-999.0,,4.0
CUST04981,SUB04981,PROD002,2348070447116,Customer 4981,Male,18-25, Abuja ,South East,Standard,2021-06-16,Actv,Postpaid,ANNUAL,Nova Unlimited Voice,Voice,12000,,,124,12000,,4G,-999.0,,3.0
CUST04982,SUB04982,PROD003,2348049680117,Customer 4982,female,46-60,Ibadan,South West,,2024-07-10,SUSPENDED,post paid,ANNUAL,Nova Hybrid Plus,Bundle,18000,,,339,18000,CARD,4G,,5.0,2.0
CUST04983,SUB04983,PROD005,2348065924259,Customer 4983,Female,18-25,Port Harcourt,North Central,premium ,2023-07-23,ACTIVE,post paid,ANNUAL,Nova Starter,Bundle,8000,,,660,,USSD,4g,,,3.0
CUST04984,SUB04984,PROD005,2348052676899,Customer 4984,,60+,Abuja,North Central,Basic,2024-01-23,Active,Postpaid,Annual,Nova Starter,Bundle,8000,41038,,472,8000,USSD,,,0.0,2.0
CUST04985,SUB04985,PROD004,2348014920612,Customer 4985,Male,18-25,Ibadan,North Central,premium ,2021-01-23,,POSTPAID,Annual,Nova SME Connect,Business,35000,77606,1276.0,430,35000,Card,3G,-999.0,,5.0
CUST04986,SUB04986,PROD004,2348066105255,Customer 4986,Unknown,46-60,Port Harcourt,South West,premium ,2021-04-25,cancelled,Prepaid,No contract,Nova SME Connect,Business,35000,73310,3880.0,757,35000,CARD,4G,-999.0,2.0,5.0
CUST04987,SUB04987,PROD004,2348088182368,Customer 4987,F,18-25,Port Harcourt,South South,,2021-11-02,active,prepaid,Annual,Nova SME Connect,Business,35000,74028,1104.0,119,35000,Bank Transfer,4g,-63.0,5.0,4.0
CUST04988,SUB04988,PROD001,2348045186782,Customer 4988,Female,,portharcourt,South West,premium ,2025-04-03,SUSPENDED,Postpaid,Annual,Nova Premium 5G,Data,25000,,1431.0,332,25000,USSD,3G,-999.0,1.0,3.0
CUST04989,SUB04989,PROD002,2348079388143,Customer 4989,M,46-60,LAGOS,South West,Standard,2024-05-23,Cancelled,Postpaid,No contract,Nova Unlimited Voice,Voice,12000,45000MB,3725.0,420,,Cash,3G,-999.0,,4.0
CUST04990,SUB04990,PROD002,2348025082702,Customer 4990,male,60+,Ibadan,South East,,2021-09-01,ACTIVE,POSTPAID,ANNUAL,Nova Unlimited Voice,Voice,12000,5621,,627,,CARD,3G,-70.0,5.0,5.0
CUST04991,SUB04991,PROD005,2348027077190,Customer 4991,,18-25,Port Harcourt,South West,Premium,2021-10-04,cancelled,POSTPAID,monthly,Nova Starter,Bundle,8000,45000MB,2069.0,297,8000,Card,5G,-54.0,,2.0
CUST04992,SUB04992,PROD001,2348050887084,Customer 4992,Female,46-60,LAGOS,South South,Standard,2024-08-01,Cancelled,Prepaid,ANNUAL,Nova Premium 5G,Data,25000,,908.0,795,25000,Bank Transfer,4g,-999.0,0.0,3.0
CUST04993,SUB04993,PROD003,2348051451738,Customer 4993,Female,36-45,Ibadan,North Central,Corporate,2022-07-31,active,post paid,No contract,Nova Hybrid Plus,Bundle,18000,,,770,18000,bank transfer,LTE,,5.0,
CUST04994,SUB04994,PROD002,2348055225882,Customer 4994,Female,18-25,Ibadan,South East,STANDARD,2023-12-25,,post paid,monthly,Nova Unlimited Voice,Voice,12000,45000MB,,607,12000,Card,4g,-999.0,1.0,5.0
CUST04995,SUB04995,PROD004,2348018458397,Customer 4995,Male,60+,portharcourt,South West,Standard,2024-05-09,,post paid,Monthly,Nova SME Connect,Business,35000,45000MB,1746.0,101,35000,,5G,-999.0,,3.0
CUST04996,SUB04996,PROD004,2348051843618,Customer 4996,Male,18-25,Kano,North Central,Premium,2023-02-27,Cancelled,Postpaid,monthly,Nova SME Connect,Business,35000,65889,3900.0,226,,USSD,3G,,5.0,4.0
CUST04997,SUB04997,PROD003,2348038576108,Customer 4997,male,36-45,lagos,North Central,Basic,2021-12-05,Actv,prepaid,Annual,Nova Hybrid Plus,Bundle,18000,45000MB,2073.0,777,18000,bank transfer,LTE,-101.0,2.0,4.0
CUST04998,SUB04998,PROD003,2348072642090,Customer 4998,Male,46-60,Ibadan,North West,Standard,2021-08-14,active,post paid,ANNUAL,Nova Hybrid Plus,Bundle,18000,14795,,66,18000,,4g,,1.0,3.0
CUST04999,SUB04999,PROD003,2348029950713,Customer 4999,,,,North West,Standard,2024-05-16,Active,prepaid,ANNUAL,Nova Hybrid Plus,Bundle,18000,,,462,,Bank Transfer,3G,-71.0,0.0,5.0
CUST05000,SUB05000,PROD002,2348081318684, Customer 5000 ,Female,60+,portharcourt,North West,,16/10/2021,Cancelled,post paid,No contract,Nova Unlimited Voice,Voice,12000,,759.0,367,12000,Cash,4G,-68.0,2.0,4.0
